CASE_ID,ACCIDENT_YEAR,PROC_DATE,JURIS,COLLISION_DATE,COLLISION_TIME,OFFICER_ID,REPORTING_DISTRICT,DAY_OF_WEEK,CHP_SHIFT,POPULATION,CNTY_CITY_LOC,SPECIAL_COND,BEAT_TYPE,CHP_BEAT_TYPE,CITY_DIVISION_LAPD,CHP_BEAT_CLASS,BEAT_NUMBER,PRIMARY_RD,SECONDARY_RD,DISTANCE,DIRECTION,INTERSECTION,WEATHER_1,WEATHER_2,STATE_HWY_IND,CALTRANS_COUNTY,CALTRANS_DISTRICT,STATE_ROUTE,ROUTE_SUFFIX,POSTMILE_PREFIX,POSTMILE,LOCATION_TYPE,RAMP_INTERSECTION,SIDE_OF_HWY,TOW_AWAY,COLLISION_SEVERITY,NUMBER_KILLED,NUMBER_INJURED,PARTY_COUNT,PRIMARY_COLL_FACTOR,PCF_CODE_OF_VIOL,PCF_VIOL_CATEGORY,PCF_VIOLATION,PCF_VIOL_SUBSECTION,HIT_AND_RUN,TYPE_OF_COLLISION,MVIW,PED_ACTION,ROAD_SURFACE,ROAD_COND_1,ROAD_COND_2,LIGHTING,CONTROL_DEVICE,CHP_ROAD_TYPE,PEDESTRIAN_ACCIDENT,BICYCLE_ACCIDENT,MOTORCYCLE_ACCIDENT,TRUCK_ACCIDENT,NOT_PRIVATE_PROPERTY,ALCOHOL_INVOLVED,STWD_VEHTYPE_AT_FAULT,CHP_VEHTYPE_AT_FAULT,COUNT_SEVERE_INJ,COUNT_VISIBLE_INJ,COUNT_COMPLAINT_PAIN,COUNT_PED_KILLED,COUNT_PED_INJURED,COUNT_BICYCLIST_KILLED,COUNT_BICYCLIST_INJURED,COUNT_MC_KILLED,COUNT_MC_INJURED,PRIMARY_RAMP,SECONDARY_RAMP,LATITUDE,LONGITUDE,COUNTY,CITY,POINT_X,POINT_Y
94517168,2024,2024-12-26,9220,2024-12-19,1936,019200,,4,2,4,3104,0,1,1,,2,281,"I-80 W/B",SR-65,2376.00,E,N,E,-,Y,PLA,,80," "," ",4.626,H,,L,Y,2,0,1,1,A,-,01,23152,A,N,E,8,A,A,H,-,D,D,0,,,,,Y,Y,D,22,1,0,0,0,0,0,0,0,0,"- ","- ",38.774269104003906,-121.2421875,PLACER,ROCKLIN,-121.2420654296875,38.774150848388672
6334776,2014,2014-06-04,3101,2014-01-19,1427,P14,,7,5,3,3101,0,0,0,,0,002,"AUBURN FOLSOM RD","KIDDER CT",0.00,,Y,A,-,N,,,,,,,,,,Y,2,0,2,2,A,-,09,21801,A,N,F,C,A,A,H,-,A,A,0,,,Y,,Y,,A,01,1,1,0,0,0,0,0,0,2,"- ","- ",,,PLACER,AUBURN,-121.08364284,38.874552209999997
9152662,2020,2020-11-19,3105,2020-09-13,1948,1141,,7,5,5,3105,0,0,0,,0,006,"WASHINGTON BL","ROSEVILLE PKWY",0.00,,Y,F,-,N,,,,,,,,,,Y,2,0,2,2,A,-,01,23152,A,N,E,I,A,A,H,-,C,D,0,,,Y,,Y,Y,C,02,1,1,0,0,0,0,0,0,1,"- ","- ",38.787349700927734,-121.30065155029297,PLACER,ROSEVILLE,-121.30066680908203,38.787338256835938
91557320,2021,2021-08-27,9221,2021-08-21,2500,017979,,6,4,9,3100,0,3,5,,2,070,"HAMPSHIRE ROCKS RD","S. YUBA RIVER / BIG BEND BRIDGE",530.00,W,N,A,-,N,,,,,,,,,,N,2,0,1,1,A,-,08,22107,,N,E,J,A,A,H,-,D,D,0,,,,,Y,,D,22,1,0,0,0,0,0,0,0,0,"- ","- ",39.305900573730469,-120.52774810791016,PLACER,UNINCORPORATED,,
92094554,2023,2023-06-15,9222,2023-06-11,1955,021167,,7,2,9,3100,0,1,3,,1,011,SR-89,"BRIDGE #3",1285.00,N,N,B,-,Y,PLA,,89," "," ",14.478,H,,R,Y,2,0,1,1,A,-,01,23152,A,N,E,I,A,B,H,-,B,D,0,,,,,Y,Y,A,01,1,0,0,0,0,0,0,0,0,"- ","- ",39.215110778808594,-120.20204925537109,PLACER,UNINCORPORATED,-120.20198059082031,39.215126037597656
9630516,2023,2023-11-03,3103,2023-09-10,1433,DALEE,L5,7,5,2,3103,0,0,0,,0,0L3,"MCBEAN PARK DR","LINCOLN BL",0.00,,Y,A,-,N,,,,,,,,,,Y,2,0,1,1,A,-,01,23152,A,M,E,I,A,A,H,-,A,A,0,,,,,Y,Y,A,01,1,0,0,0,0,0,0,0,0,"- ","- ",38.890510559082031,-121.29279327392578,PLACER,LINCOLN,-121.29280090332031,38.890510559082031
9660863,2023,2024-06-27,3104,2023-01-14,1238,296,42,6,5,4,3104,0,0,0,,0,001,"SIERRA COLLEGE BL","SCHRIBER WY",0.00,,Y,A,-,N,,,,,,,,,,Y,2,0,2,2,A,-,12,21453,A,N,D,C,A,B,H,-,A,A,0,,,,,Y,,A,07,1,1,0,0,0,0,0,0,0,"- ","- ",38.800521850585938,-121.20538330078125,PLACER,ROCKLIN,-121.20552062988281,38.799442291259766
90458752,2017,2017-05-18,9220,2017-05-10,2130,012239,,3,2,9,3100,0,1,3,,1,265,"SR-65 SOUTHBOUND","BLUE OAKS BL O/C",15.00,S,N,A,-,Y,,,,,,,,,,Y,2,0,2,1,A,-,08,22107,,N,H,I,A,A,H,-,D,D,0,,,,,Y,,A,01,1,0,1,0,0,0,0,0,0,"- ","- ",38.23563,-121.87772,PLACER,UNINCORPORATED,,
91237051,2020,2020-05-13,9220,2020-04-14,1105,015272,,2,1,9,3100,0,2,4,,1,013,"WALERGA RD","DOYLE RANCH DR",701.00,S,N,A,-,N,,,,,,,,,,Y,2,0,3,2,A,-,01,23152,A,N,A,C,A,A,D,-,A,A,0,,,,,Y,Y,D,22,2,1,0,0,0,0,0,0,0,"- ","- ",38.73822021484375,-121.36473083496094,PLACER,UNINCORPORATED,-121.36468505859375,38.738395690917969
92111951,2023,2023-07-07,9220,2023-05-08,1445,016429,,1,2,9,3100,0,2,4,,2,022,"DOUGLAS BLVD","BERG ST",808.00,E,N,B,-,N,,,,,,,,,,Y,1,1,1,3,A,-,03,22350,,N,D,C,A,A,H,-,A,D,0,,,Y,,Y,,C,02,0,1,0,0,0,0,0,1,0,"- ","- ",38.744220733642578,-121.19573974609375,PLACER,UNINCORPORATED,-121.19580078125,38.744102478027344
9177742,2020,2020-12-15,3103,2020-10-13,1629,CSOBE,L3,2,5,2,3103,0,0,0,,0,0L1,"5TH ST","H ST",0.00,,Y,A,-,N,,,,,,,,,,N,2,0,1,2,A,-,03,22350,,N,D,C,A,A,H,-,A,A,0,,,Y,,Y,,C,02,1,0,0,0,0,0,0,0,1,"- ","- ",38.891819000244141,-121.2940673828125,PLACER,LINCOLN,-121.29409027099609,38.891811370849609
9769751,2024,2025-01-08,3101,2024-12-08,1550,A824,AU06,7,5,3,3101,0,0,0,,0,0A2,"AUBURN FOLSOM RD","SOUTHRIDGE DR",0.00,,N,A,-,N,,,,,,,,,,N,2,0,1,2,A,-,09,21804,,N,H,G,A,A,H,-,A,D,0,,,,,Y,,-,,1,0,0,0,0,0,0,0,0,"- ","- ",38.874568939208984,-121.08363342285156,PLACER,AUBURN,-121.08362579345703,38.874565124511719
90720013,2018,2018-05-04,9220,2018-04-27,0120,017397,,5,3,9,3100,0,3,5,,2,010,"ATHENS AVE","THUNDER VALLEY COURT",1640.00,W,N,A,-,N,,,,,,,,,,Y,2,0,3,2,A,-,09,21804,A,N,D,C,A,A,H,-,C,D,0,,,,,Y,,A,07,2,1,0,0,0,0,0,0,0,"- ","- ",38.83905029296875,-121.31768798828125,PLACER,UNINCORPORATED,-121.31748962402344,38.839015960693359
90778890,2018,2018-07-27,9220,2018-07-21,1020,015242,,6,1,9,3100,0,3,5,,2,030,"GLADDING RD","FLEMING RD",51.00,N,N,A,-,N,,,,,,,,,,N,2,0,1,2,A,-,08,22107,,N,H,G,A,A,H,-,A,D,0,,Y,,,Y,,L,04,1,0,0,0,0,0,1,0,0,"- ","- ",38.963008880615234,-121.29319000244141,PLACER,UNINCORPORATED,-121.29341888427734,38.963161468505859
90906636,2019,2019-01-17,9220,2019-01-14,0556,014438,,1,3,9,3100,0,2,4,,2,027,"AUBURN FOLSOM RD. SOUTHBOUND","LOU PL",20.00,N,N,B,-,N,,,,,,,,,,N,2,0,1,2,A,-,11,21954,A,N,G,B,D,A,H,-,D,D,0,Y,,,,Y,Y,N,60,1,0,0,0,1,0,0,0,0,"- ","- ",38.724651336669922,-121.17539978027344,PLACER,UNINCORPORATED,-121.17535400390625,38.724563598632812
91018012,2019,2019-06-26,9220,2019-06-15,1735,016031,,6,2,9,3100,0,3,5,,2,060,"TODD VALLEY RD","COLD SPRINGS DR",310.00,N,N,A,-,N,,,,,,,,,,Y,2,0,1,2,A,-,08,22107,,N,F,A,A,A,H,-,A,D,0,,,Y,,Y,,A,01,1,0,0,0,0,0,0,0,1,"- ","- ",38.992210388183594,-120.88298797607422,PLACER,UNINCORPORATED,-120.88292694091797,38.992218017578125
91217674,2020,2020-03-27,9220,2020-03-22,1450,016481,,7,2,9,3100,0,3,5,,2,060,"OLD FORESTHILL ROAD","FORESTHILL ROAD",2640.00,W,N,A,-,N,,,,,,,,,,N,2,0,1,1,A,-,08,22107,,N,F,J,A,A,H,-,A,D,0,,,Y,,Y,,C,02,1,0,0,0,0,0,0,0,1,"- ","- ",38.90087890625,-121.40979766845703,PLACER,UNINCORPORATED,-121.05596923828125,38.923240661621094
91221138,2019,2020-04-10,9221,2019-08-14,2310,018579,,3,3,9,3100,0,1,1,,2,385,"I-80 E/B","BAXTER ROAD",99.00,W,N,A,-,Y,,,,,,,,,,Y,1,1,0,1,A,-,01,23152,A,N,E,I,A,A,H,-,D,D,0,,,,,Y,Y,A,01,0,0,0,0,0,0,0,0,0,"- ","- ",39.125160217285156,-120.46369934082031,PLACER,UNINCORPORATED,-120.777099609375,39.214443206787109
91559834,2021,2021-08-31,9220,2021-07-21,1050,013794,,3,1,9,3100,0,1,1,,2,283,"I-80 (E/B)","APPLEGATE O/C (CROTHER ROAD)",5280.00,W,N,A,-,Y,,,80,,,,,,,Y,1,1,0,1,A,-,08,22107,,N,E,8,A,A,H,-,A,D,0,,,,,Y,,A,01,0,0,0,0,0,0,0,0,0,"- ","- ",38.989368438720703,-121.00100708007812,PLACER,UNINCORPORATED,-121.00126647949219,38.9896240234375
92394006,2024,2024-05-20,9220,2024-05-03,"930 ",021442,,5,1,5,3105,0,1,1,,2,281,"I-80 E/B","DOUGLAS BLVD",2851.00,W,N,A,-,Y,PLA,,80," "," ",1.408,H,,R,Y,2,0,1,2,A,-,08,22107,,F,B,2,A,A,H,-,A,D,0,,,,,Y,,-,99,1,0,0,0,0,0,0,0,0,"- ","- ",38.737220764160156,-121.27651977539062,PLACER,ROSEVILLE,-121.27656555175781,38.737247467041016
8658028,2018,2018-08-15,3103,2018-06-27,2131,AELLI,L5,3,5,2,3103,0,0,0,,0,0L3,"LINCOLN BL","GLADDING RD",0.00,,Y,A,-,N,,,,,,,,,,Y,2,0,2,2,A,-,08,22107,,N,D,D,A,A,H,-,C,D,0,,,,,Y,,A,01,1,1,0,0,0,0,0,0,0,"- ","- ",38.899600982666016,-121.29672241210938,PLACER,LINCOLN,-121.2967529296875,38.899631500244141
8846581,2019,2019-10-29,3101,2019-04-26,1100,23,PLACE,5,5,3,3101,0,0,0,,0,002,"RT 49","EL DORADO ST",24.00,S,N,A,-,Y,PLA,3,49,-,-,2.090,H,-,S,Y,2,0,1,1,A,-,03,22350,,N,H,A,A,A,H,-,A,D,0,,,Y,,Y,,C,02,1,0,0,0,0,0,0,0,1,"- ","- ",,,PLACER,AUBURN,-121.04048156738281,38.915451049804688
90471702,2017,2017-06-06,9220,2017-05-18,2330,013676,,4,3,9,3100,0,1,3,,1,267,SR-65,"RIOSA ROAD",10032.00,S,N,A,-,Y,,,65,,,,,,,Y,2,0,1,3,A,-,03,22350,,N,G,B,E,A,C,-,D,D,0,Y,,,Y,Y,,A,01,1,0,0,0,1,0,0,0,0,"- ","- ",38.952770000000001,-121.37097,PLACER,UNINCORPORATED,-121.37094223,38.952777910000002
90719802,2018,2018-05-04,9220,2018-04-21,1420,017375,,6,2,9,3100,0,1,1,,2,283,"I-80 E/B","CROTHER RD",5808.00,W,N,A,-,Y,,,80,,,,,,E,Y,2,0,1,2,A,-,03,22350,,N,C,C,A,A,H,-,A,D,0,,,,Y,Y,,D,22,1,0,0,0,0,0,0,0,0,"- ","- ",38.984970092773438,-121.00575256347656,PLACER,UNINCORPORATED,-121.00576782226562,38.9849853515625
90770828,2018,2018-07-17,9220,2018-07-10,0001,016031,,2,3,9,3100,0,2,4,,1,012,"BASELINE ROAD","PLEASANT GROVE RD",0.00,,N,A,-,N,,,,,,,,,,Y,2,0,2,1,A,-,08,22107,,N,E,I,A,A,H,-,D,D,0,,,,,Y,,A,01,1,1,0,0,0,0,0,0,0,"- ","- ",38.751361846923828,-121.48368072509766,PLACER,UNINCORPORATED,-121.48445892333984,38.751361846923828
90780886,2018,2018-07-31,9220,2018-06-10,0730,014699,,7,1,9,3100,0,1,1,,2,283,"I-80 W/B","BOWMAN RD",115.00,E,N,A,-,Y,,,80,,,,,,W,Y,1,1,0,1,A,-,08,22107,,N,E,I,A,A,H,-,A,D,0,,,,,Y,,A,01,0,0,0,0,0,0,0,0,0,"- ","- ",38.933200836181641,-121.05539703369141,PLACER,UNINCORPORATED,-121.05516052246094,38.933147430419922
90796146,2018,2018-09-24,9220,2018-08-13,1330,016654,,1,1,5,3105,0,1,1,,2,281,"I-80 E/B","RIVERSIDE AVE",300.00,E,N,A,-,Y,,,,,,,,,,Y,2,0,2,1,A,-,08,22107,,N,F,A,A,A,H,-,A,D,0,,,Y,,Y,,C,02,1,1,0,0,0,0,0,0,2,"- ","- ",,,PLACER,ROSEVILLE,-121.28968048095703,38.725532531738281
92107955,2023,2023-07-03,9220,2023-06-22,"45  ",018548,,4,3,9,3100,0,3,5,,2,010,"ATHENS AVE","FIDDYMENT RD",0.00,,Y,A,-,N,,,,,,,,,,Y,2,0,1,1,A,-,01,23152,A,N,F,I,A,A,H,-,C,A,0,,,,,Y,Y,A,01,1,0,0,0,0,0,0,0,0,"- ","- ",38.838939666748047,-121.34947204589844,PLACER,UNINCORPORATED,-121.34939575195312,38.838886260986328
92284915,2023,2024-01-11,9221,2023-12-17,1126,019869,,7,1,9,3100,0,1,1,,2,384,"INTERSTATE 80 WESTBOUND","GOLD RUN ROAD OVER CROSSING",30.00,W,N,B,-,Y,PLA,,80," "," ",41.060,H,,L,Y,2,0,5,2,A,-,03,22350,,N,C,C,A,A,H,-,A,D,0,,,,,Y,,D,22,3,1,1,0,0,0,0,0,0,"- ","- ",39.172710418701172,-120.86277770996094,PLACER,UNINCORPORATED,-120.86277770996094,39.172714233398438
9604393,2023,2024-02-12,3103,2023-07-04,"14  ",32,L8,2,5,2,3103,0,0,0,,0,0L4,"INDUSTRIAL AV","TWELVE BRIDGES DR",2640.00,N,N,A,-,N,,,,,,,,,,N,2,0,1,2,D,-,00,,,N,G,B,F,A,H,-,D,D,0,Y,,,,Y,,-,"- ",1,0,0,0,1,0,0,0,0,"- ","- ",38.851139068603516,-121.30673980712891,PLACER,LINCOLN,-121.30437469482422,38.858104705810547
90962347,2019,2019-04-05,9221,2019-01-14,0550,018530,,1,3,9,3100,0,1,1,,2,385,"I-80 E/B","MONTE VISTA O/C",1584.00,E,N,B,-,Y,,,80,,,,,,E,Y,1,1,0,1,A,-,08,22107,,N,F,I,A,B,H,-,D,D,0,,,,Y,Y,,G,25,0,0,0,0,0,0,0,0,0,"- ","- ",39.189201354980469,-120.82230377197266,PLACER,UNINCORPORATED,-120.82231140136719,39.189220428466797
91154042,2019,2019-12-27,9220,2019-12-22,0335,014282,,7,3,9,3100,0,1,1,,2,281,"I-80 E/B","RIVERSIDE AVE",691.00,W,N,B,-,Y,,,,,,,,,,Y,2,0,2,3,A,-,01,23152,A,M,C,C,A,A,H,-,D,D,0,,,,,Y,Y,A,01,1,1,0,0,0,0,0,0,0,"- ","- ",38.722900390625,-121.29209899902344,PLACER,UNINCORPORATED,-121.29196166992188,38.723480224609375
91302173,2020,2020-09-10,9221,2020-07-26,1635,017979,,7,2,9,3100,0,1,1,,2,386,"W/B I-80","DRUM FOREBAY RD. O/C",4752.00,E,N,A,-,Y,,,80,,,,,,,Y,1,1,1,1,A,-,01,23153,A,N,E,I,A,A,H,-,A,D,0,,,,,Y,Y,A,01,1,0,0,0,0,0,0,0,0,"- ","- ",39.247169494628906,-120.74452209472656,PLACER,UNINCORPORATED,-120.74451446533203,39.247161865234375
91523556,2021,2021-07-19,9220,2021-07-13,2230,018768,,2,3,9,3100,0,2,4,,2,015,"INDUSTRIAL AVE","LON MCANALLY LOOP",410.00,N,N,A,-,N,,,,,,,,,,Y,2,0,2,3,A,-,01,23152,A,N,B,C,A,A,H,-,D,D,0,,,Y,,Y,Y,C,02,2,0,0,0,0,0,0,0,2,"- ","- ",38.831409454345703,-121.30711364746094,PLACER,UNINCORPORATED,,
91868212,2022,2022-09-19,9220,2022-09-17,0238,019373,,6,3,9,3100,0,3,5,,2,020,"CAVITT STALLMAN RD","GREAT OAK CIRCLE",12.00,S,N,A,-,N,,,,,,,,,,Y,2,0,2,1,A,-,01,23152,A,N,E,I,A,A,H,-,C,D,0,,,,,Y,Y,D,22,1,1,0,0,0,0,0,0,0,"- ","- ",38.746288299560547,-121.22418212890625,PLACER,UNINCORPORATED,-121.22405242919922,38.746295928955078
94421245,2024,2024-10-07,9220,2024-09-20,1512,021079,,5,2,9,3100,0,2,4,,2,042,"MOUNT VERNON RD","PUZZLEWOOD LANE",425.00,S,N,A,-,N,,,,,,,,,,Y,2,0,1,1,A,-,01,23152,A,M,E,I,A,A,H,-,A,D,0,,,,,Y,Y,A,07,1,0,0,0,0,0,0,0,0,"- ","- ",38.941581726074219,-121.16558074951172,PLACER,UNINCORPORATED,-121.16555786132812,38.941471099853516
9164821,2020,2020-12-05,3100,2020-09-13,1750,62,,7,5,2,3106,0,0,0,,0,LOP,"HORSESHOE BAR RD","EVANS DR",520.00,S,N,A,-,N,,,,,,,,,,Y,2,0,2,1,A,-,01,23153,A,N,E,I,A,A,H,-,B,D,0,,,,,Y,Y,A,07,2,0,0,0,0,0,0,0,0,"- ","- ",,,PLACER,LOOMIS,-121.18611907958984,38.813751220703125
90315326,2016,2016-11-09,9221,2016-10-22,1625,019671,,6,2,9,3100,0,1,1,,2,385,"I-80 W/B","GOLD RUN OVER-CROSS",1031.00,E,N,A,-,Y,,,80,,,,,,W,Y,2,0,2,1,A,-,08,22107,,N,E,I,A,A,H,-,A,D,0,,,,,Y,,A,01,1,0,1,0,0,0,0,0,0,"- ","- ",39.188029999999998,-120.83463999999999,PLACER,UNINCORPORATED,-120.83455906,39.18888853
90770943,2018,2018-07-17,9222,2018-06-10,0940,019333,,7,1,9,3100,0,1,3,,1,013,"SR-89 SOUTH","CABIN CREEK ROAD",6864.00,S,N,A,-,Y,,,89,,,,,,,Y,1,1,0,2,A,-,08,22107,,N,H,G,A,A,H,-,A,D,0,,Y,,,Y,,A,07,0,0,0,0,0,1,0,0,0,"- ","- ",39.259471893310547,-120.21170043945312,PLACER,UNINCORPORATED,-120.21160888671875,39.259452819824219
91764659,2022,2022-05-04,9220,2022-04-26,1530,019133,,2,2,5,3105,0,1,3,,1,265,"SR-65 S/B","BLUE OAKS BLVD O/C",1911.00,S,N,A,-,Y,PLA,,65,,R,7.671,H,,L,Y,2,0,1,2,A,-,03,22350,,N,F,0,A,A,H,-,A,D,0,,,Y,,Y,,C,02,1,0,0,0,0,0,0,0,1,"- ","- ",38.791160583496094,-121.29292297363281,PLACER,ROSEVILLE,-121.29296112060547,38.791126251220703
6291294,2014,2014-10-06,9220,2014-04-29,2500,15239,,2,4,9,3100,0,2,4,,2,066,"MOSQUITO RIDGE RD","ROAD 96-10",400.00,E,N,A,-,N,,,,,,,,,,Y,1,1,0,1,A,-,03,22350,,N,E,I,A,A,H,-,A,D,0,,,Y,,Y,,C,02,0,0,0,0,0,0,0,1,0,"- ","- ",39.04609,-120.65895,PLACER,UNINCORPORATED,,
6346357,2014,2014-06-05,9220,2014-01-08,2325,016668,,3,3,9,3100,0,2,4,,2,022,"DOUGLAS BL","MOONEY RD",0.00,,Y,B,-,N,,,,,,,,,,Y,2,0,3,2,A,-,12,21453,A,N,D,C,A,A,H,-,C,A,0,,,,,Y,,A,07,2,0,1,0,0,0,0,0,0,"- ","- ",38.743310000000001,-121.15828999999999,PLACER,UNINCORPORATED,-121.15829995,38.743419930000002
6458720,2014,2014-07-11,9220,2014-04-12,1655,014611,,6,2,9,3100,0,3,5,,2,030,"MCCOURTNEY RD","CAMP FAR WEST RD",2640.00,S,N,A,-,N,,,,,,,,,,Y,2,0,2,2,A,-,01,23152,A,N,B,C,A,A,H,-,A,D,0,,,,,Y,Y,A,01,1,1,0,0,0,0,0,0,0,"- ","- ",39.040640000000003,-121.30493,PLACER,UNINCORPORATED,-121.30512975000001,39.041364139999999
6499033,2014,2014-07-21,9220,2014-04-24,0645,13139,9220,4,1,9,3100,0,2,4,,2,076,"KING RD","PENRYN RD",550.00,W,N,A,-,N,,,,,,,,,,N,2,0,1,2,D,-,00,,,N,G,B,E,A,H,-,B,D,0,Y,,,,Y,,-,"- ",1,0,0,0,1,0,0,0,0,"- ","- ",38.824890000000003,-121.16540999999999,PLACER,UNINCORPORATED,-121.17056021,38.825339999999997
6550055,2014,2016-04-05,9220,2014-06-30,1114,016654,,1,1,9,3100,0,1,1,,2,281,"RT 80","ROCKLIN RD",5808.00,W,N,A,-,Y,PLA,3,80,-,-,4.960,H,-,E,Y,2,0,1,2,A,-,08,22107,,N,B,C,A,A,H,-,A,D,1,,,,,Y,,A,01,1,0,0,0,0,0,0,0,0,"- ","- ",38.77543,-121.23950000000001,PLACER,UNINCORPORATED,-121.23705628,38.77708191
6550873,2014,2014-08-21,9220,2014-07-03,1335,015239,,4,1,9,3100,0,2,4,,2,021,"SIERRA COLLEGE BL","CAVITT STALLMAN RD",500.00,S,N,A,-,N,,,,,,,,,,N,2,0,1,2,A,-,08,22107,,N,D,G,A,A,H,-,A,D,0,,Y,,,Y,,L,04,1,0,0,0,0,0,1,0,0,"- ","- ",,,PLACER,UNINCORPORATED,-121.22636919,38.746638130000001
6561740,2014,2016-04-26,3104,2014-07-18,0742,240,43,5,5,4,3104,0,0,0,,0,001,"ROCKLIN RD","RT 80",0.00,,Y,A,-,Y,PLA,3,80,-,-,6.214,R,4,W,Y,2,0,1,2,A,-,"- ",,,N,D,C,A,A,H,-,A,A,0,,,,Y,Y,,A,07,1,0,0,0,0,0,0,0,0,"- ",WF,38.788670000000003,-121.22421,PLACER,ROCKLIN,-121.22089929000001,38.790095919999999
6566355,2014,2014-08-25,9221,2014-07-06,1019,020154,,7,1,9,3100,0,3,5,,2,070,"MILK RANCH RD","SPRING VALLEY DAM LN",190.00,W,N,A,-,N,,,,,,,,,,Y,2,0,2,1,C,-,18,,,N,E,H,A,A,H,-,A,D,0,,,Y,,Y,,-,"- ",2,0,0,0,0,0,0,0,2,"- ","- ",39.095950000000002,-120.97492,PLACER,UNINCORPORATED,-120.97482105,39.09601181
6592258,2014,2014-09-02,9220,2014-07-29,0055,014515,,2,3,9,3100,0,3,5,,2,010,"BASELINE RD","COUNTRY ACRES LN",2640.00,E,N,A,-,N,,,,,,,,,,Y,2,0,2,1,A,-,01,23152,A,N,E,I,A,A,H,-,D,D,0,,,,,Y,Y,A,01,1,1,0,0,0,0,0,0,0,"- ","- ",38.7517,-121.42518,PLACER,UNINCORPORATED,-121.42339186,38.751662449999998
6609325,2014,2014-09-17,9221,2014-08-26,0230,015950,,2,3,9,3100,0,3,5,,2,070,"LINCOLN RD","RIDGE RD",1056.00,W,N,A,-,N,,,,,,,,,,N,2,0,1,1,A,-,01,23152,A,N,E,I,A,A,H,-,D,D,0,,,Y,,Y,Y,C,02,1,0,0,0,0,0,0,0,1,"- ","- ",39.389710000000001,-120.83548,PLACER,UNINCORPORATED,-120.83492529,39.189621809999998
6613501,2014,2016-04-25,9222,2014-08-29,1526,19272,,5,2,9,3100,0,1,3,,2,012,"RT 89","ALPINE MEADOWS RD",12144.00,S,N,A,-,Y,PLA,3,89,-,-,10.040,H,-,N,N,2,0,1,1,C,-,18,,,N,H,H,A,A,H,-,A,D,0,,Y,,,Y,,-,"- ",1,0,0,0,0,0,1,0,0,"- ","- ",39.163179999999997,-120.16557,PLACER,UNINCORPORATED,-120.16921163000001,39.164355860000001
6622525,2014,2014-10-08,9220,2014-09-09,1955,011614,220,2,2,9,3100,0,3,5,,2,040,"MOUNT PLEASANT RD","WALLY ALLEN RD",2112.00,W,N,A,-,N,,,,,,,,,,Y,2,0,1,1,C,-,18,,,N,E,H,A,A,E,-,A,D,0,,,Y,,Y,,-,"- ",1,0,0,0,0,0,0,0,1,"- ","- ",,,PLACER,UNINCORPORATED,-121.21717952,38.941324020000003
6648976,2014,2015-01-02,3104,2014-10-01,1515,275,45,3,5,4,3104,0,0,0,,0,001,"PACIFIC ST","FARRON ST",0.00,,Y,A,-,N,,,,,,,,,,Y,2,0,1,2,A,-,12,21453,A,N,D,C,A,A,H,-,A,A,0,,,Y,,Y,,C,03,1,0,0,0,0,0,0,0,1,"- ","- ",38.787370000000003,-121.24688999999999,PLACER,ROCKLIN,-121.23982999,38.785779890000001
6659975,2014,2016-04-26,9220,2014-09-17,0540,016668,,3,3,9,3100,0,1,1,,2,282,"RT 80","HORSESHOE BAR RD",1320.00,E,N,A,-,Y,PLA,3,80,-,-,9.040,H,-,E,Y,2,0,2,2,A,-,07,21658,A,N,C,C,A,A,H,-,D,D,1,,,,,Y,,D,22,1,1,0,0,0,0,0,0,0,"- ","- ",38.820160000000001,-121.10472,PLACER,UNINCORPORATED,-121.18501125,38.820033840000001
6717167,2014,2015-01-09,9221,2014-11-08,2215,18489,,6,3,9,3100,0,3,5,,2,070,"PLACER HILLS RD","EDEN FOREST DR",800.00,W,N,A,-,N,,,,,,,,,,Y,2,0,1,1,A,-,03,22350,,N,E,I,A,A,H,-,D,D,0,,,Y,,Y,Y,C,02,1,0,0,0,0,0,0,0,1,"- ","- ",39.057580000000002,-120.99321,PLACER,UNINCORPORATED,-120.99332441999999,39.057955190000001
6731752,2014,2016-07-05,9221,2014-11-26,1855,017320,,3,2,9,3100,0,1,1,,2,384,"RT 80","MAGRA RD",528.00,W,N,A,-,Y,PLA,3,80,-,-,37.760,H,-,W,Y,2,0,2,1,A,-,08,22107,,N,E,I,A,A,H,-,-,D,1,,,,,Y,,B,07,1,0,1,0,0,0,0,0,0,"- ","- ",39.149810000000002,-120.90137,PLACER,UNINCORPORATED,-120.90781886000001,39.147250589999999
6759023,2014,2015-02-03,9220,2014-12-06,0240,12315,,6,3,9,3100,0,2,4,,2,042,"MOUNT VERNON RD","HARRIS RD",131.00,S,N,B,C,N,,,,,,,,,,Y,2,0,1,1,A,-,01,23152,A,N,E,I,A,B,H,-,D,A,0,,,,,Y,Y,A,01,1,0,0,0,0,0,0,0,0,"- ","- ",38.919040000000003,-121.11124,PLACER,UNINCORPORATED,-121.11163234999999,38.919218819999998
6859841,2015,2015-03-27,3103,2015-01-18,0730,53,L1,7,5,2,3103,0,0,0,,0,0L1,"JOINER PKWY","OHARA LN",0.00,N,N,E,-,N,,,,,,,,,,N,2,0,1,1,A,-,03,22350,,N,E,I,A,B,H,-,A,D,0,,,,,Y,Y,A,01,1,0,0,0,0,0,0,0,0,"- ","- ",38.901739999999997,-121.30459,PLACER,LINCOLN,-121.31505987,38.899009900000003
6960704,2015,2015-06-30,9221,2015-05-19,1440,019671,,2,2,9,3100,0,3,5,,2,070,"BEN TAYLOR RD","SCHOOL DR",540.00,S,N,A,-,N,,,,,,,,,,Y,2,0,1,1,C,-,18,,,N,E,I,A,A,H,-,A,D,0,,,,,Y,,-,"- ",1,0,0,0,0,0,0,0,0,"- ","- ",39.107280000000003,-120.96256,PLACER,UNINCORPORATED,-120.96258503999999,39.107828400000002