CASE_ID,ACCIDENT_YEAR,PROC_DATE,JURIS,COLLISION_DATE,COLLISION_TIME,OFFICER_ID,REPORTING_DISTRICT,DAY_OF_WEEK,CHP_SHIFT,POPULATION,CNTY_CITY_LOC,SPECIAL_COND,BEAT_TYPE,CHP_BEAT_TYPE,CITY_DIVISION_LAPD,CHP_BEAT_CLASS,BEAT_NUMBER,PRIMARY_RD,SECONDARY_RD,DISTANCE,DIRECTION,INTERSECTION,WEATHER_1,WEATHER_2,STATE_HWY_IND,CALTRANS_COUNTY,CALTRANS_DISTRICT,STATE_ROUTE,ROUTE_SUFFIX,POSTMILE_PREFIX,POSTMILE,LOCATION_TYPE,RAMP_INTERSECTION,SIDE_OF_HWY,TOW_AWAY,COLLISION_SEVERITY,NUMBER_KILLED,NUMBER_INJURED,PARTY_COUNT,PRIMARY_COLL_FACTOR,PCF_CODE_OF_VIOL,PCF_VIOL_CATEGORY,PCF_VIOLATION,PCF_VIOL_SUBSECTION,HIT_AND_RUN,TYPE_OF_COLLISION,MVIW,PED_ACTION,ROAD_SURFACE,ROAD_COND_1,ROAD_COND_2,LIGHTING,CONTROL_DEVICE,CHP_ROAD_TYPE,PEDESTRIAN_ACCIDENT,BICYCLE_ACCIDENT,MOTORCYCLE_ACCIDENT,TRUCK_ACCIDENT,NOT_PRIVATE_PROPERTY,ALCOHOL_INVOLVED,STWD_VEHTYPE_AT_FAULT,CHP_VEHTYPE_AT_FAULT,COUNT_SEVERE_INJ,COUNT_VISIBLE_INJ,COUNT_COMPLAINT_PAIN,COUNT_PED_KILLED,COUNT_PED_INJURED,COUNT_BICYCLIST_KILLED,COUNT_BICYCLIST_INJURED,COUNT_MC_KILLED,COUNT_MC_INJURED,PRIMARY_RAMP,SECONDARY_RAMP,LATITUDE,LONGITUDE,COUNTY,CITY,POINT_X,POINT_Y
6961230,2015,2016-12-17,9222,2015-05-24,1100,017288,,7,1,9,3100,0,1,3,,1,014,"RT 28","COMMONS BEACH RD",36.00,E,N,B,-,Y,PLA,3,28,-,-,0.250,H,-,W,N,2,0,1,2,A,-,17,22517,,N,H,G,A,A,H,-,A,D,0,,Y,,,Y,Y,A,07,1,0,0,0,0,0,1,0,0,"- ","- ",39.169220000000003,-120.14327,PLACER,UNINCORPORATED,-120.14294303,39.169354239999997
6996876,2015,2015-08-06,3104,2015-07-13,2235,245,11,1,5,4,3104,0,0,0,,0,003,"BLUE OAK BL","LONE TREE BL",0.00,,Y,A,-,N,,,,,,,,,,Y,2,0,2,3,A,-,12,21453,A,N,A,C,A,A,H,-,C,A,0,,,,,Y,,A,07,1,0,1,0,0,0,0,0,0,"- ","- ",38.7956,-121.29223,PLACER,ROCKLIN,-121.29159988000001,38.796029910000001
7008174,2015,2015-08-10,3103,2015-06-22,0830,KJOHN,L8,1,5,2,3103,0,0,0,,0,0L4,"LINCOLN BL","TWELVE BRIDGES DR",0.00,,Y,A,-,N,,,,,,,,,,Y,1,1,0,2,A,-,05,21650,,N,D,C,A,A,D,-,A,A,0,,,,Y,Y,,A,01,0,0,0,0,0,0,0,0,0,"- ","- ",,,PLACER,LINCOLN,-121.30677134,38.851117809999998
7066162,2015,2016-11-03,9220,2015-05-18,0915,12612,,1,1,9,3100,0,1,1,,2,282,"RT 80","RT 193",1112.00,E,N,A,-,Y,PLA,3,80,-,-,14.530,H,-,E,Y,2,0,2,2,A,-,03,22350,,N,C,C,A,A,H,-,A,D,1,,,,,Y,,A,01,1,0,1,0,0,0,0,0,0,"- ","- ",38.878360000000001,-121.12103,PLACER,UNINCORPORATED,-121.12173688999999,38.878362660000001
7190024,2016,2018-09-24,3104,2016-01-16,2248,226,25,6,5,4,3104,0,0,0,,0,003,"PARK DR","SANTA FE WY",166.00,S,N,B,-,N,,,,,,,,,,Y,1,1,1,1,A,-,03,22350,,N,E,I,A,B,H,-,C,D,0,,,,,Y,,A,01,0,1,0,0,0,0,0,0,0,"- ","- ",38.818629999999999,-121.25508000000001,PLACER,ROCKLIN,-121.25895127,38.81125763
8053191,2016,2016-06-08,3103,2016-05-07,1805,JMCCA,L5,6,5,2,3103,0,0,0,,0,0L3,"MCBEAN PARK DR","B ST",139.00,E,N,A,-,N,,,,,,,,,,N,2,0,1,2,A,-,11,21950,B,N,G,B,E,A,H,-,A,D,0,Y,,,,Y,,N,60,1,0,0,0,1,0,0,0,0,"- ","- ",38.890509999999999,-121.2852,PLACER,LINCOLN,-121.28601161,38.890509999999999
8282035,2017,2017-01-18,3104,2017-01-04,1433,261,10B,3,5,4,3104,0,0,0,,0,004,"PARK DR",#C2524,37.00,N,N,C,-,N,,,,,,,,,,Y,2,0,3,2,A,-,12,21453,A,N,A,C,A,B,H,-,A,A,0,,,,,Y,,A,01,1,0,2,0,0,0,0,0,0,"- ","- ",38.804740000000002,-121.27294000000001,PLACER,ROCKLIN,,
8372717,2017,2017-05-30,3104,2017-05-17,2041,218,44,3,5,4,3104,0,0,0,,0,001,"PACIFIC ST","CEDAR ST",0.00,,Y,A,-,N,,,,,,,,,,Y,2,0,1,1,A,-,03,22350,,N,E,I,A,A,H,-,C,A,0,,,Y,,Y,,C,02,1,0,0,0,0,0,0,0,1,"- ","- ",39.793799999999997,-121.23408999999999,PLACER,ROCKLIN,-121.23348996999999,38.794329879999999
8435411,2017,2017-09-09,3101,2017-08-11,1958,21,3101,5,5,3,3101,0,0,0,,0,002,"COLLEGE WY","AUBURN FOLSOM RD",20.00,E,N,A,-,N,,,,,,,,,,Y,2,0,1,1,A,-,03,22350,,N,E,I,A,A,H,-,B,D,0,,,Y,,Y,,C,02,1,0,0,0,0,0,0,0,1,"- ","- ",,,PLACER,AUBURN,-121.07520271,38.896315829999999
8465927,2017,2019-07-12,3105,2017-02-02,1925,1039,,4,5,5,3105,0,0,0,,0,004,"FOOTHILLS BL","JUNCTION BL",0.00,,Y,A,-,N,,,,,,,,,,Y,1,1,0,2,A,-,01,23152,B,N,E,I,A,A,H,-,C,A,0,,,,,Y,Y,A,07,0,0,0,0,0,0,0,0,0,"- ","- ",,,PLACER,ROSEVILLE,-121.30995985,38.759179920000001
8490335,2017,2017-11-30,3103,2017-10-17,1705,TPARS,L3,2,5,2,3103,0,0,0,,0,0L1,"6TH ST","COUNTRYSIDE DR",0.00,,Y,A,-,N,,,,,,,,,,N,2,0,1,2,A,-,12,22450,A,N,D,G,A,A,H,-,A,A,0,,Y,,,Y,Y,L,04,1,0,0,0,0,0,1,0,0,"- ","- ",38.893169999999998,-121.30997000000001,PLACER,LINCOLN,-121.30997988999999,38.893199969999998
8744506,2018,2019-01-09,3104,2018-11-13,1120,262,43,2,5,4,3104,0,0,0,,0,001,"DOMINGUEZ RD","GRANITE DR",0.00,,Y,A,-,N,,,,,,,,,,Y,2,0,3,2,A,-,08,22107,,N,A,C,A,A,H,-,A,A,0,,,,,Y,,I,11,1,2,0,0,0,0,0,0,0,"- ","- ",,,PLACER,ROCKLIN,-121.21288299560547,38.799308776855469
8799598,2019,2019-02-25,3104,2019-02-11,1530,262,23,1,5,4,3104,0,0,0,,0,003,"CREST DR","HAWKHAVEN DR",134.00,N,N,A,-,N,,,,,,,,,,N,2,0,1,2,A,-,06,21750,A,N,E,J,A,A,H,-,A,D,0,,Y,,,Y,,L,04,1,0,0,0,0,0,1,0,0,"- ","- ",,,PLACER,ROCKLIN,-121.24706268310547,38.808868408203125
8864483,2019,2019-06-04,3104,2019-05-25,1930,268,46,6,5,4,3104,0,0,0,,0,002,"PACIFIC ST","SUNSET BL",1001.00,S,N,A,-,N,,,,,,,,,,Y,2,0,1,1,A,-,01,23152,A,N,E,J,A,A,H,-,A,D,0,,,Y,,Y,Y,C,02,1,0,0,0,0,0,0,0,1,"- ","- ",38.781379699707031,-121.24220275878906,PLACER,ROCKLIN,-121.24500274658203,38.779777526855469
8882590,2019,2019-07-23,3104,2019-06-25,1705,277,17,2,5,4,3104,0,0,0,,0,004,"STANFORD RANCH RD","DELTA DR",0.00,,Y,A,-,N,,,,,,,,,,Y,2,0,1,1,A,-,08,22107,,N,E,I,A,A,H,-,A,D,0,,,Y,,Y,,C,02,1,0,0,0,0,0,0,0,1,"- ","- ",,,PLACER,ROCKLIN,-121.26284027099609,38.81427001953125
8901376,2019,2019-07-29,3105,2019-07-10,1915,1117,,3,5,5,3105,0,0,0,,0,002,"SUNRISE AV","COLOMA WY",485.00,S,N,A,-,N,,,,,,,,,,Y,2,0,1,2,A,-,09,21804,A,N,D,C,A,A,H,-,A,D,0,,,Y,,Y,,A,01,1,0,0,0,0,0,0,0,1,"- ","- ",38.735149383544922,-121.27140808105469,PLACER,ROSEVILLE,-121.27201843261719,38.735439300537109
8901392,2019,2019-07-29,3105,2019-07-06,2115,1124,,6,5,5,3105,0,0,0,,0,005,"WASHINGTON BL","DIAMOND OAKS DR",785.00,S,N,A,-,N,,,,,,,,,,Y,2,0,2,2,A,-,08,22107,,N,A,C,A,A,H,-,C,A,0,,,,,Y,,A,01,1,0,1,0,0,0,0,0,0,"- ","- ",38.771018981933594,-121.30245971679688,PLACER,ROSEVILLE,-121.30198669433594,38.768802642822266
8951958,2018,2020-03-05,3105,2018-10-30,0504,1108,,2,5,5,3105,0,0,0,,0,005,"FOOTHILL BL","FOOTHILL BL 8501",9.00,N,N,A,-,N,,,,,,,,,,Y,2,0,2,2,A,-,03,22350,,N,C,C,A,A,H,-,C,A,0,,,,,Y,,A,01,1,0,1,0,0,0,0,0,0,"- ","- ",,,PLACER,ROSEVILLE,,
8963854,2019,2019-11-23,3105,2019-09-30,0621,1134,,1,5,5,3105,0,0,0,,0,005,"BLUE OAKS BL","NIBLICK DR",0.00,,Y,A,-,N,,,,,,,,,,Y,2,0,1,2,A,-,09,21801,A,N,D,C,A,A,H,-,C,D,0,,,Y,Y,Y,,G,25,1,0,0,0,0,0,0,0,1,"- ","- ",38.795520782470703,-121.31385803222656,PLACER,ROSEVILLE,-121.31192016601562,38.795269012451172
8964750,2018,2019-11-12,3105,2018-11-01,0909,369,,4,5,5,3105,0,0,0,,0,005,"FAIRWAY DR","CENTRAL PARK DR",1400.00,E,N,A,-,N,,,,,,,,,,Y,2,0,3,2,A,-,12,21453,A,N,D,C,A,A,H,-,A,A,0,,,,,Y,,A,01,1,2,0,0,0,0,0,0,0,"- ","- ",,,PLACER,ROSEVILLE,-121.27393341064453,38.784294128417969
8970142,2019,2019-11-05,3105,2019-10-19,2153,1113,,6,5,5,3105,0,0,0,,0,002,"ROCKY RIDGE DR","DOUGLAS BL",0.00,,Y,A,-,N,,,,,,,,,,Y,2,0,2,2,A,-,01,23152,A,N,D,D,A,A,H,-,C,A,0,,,,,Y,Y,A,01,1,0,1,0,0,0,0,0,0,"- ","- ",,,PLACER,ROSEVILLE,-121.25302124023438,38.744338989257812
8976917,2019,2019-11-20,3105,2019-04-12,1615,343,,5,5,5,3105,0,0,0,,0,005,"PLEASANT GROVE BL","WASHINGTON BL",363.00,W,N,A,-,N,,,,,,,,,,Y,2,0,3,2,A,-,09,21801,A,N,D,C,A,A,H,-,A,A,0,,,Y,,Y,,A,01,1,1,1,0,0,0,0,0,1,"- ","- ",38.773590087890625,-121.30509948730469,PLACER,ROSEVILLE,-121.30499267578125,38.773651123046875
8983965,2019,2019-12-04,3105,2019-02-27,0724,73,,3,5,5,3105,0,0,0,,0,001,"EAST ROSEVILLE PKWY","ORVIETTO DR",0.00,,Y,C,-,N,,,,,,,,,,Y,2,0,1,2,A,-,12,21453,A,N,D,C,A,B,H,-,A,A,0,,,,,Y,,A,01,1,0,0,0,0,0,0,0,0,"- ","- ",38.75,-121.24210357666016,PLACER,ROSEVILLE,-121.24208831787109,38.749969482421875
90004500,2015,2015-10-19,9221,2015-06-29,1300,019671,,1,1,9,3100,0,1,1,,2,384,"I-80 W/B","CAPE HORN RD UNDERCROSSING",477.00,W,N,A,-,Y,,,80,,,,,,W,Y,2,0,1,1,A,-,01,23152,A,N,E,I,A,A,H,-,A,D,0,,,,,Y,Y,A,07,1,0,0,0,0,0,0,0,0,"- ","- ",39.138719999999999,-120.92135,PLACER,UNINCORPORATED,-120.92135063000001,39.138714319999998
90005079,2015,2015-10-19,9220,2015-06-30,1930,013997,,2,2,9,3100,0,2,4,,2,051,"PLACER HILLS ROAD","COYOTE CREEK RD",108.00,S,N,A,-,N,,,,,,,,,,Y,2,0,1,1,A,-,01,23152,A,N,E,I,A,A,H,-,A,D,0,,,,,Y,Y,A,01,1,0,0,0,0,0,0,0,0,"- ","- ",,,PLACER,UNINCORPORATED,-121.00125889,39.024568789999996
90008124,2015,2015-10-19,9220,2015-08-04,1850,016031,,2,2,4,3104,0,1,1,,2,281,"I-80 W/B",SR-65,5280.00,E,N,A,-,Y,,,,,,,,,,Y,2,0,1,1,A,-,08,22107,,N,F,A,A,A,H,-,A,D,0,,,Y,,Y,,C,02,1,0,0,0,0,0,0,0,1,"- ","- ",,,PLACER,ROCKLIN,,
9000857,2019,2020-01-07,3105,2019-11-15,0048,1089,,5,5,5,3105,0,0,0,,0,005,"WASHINGTON BL","DIAMOND OAKS RD",852.00,S,N,A,-,N,,,,,,,,,,N,2,0,1,2,A,-,03,22350,,F,C,G,A,A,H,-,C,D,0,,Y,,,Y,Y,A,01,1,0,0,0,0,0,1,0,0,"- ","- ",38.771018981933594,-121.30245971679688,PLACER,ROSEVILLE,-121.30195617675781,38.768619537353516
90010647,2015,2015-10-19,9220,2015-08-17,1555,013676,,1,2,9,3100,0,2,4,,2,022,"DOUGLAS BOULEVARD","SHEBA COURT",214.00,W,N,A,-,N,,,,,,,,,,Y,2,0,1,1,A,-,08,22107,,N,E,I,A,A,H,-,A,D,0,,,,,Y,,A,01,1,0,0,0,0,0,0,0,0,"- ","- ",38.744039999999998,-121.19499,PLACER,UNINCORPORATED,-121.19495007,38.74408596
90014643,2015,2015-10-19,9220,2015-08-07,2350,012743,,5,3,9,3100,0,1,3,,1,265,"SR-65 N/B","TWELVE BRIDGES RD O/C",4307.00,S,N,A,-,Y,,,65,,,,,,N,Y,1,1,0,2,A,-,11,21956,,N,G,B,E,A,D,-,D,D,0,Y,,,,Y,,N,60,0,0,0,1,0,0,0,0,0,"- ","- ",38.831150000000001,-121.29931000000001,PLACER,UNINCORPORATED,-121.29982106999999,38.831155029999998
90019649,2015,2015-10-19,9220,2015-09-07,1921,016031,,1,2,5,3105,0,1,1,,2,281,"I-80 W/B","DOUGLAS BLVD",1056.00,E,N,A,-,Y,,,,,,,,,,Y,2,0,1,2,A,-,07,21658,A,N,B,C,A,A,H,-,D,D,0,,,,,Y,,A,01,1,0,0,0,0,0,0,0,0,"- ","- ",,,PLACER,ROSEVILLE,-121.26918585999999,38.746626470000002
90022968,2015,2015-10-19,9220,2015-09-23,1910,15060,,3,2,9,3100,0,3,5,,2,010,"NELSON LN",SR-65,2112.00,S,N,A,-,N,,,,,,,,,,Y,2,0,1,1,A,-,01,23152,A,N,E,I,A,A,H,-,B,D,0,,,,,Y,Y,A,01,1,0,0,0,0,0,0,0,0,"- ","- ",38.744039999999998,-121.19977,PLACER,UNINCORPORATED,-121.34008226,38.880260419999999
90042290,2015,2015-11-02,9220,2015-10-29,1250,014466,,4,1,9,3100,0,1,3,,1,249,"SR-49 (GRASS VALLEY HWY)","SHALE RIDGE ROAD",0.00,,Y,A,-,Y,,,,,,,,,,N,2,0,2,2,A,-,09,21802,A,N,D,C,A,A,H,-,A,A,0,,,Y,,Y,,C,02,1,0,1,0,0,0,0,0,1,"- ","- ",,,PLACER,UNINCORPORATED,-121.10063993,38.952979900000003
90045299,2015,2015-11-05,9221,2015-11-01,1030,015950,,7,1,9,3100,0,1,1,,2,385,"I-80 WB","BAXTER OC ROAD",5280.00,E,N,C,-,Y,,,80,,,,,,W,Y,2,0,3,1,A,-,03,22350,,N,F,I,A,B,H,-,A,A,0,,,,,Y,,A,07,1,2,0,0,0,0,0,0,0,"- ","- ",39.225110000000001,-120.76709,PLACER,UNINCORPORATED,-120.76704099,39.22507469
90051456,2015,2015-11-16,9220,2015-11-14,1540,012412,,6,2,9,3100,0,3,5,,2,050,"OLD AUBURN FORESTHILL RD","MAMMOTH BAR OHV",1320.00,E,N,A,-,N,,,,,,,,,,Y,2,0,1,1,C,-,18,,,N,E,H,A,A,H,-,A,D,0,,,Y,,Y,,-,"- ",1,0,0,0,0,0,0,0,1,"- ","- ",38.924050000000001,-121.01157000000001,PLACER,UNINCORPORATED,-121.01156116,38.923985379999998
90051942,2015,2015-11-16,9220,2015-11-05,1632,15060,,4,2,9,3100,0,2,4,,2,027,"AUBURN FOLSOM RD.","EUREKA RD.",1056.00,N,N,A,-,N,,,,,,,,,,Y,2,0,2,2,A,-,03,22350,,N,C,C,A,A,H,-,A,D,0,,,Y,,Y,,C,02,1,0,1,0,0,0,0,0,1,"- ","- ",38.738410000000002,-121.17050999999999,PLACER,UNINCORPORATED,-121.17058900000001,38.738989429999997
90089281,2015,2016-01-06,9220,2015-07-14,0035,012239,,2,3,9,3100,0,3,5,,2,010,"NORTH FOOTHILLS BLVD.","SUNSET BOULEVARD",1000.00,N,N,B,-,N,,,,,,,,,,Y,1,1,1,1,A,-,01,23152,,N,E,I,A,A,H,-,D,D,0,,,,,Y,Y,A,01,1,0,0,0,0,0,0,0,0,"- ","- ",38.819839999999999,-121.32196999999999,PLACER,UNINCORPORATED,-121.32170000000001,38.820231849999999
90115641,2016,2016-02-16,9221,2016-02-15,0000,014763,,1,3,9,3100,0,3,5,,2,070,"ROLLINS LAKE ROAD","YOU BET RD",2112.00,E,N,A,-,N,,,,,,,,,,Y,2,0,1,1,A,-,01,23152,A,N,E,I,A,A,H,-,D,D,0,,,,,Y,Y,D,22,1,0,0,0,0,0,0,0,0,"- ","- ",39.141330000000004,-120.93219999999999,PLACER,UNINCORPORATED,-120.93224263,39.141346540000001
9012871,2019,2019-12-28,3105,2019-04-14,0319,1108,,7,5,5,3105,0,0,0,,0,006,"FIDDYMENT RD","PLEASANT GROVE BL",0.00,,Y,A,-,N,,,,,,,,,,Y,2,0,4,2,A,-,12,21453,A,N,D,C,A,A,H,-,A,A,0,,,,,Y,,A,01,1,0,3,0,0,0,0,0,0,"- ","- ",,,PLACER,ROSEVILLE,-121.35872650146484,38.766288757324219
90129487,2016,2016-03-04,9220,2016-02-10,1740,016481,,3,2,9,3100,0,1,3,,1,249,SR-49,"LOCKSLEY LN",0.00,,Y,B,-,N,,,,,,,,,,Y,2,0,1,2,A,-,09,21802,A,N,D,C,A,A,H,-,B,A,0,,,Y,,Y,,A,07,1,0,0,0,0,0,0,0,1,"- ","- ",,,PLACER,UNINCORPORATED,-121.09988988000001,38.95015995
90130961,2016,2016-03-07,9220,2016-02-29,1400,013794,,1,2,9,3100,0,2,4,,2,027,"AUBURN FOLSOM ROAD","GRANITE ROCK LANE",45.00,S,N,A,-,N,,,,,,,,,,Y,2,0,1,1,A,-,01,23152,E,N,E,I,A,A,H,-,A,D,0,,,,,Y,,A,07,1,0,0,0,0,0,0,0,0,"- ","- ",,,PLACER,UNINCORPORATED,-121.15246372,38.773160740000002
9013470,2019,2020-02-08,3105,2019-12-06,1829,1102,,5,5,5,3105,0,0,0,,0,001,"TAYLOR RD","STONEHOUSE CT",1056.00,S,N,B,-,N,,,,,,,,,,Y,2,0,1,2,A,-,09,21804,A,N,A,C,A,A,H,-,C,D,0,,,Y,,Y,,D,22,1,0,0,0,0,0,0,0,1,"- ","- ",38.767448425292969,-121.25456237792969,PLACER,ROSEVILLE,-121.25489807128906,38.768333435058594
9013478,2019,2020-01-11,3105,2019-02-02,1241,1041,,6,5,5,3105,0,0,0,,0,003,"RIVERSIDE AV","ORLANDO AV",588.00,N,N,C,-,Y,,,,,,,,,,N,2,0,1,2,A,-,03,22350,,N,D,C,A,B,H,-,A,D,0,,,,,Y,,D,22,1,0,0,0,0,0,0,0,0,"- ","- ",38.725109100341797,-121.29045867919922,PLACER,ROSEVILLE,,
90170226,2016,2016-05-02,9220,2016-03-31,1900,15060,,4,2,9,3100,0,2,4,,2,022,"DOUGLAS BLVD.","BARTON RD.",0.00,,Y,A,-,N,,,,,,,,,,Y,2,0,4,2,A,-,12,21453,A,N,D,C,A,A,H,-,A,A,0,,,,,Y,,A,07,2,0,2,0,0,0,0,0,0,"- ","- ",38.743780000000001,-121.18934,PLACER,UNINCORPORATED,-121.18918997,38.744069940000003
90174246,2016,2016-05-06,9222,2016-04-29,2038,019294,,5,2,9,3100,0,1,3,,1,015,"SR 28","PARK LANE",150.00,E,N,C,-,Y,,,28,,,,,,,Y,2,0,1,2,A,-,01,23152,A,N,A,C,A,B,H,-,C,D,0,,,,,Y,Y,A,01,1,0,0,0,0,0,0,0,0,"- ","- ",39.229059999999997,-120.01293,PLACER,UNINCORPORATED,-120.01298236,39.228998429999997
90183654,2016,2016-05-20,9222,2016-05-14,1100,019233,,6,1,9,3100,0,3,5,,2,010,"SEQUOIA AVE.","SR-89 SOUTH",265.00,N,N,A,-,N,,,,,,,,,,N,2,0,2,2,A,-,09,21801,A,N,D,G,A,A,H,-,A,D,0,,Y,,,Y,,L,04,1,1,0,0,0,0,2,0,0,"- ","- ",39.140059999999998,-120.15396,PLACER,UNINCORPORATED,-120.15385636000001,39.140228630000003
90196221,2016,2016-06-07,9221,2016-04-04,1223,015950,,1,1,9,3100,0,1,1,,2,385,"I-80 EASTBOUND","BAXTER OC ROAD",1584.00,E,N,A,-,Y,,,80,,,,,,E,Y,1,1,0,2,A,-,03,22350,,N,C,C,A,A,H,-,A,D,0,,,Y,,Y,,C,02,0,0,0,0,0,0,0,1,0,"- ","- ",39.218850000000003,-120.77332,PLACER,UNINCORPORATED,-120.77335222000001,39.218882299999997
90196357,2016,2016-06-07,9220,2016-05-16,0723,014343,,1,1,9,3100,0,2,4,,2,027,"AUBURN FOLSOM RD","SHELBORNE DR",402.00,S,N,A,-,N,,,,,,,,,,Y,2,0,5,2,A,-,05,21460,A,N,A,C,A,A,H,-,A,D,0,,,,,Y,,A,01,3,2,0,0,0,0,0,0,0,"- ","- ",38.454599999999999,-121.98439999999999,PLACER,UNINCORPORATED,-121.16399,38.757766410000002
90200240,2016,2016-06-13,9220,2016-05-29,0015,013997,,7,3,9,3100,0,3,5,,2,030,"VIRGINIATOWN RD","SEGO LN",43.00,W,N,A,-,N,,,,,,,,,,Y,2,0,1,1,A,-,01,23152,A,N,F,A,A,A,H,-,D,D,0,,,,,Y,Y,A,07,1,0,0,0,0,0,0,0,0,"- ","- ",,,PLACER,UNINCORPORATED,-121.25196928,38.900915990000001
90201971,2016,2016-06-15,9220,2016-06-06,1750,012239,,1,2,9,3100,0,3,5,,2,070,"RIDGE ROAD","GOLD CREST COURT",250.00,W,N,A,-,N,,,,,,,,,,N,2,0,1,1,A,-,03,22350,,N,F,A,A,A,H,-,A,D,0,,,Y,,Y,,C,02,1,0,0,0,0,0,0,0,1,"- ","- ",38.893810000000002,-121.17787,PLACER,UNINCORPORATED,-121.17772786,38.893891070000002
90204142,2016,2016-06-17,9221,2016-06-09,0740,013036,,4,1,9,3100,0,1,1,,2,388,"INTERSTATE 80(WESTBOUND)","CISCO RD OVERCROSSING",1056.00,E,N,A,-,Y,,,80,,,,,,,Y,2,0,1,2,A,-,08,22107,,N,C,C,A,A,H,-,A,D,0,,,,Y,Y,,A,07,1,0,0,0,0,0,0,0,0,"- ","- ",39.307960000000001,-120.54078,PLACER,UNINCORPORATED,-120.54076655999999,39.307980389999997
90205963,2016,2016-06-21,9220,2016-04-03,1715,012412,,7,2,9,3100,0,1,3,,1,249,"SR-49 (GRASS VALLEY HIGHWAY)","LOCKSLEY LANE",310.00,N,N,A,-,Y,,,,,,,,,,Y,1,2,1,3,A,-,01,23152,E,N,G,B,E,A,H,-,A,D,0,Y,,,,Y,,D,22,0,0,1,2,0,0,0,0,0,"- ","- ",,,PLACER,UNINCORPORATED,-121.10019487,38.950977190000003
90206977,2016,2016-06-22,9220,2016-06-15,0350,016654,,3,3,9,3100,0,1,1,,2,281,"I-80 E/B","SIERRA COLLEGE BLVD",1.00,E,N,A,-,Y,,,,,,,,,,Y,2,0,1,1,A,-,08,22107,,N,E,I,A,A,H,-,C,D,0,,,,Y,Y,,G,25,1,0,0,0,0,0,0,0,0,"- ","- ",38.80536,-121.20541,PLACER,UNINCORPORATED,-121.2054376,38.802852000000001
90232117,2016,2016-07-28,9221,2016-07-24,2000,016556,,7,2,9,3100,0,1,1,,2,386,"I-80 E/B","BLUE CANYON RD",5280.00,W,N,A,-,Y,,,,,,,,,,Y,2,0,1,1,B,-,22,,,N,F,J,A,A,H,-,B,D,0,,,Y,,Y,,C,02,1,0,0,0,0,0,0,0,1,"- ","- ",39.271129999999999,-120.70308,PLACER,UNINCORPORATED,-120.71378369999999,39.273196939999998
90257629,2016,2016-08-31,9222,2016-08-02,2201,019477,,2,3,9,3100,0,2,4,,2,018,"LAKE FOREST ROAD","ROSE AVE",110.00,N,N,A,-,Y,,,,,,,,,,Y,2,0,1,2,A,-,01,23152,A,F,G,B,E,A,H,-,E,D,0,Y,,,,Y,Y,A,01,1,0,0,0,1,0,0,0,0,"- ","- ",39.187019999999997,-120.11082999999999,PLACER,UNINCORPORATED,-120.11066685999999,39.187151839999999
90259401,2016,2016-09-01,9220,2016-08-14,2230,012239,,7,3,9,3100,0,2,4,,2,046,"BELL ROAD",SR-49,90.00,W,N,A,-,N,,,,,,,,,,N,2,0,1,2,A,-,05,21650,,N,H,G,A,A,H,-,C,D,0,,Y,,,Y,,L,04,1,0,0,0,0,0,1,0,0,"- ","- ",38.942210000000003,-121.0975,PLACER,UNINCORPORATED,-121.09741421,38.941960770000001
90267024,2016,2016-09-27,9221,2016-09-06,1640,016556,,2,2,9,3100,0,1,1,,2,385,"I-80 E/B","SAWMILL OVERPASS",528.00,W,N,A,-,Y,,,80,,,,,,E,Y,2,0,2,1,A,-,08,22107,,N,E,I,A,A,H,-,A,D,0,,,,,Y,,A,01,2,0,0,0,0,0,0,0,0,"- ","- ",39.178730000000002,-120.85457,PLACER,UNINCORPORATED,-120.8541838,39.178282709999998
90273701,2016,2016-09-22,9220,2016-09-08,1140,013997,,4,1,9,3100,0,1,3,,1,249,"SR-49 (GRASS VALLEY HWY)","LONE STAR RD",0.00,,Y,A,-,Y,,,,,,,,,,Y,2,0,3,2,A,-,09,21802,A,N,D,C,A,A,H,-,A,D,0,,,,,Y,,D,22,1,0,2,0,0,0,0,0,0,"- ","- ",,,PLACER,UNINCORPORATED,-121.10909995,38.996529959999997
90287668,2016,2016-10-10,9220,2016-09-11,2300,014282,,7,3,9,3100,0,3,5,,2,020,"WELLINGTON WAY","EAST ROSEVILLE PARKWAY",0.00,,Y,A,-,N,,,,,,,,,,Y,2,0,1,1,A,-,01,23152,A,N,E,I,A,A,H,-,C,A,0,,,,,Y,Y,A,01,1,0,0,0,0,0,0,0,0,"- ","- ",38.729089999999999,-121.21478999999999,PLACER,UNINCORPORATED,-121.21465996000001,38.729059890000002
90291098,2016,2016-10-13,9220,2016-09-25,1720,013299,,7,2,9,3100,0,2,4,,2,042,"MOUNT VERNON RD","HARRIS ROAD",602.00,E,N,A,-,N,,,,,,,,,,Y,2,0,1,1,A,-,01,23152,A,N,E,I,A,A,H,-,A,D,0,,,,,Y,Y,A,01,1,0,0,0,0,0,0,0,0,"- ","- ",,,PLACER,UNINCORPORATED,-121.11015996,38.918660340000002
90313933,2016,2016-11-08,9220,2016-09-27,1650,015242,,2,2,9,3100,0,3,5,,2,010,"RIOSA RD","KARCHNER RD",1056.00,E,N,A,-,N,,,,,,,,,,Y,2,0,2,1,A,-,08,22107,,N,E,I,A,A,H,-,A,D,0,,,,,Y,,D,22,1,1,0,0,0,0,0,0,0,"- ","- ",,,PLACER,UNINCORPORATED,-121.33651467,38.984848659999997
90320243,2016,2016-11-15,9220,2016-11-06,1615,14466,,7,2,9,3100,0,3,5,,2,040,"UNIMPROVED SURFACE SOUTH OF BEAR RIVER","JACKSON ROAD",528.00,N,N,A,-,N,,,,,,,,,,N,2,0,1,1,B,-,22,,,N,F,A,A,A,G,-,A,D,0,,,Y,,Y,,C,02,1,0,0,0,0,0,0,0,1,"- ","- ",38.99241,-121.45183,PLACER,UNINCORPORATED,,