CASE_ID,ACCIDENT_YEAR,PROC_DATE,JURIS,COLLISION_DATE,COLLISION_TIME,OFFICER_ID,REPORTING_DISTRICT,DAY_OF_WEEK,CHP_SHIFT,POPULATION,CNTY_CITY_LOC,SPECIAL_COND,BEAT_TYPE,CHP_BEAT_TYPE,CITY_DIVISION_LAPD,CHP_BEAT_CLASS,BEAT_NUMBER,PRIMARY_RD,SECONDARY_RD,DISTANCE,DIRECTION,INTERSECTION,WEATHER_1,WEATHER_2,STATE_HWY_IND,CALTRANS_COUNTY,CALTRANS_DISTRICT,STATE_ROUTE,ROUTE_SUFFIX,POSTMILE_PREFIX,POSTMILE,LOCATION_TYPE,RAMP_INTERSECTION,SIDE_OF_HWY,TOW_AWAY,COLLISION_SEVERITY,NUMBER_KILLED,NUMBER_INJURED,PARTY_COUNT,PRIMARY_COLL_FACTOR,PCF_CODE_OF_VIOL,PCF_VIOL_CATEGORY,PCF_VIOLATION,PCF_VIOL_SUBSECTION,HIT_AND_RUN,TYPE_OF_COLLISION,MVIW,PED_ACTION,ROAD_SURFACE,ROAD_COND_1,ROAD_COND_2,LIGHTING,CONTROL_DEVICE,CHP_ROAD_TYPE,PEDESTRIAN_ACCIDENT,BICYCLE_ACCIDENT,MOTORCYCLE_ACCIDENT,TRUCK_ACCIDENT,NOT_PRIVATE_PROPERTY,ALCOHOL_INVOLVED,STWD_VEHTYPE_AT_FAULT,CHP_VEHTYPE_AT_FAULT,COUNT_SEVERE_INJ,COUNT_VISIBLE_INJ,COUNT_COMPLAINT_PAIN,COUNT_PED_KILLED,COUNT_PED_INJURED,COUNT_BICYCLIST_KILLED,COUNT_BICYCLIST_INJURED,COUNT_MC_KILLED,COUNT_MC_INJURED,PRIMARY_RAMP,SECONDARY_RAMP,LATITUDE,LONGITUDE,COUNTY,CITY,POINT_X,POINT_Y
90345084,2016,2016-12-14,9220,2016-11-30,1735,012239,,3,2,9,3100,0,3,5,,2,050,"BANCROFT ROAD","CONDIFER LANE",528.00,E,N,B,-,N,,,,,,,,,,Y,2,0,1,1,A,-,01,23152,A,N,E,I,A,A,H,-,D,D,0,,,,,Y,Y,D,22,1,0,0,0,0,0,0,0,0,"- ","- ",38.977040000000002,-121.02954,PLACER,UNINCORPORATED,-121.02923690999999,38.977097180000001
90359137,2016,2017-01-02,9220,2016-12-08,1724,014611,,4,2,9,3100,0,1,3,,1,267,"SR-65 N/B","RIOSA ROAD",0.00,,Y,C,-,Y,,,,,,,,,,N,2,0,1,2,A,-,11,21954,A,N,G,B,D,B,H,-,C,A,0,Y,,,,Y,,N,60,1,0,0,0,1,0,0,0,0,"- ","- ",,,PLACER,UNINCORPORATED,-121.38253999,38.978969890000002
90382292,2016,2017-01-31,9220,2016-11-20,1215,013299,,7,1,9,3100,0,2,4,,2,064,"FORESTHILL ROAD","BELLA VISTA CIRCLE",1002.00,W,N,B,-,N,,,,,,,,,,Y,1,1,0,1,A,-,03,22350,,N,E,I,A,B,H,-,A,D,0,,,,,Y,,A,01,0,0,0,0,0,0,0,0,0,"- ","- ",,,PLACER,UNINCORPORATED,-120.94170054,38.978481510000002
90386448,2017,2017-02-16,9222,2017-01-12,1755,018593,,4,2,9,3100,0,1,3,,1,013,"STATE ROUTE 89 SOUTH","SQUAW VALLEY RD.",4752.00,N,N,B,D,Y,,,89,,,,,,,Y,2,0,1,2,C,-,18,,,N,H,J,A,C,H,-,D,A,0,,,,,Y,,-,"- ",1,0,0,0,0,0,0,0,0,"- ","- ",39.21696,-120.20229999999999,PLACER,UNINCORPORATED,-120.20230923,39.216958609999999
90388396,2017,2017-02-08,9222,2017-02-06,0814,017288,,1,1,9,3100,0,1,3,,1,011,"SR-89 SOUTH","FOUNTAIN AVE.",0.00,,Y,D,-,Y,,,89,,,,,,,Y,2,0,1,2,A,-,03,22350,,N,D,C,A,C,H,-,A,D,0,,,,,Y,,A,01,1,0,0,0,0,0,0,0,0,"- ","- ",39.140389999999996,-120.15431,PLACER,UNINCORPORATED,-120.15447371,39.140336509999997
90389544,2017,2017-02-09,9220,2017-01-28,1133,013466,,6,1,9,3100,0,2,4,,2,021,"SIERRA COLLEGE BL.","DOUGLAS BL.",590.00,S,N,A,-,N,,,,,,,,,,N,2,0,1,2,A,-,05,21650,,N,H,G,A,A,H,-,A,A,0,,Y,,,Y,,L,04,1,0,0,0,0,0,1,0,0,"- ","- ",,,PLACER,UNINCORPORATED,-121.22620535,38.742191570000003
90438495,2017,2017-04-20,9220,2017-04-08,2330,15060,,6,3,9,3100,0,2,4,,2,071,"SIERRA COLLEGE BLVD.","TWELVE BRIDGES DR",1056.00,N,N,A,-,N,,,,,,,,,,Y,2,0,1,1,A,-,08,22107,,N,E,I,A,A,H,-,D,D,0,,,,,Y,Y,A,07,1,0,0,0,0,0,0,0,0,"- ","- ",38.870460000000001,-121.23642,PLACER,UNINCORPORATED,-121.23471691,38.868731869999998
90439137,2017,2017-04-20,9220,2017-04-15,1215,015168,,6,1,5,3105,0,1,3,,1,265,"SR-65 N/B","BLUE OAKS BLVD",1320.00,S,N,A,-,Y,,,65,,,,,,N,Y,2,0,1,1,A,-,08,22107,,N,F,A,A,A,H,-,A,D,0,,,Y,,Y,,C,02,1,0,0,0,0,0,0,0,1,"- ","- ",38.791780000000003,-121.29334,PLACER,ROSEVILLE,-121.29337873,38.791729719999999
90442225,2017,2017-04-26,9222,2017-01-10,1415,016035,,2,2,9,3100,0,1,3,,1,014,"SR-28 (NORTH LAKE BLVD)","DOLLAR HILL",1056.00,E,N,D,-,Y,,,,,,,,,,Y,2,0,1,2,A,-,03,22350,,N,D,C,A,C,H,-,A,A,0,,,,,Y,,A,07,1,0,0,0,0,0,0,0,0,"- ","- ",,,PLACER,UNINCORPORATED,-120.10209548,39.194261099999999
90454985,2017,2017-05-12,9220,2017-05-04,0620,013466,,4,1,9,3100,0,3,5,,2,010,"ATHENS AV.","FOOTHILLS BL. NORTH",0.00,,Y,A,-,N,,,,,,,,,,Y,2,0,1,2,A,-,09,21801,A,N,A,C,A,A,H,-,A,A,0,,,,,Y,,A,08,1,0,0,0,0,0,0,0,0,"- ","- ",38.838560000000001,-121.32590999999999,PLACER,UNINCORPORATED,-121.32589996999999,38.838989959999999
90461644,2017,2017-06-12,9221,2017-05-01,1745,017121,,1,2,9,3100,0,3,5,,2,070,"RAILROAD TRACKS NEAR END OF GOLD RUN RD","GOLD RUN RD",0.00,,N,A,-,N,,,,,,,,,,Y,2,0,1,1,B,-,22,,,N,E,I,A,A,B,G,A,D,0,,,Y,,Y,,C,02,1,0,0,0,0,0,0,0,1,"- ","- ",39.174419999999998,-120.86573,PLACER,UNINCORPORATED,,
90471560,2017,2017-06-06,9221,2017-05-26,1720,018940,,5,2,9,3100,0,1,3,,1,374,SR-174,"OAKHURST LN",1056.00,S,N,A,-,Y,,,174,,,,,,,Y,2,0,1,1,A,-,03,22350,,N,F,I,A,A,H,-,A,D,0,,,Y,,Y,,C,02,1,0,0,0,0,0,0,0,1,"- ","- ",39.120800000000003,-120.9538,PLACER,UNINCORPORATED,-120.95377592,39.120812440000002
90473129,2017,2017-06-07,9220,2017-05-24,2000,012239,,3,2,9,3100,0,2,4,,2,027,"AUBURN-FOLSOM ROAD","PLACER CANYON PARKWAY",663.00,S,N,A,-,N,,,,,,,,,,Y,2,0,1,1,A,-,01,23152,A,N,E,I,A,A,H,-,A,D,0,,,,,Y,Y,A,01,1,0,0,0,0,0,0,0,0,"- ","- ",38.234520000000003,-121.12752999999999,PLACER,UNINCORPORATED,-121.13221926,38.799304749999997
90473241,2017,2017-06-07,9220,2017-05-27,2304,016654,,6,3,9,3100,0,3,5,,2,030,"MCCOURTNEY RD","KILAGA SPRINGS RD",4224.00,N,N,A,-,N,,,,,,,,,,Y,2,0,2,1,A,-,01,23152,A,N,E,I,A,A,H,-,D,D,0,,,,,Y,Y,A,01,1,0,1,0,0,0,0,0,0,"- ","- ",38.979379999999999,-121.28126,PLACER,UNINCORPORATED,-121.28171154,38.979905770000002
90492559,2017,2017-07-03,9220,2017-05-30,1922,016481,,2,2,9,3100,0,2,4,,2,027,"AUBURN-FOLSOM BLVD","BELL DRIVE",452.00,N,N,A,-,N,,,,,,,,,,Y,2,0,1,1,A,-,03,22350,,N,F,I,A,A,H,-,B,D,0,,,,,Y,,A,01,1,0,0,0,0,0,0,0,0,"- ","- ",38.730939999999997,-121.17216999999999,PLACER,UNINCORPORATED,-121.17095076,38.732165649999999
90494161,2017,2017-07-05,9220,2017-05-24,2310,014438,,3,3,9,3100,0,1,3,,1,249,"SR-49 (GRASS VALLEY HWY)","BELL RD",16.00,S,N,A,-,Y,,,49,,,,,,,N,1,1,0,2,A,-,11,21456,B,N,G,B,B,A,H,-,C,A,0,Y,,,,Y,,N,60,0,0,0,1,0,0,0,0,0,"- ","- ",38.941800000000001,-121.09690000000001,PLACER,UNINCORPORATED,-121.09702587,38.941763219999999
90515946,2017,2017-08-03,9221,2017-04-28,2500,013442,,5,4,9,3100,0,1,1,,2,386,"I-80 W/B","CALTRANS WHITMORE YARD ENTRANCE",68.00,W,N,A,-,Y,,,80,,,,,,W,Y,1,1,0,1,A,-,08,22107,,N,E,I,A,A,H,-,D,D,0,,,,,Y,,A,01,0,0,0,0,0,0,0,0,0,"- ","- ",39.258519999999997,-120.73263,PLACER,UNINCORPORATED,-120.73279622,39.25864035
90535943,2017,2017-08-29,9221,2017-08-18,1445,019671,,5,2,9,3100,0,1,1,,2,388,"I-80 WB","CISCO RD OC",1056.00,E,N,B,C,Y,,,80,,,,,,W,Y,2,0,2,1,A,-,03,22350,,N,E,I,A,B,H,-,A,D,0,,,,,Y,,A,01,1,0,1,0,0,0,0,0,0,"- ","- ",39.308039999999998,-120.54074,PLACER,UNINCORPORATED,-120.54077545,39.307986249999999
90551915,2017,2017-09-20,9220,2017-08-31,2050,014699,,4,2,9,3100,0,1,3,,1,249,"SR-49 S/B","HOLLY VISTA WAY",374.00,N,N,A,-,Y,,,49,,,,,,S,N,2,0,1,2,A,-,08,22107,,F,G,B,E,A,H,-,C,D,0,Y,,,,Y,,D,22,1,0,0,0,1,0,0,0,0,"- ","- ",38.923299999999998,-121.0835,PLACER,UNINCORPORATED,-121.08350692,38.923296299999997
90574363,2017,2018-01-10,9222,2017-10-13,0900,018593,,5,1,9,3100,0,1,3,,2,012,"STATE ROUTE 89","FAIRWAY DR",220.00,S,N,A,-,Y,,,89,,,,,,,Y,2,0,1,1,A,-,08,22107,,N,E,I,A,A,D,-,A,A,0,,,,,Y,,A,07,1,0,0,0,0,0,0,0,0,"- ","- ",39.166359999999997,-120.14666,PLACER,UNINCORPORATED,-120.14667507,39.166376669999998
90589383,2017,2017-11-07,9220,2017-10-21,1650,017375,,6,2,9,3100,0,3,5,,2,040,"MILL ROAD","SIERRA TRAIL",50.00,N,N,A,-,N,,,,,,,,,,N,2,0,1,2,A,-,21,22106,,N,G,B,E,A,H,-,A,D,0,Y,,,,Y,,A,01,1,0,0,0,1,0,0,0,0,"- ","- ",38.92962,-121.06413000000001,PLACER,UNINCORPORATED,-121.06404922999999,38.929773230000002
90605968,2017,2017-11-30,9221,2017-11-23,1530,017669,,4,2,9,3100,0,1,1,,2,384,"I-80 W/B","CAPE HORN UNDER CROSSING",2640.00,W,N,B,C,Y,,,80,,,,,,W,Y,2,0,1,1,A,-,08,22107,,N,E,I,A,B,H,-,A,D,0,,,,,Y,,A,01,1,0,0,0,0,0,0,0,0,"- ","- ",39.139180000000003,-120.92598,PLACER,UNINCORPORATED,-120.92597850999999,39.13919731
90625292,2017,2017-12-22,9221,2017-12-17,1357,013932,,7,1,9,3100,0,3,5,,2,070,"CANYON WAY","I-80 E/B",1584.00,W,N,A,-,N,,,,,,,,,,Y,2,0,1,1,A,-,01,23152,A,N,E,I,A,A,H,-,A,D,0,,,,,Y,Y,A,01,1,0,0,0,0,0,0,0,0,"- ","- ",39.073860000000003,-120.96062999999999,PLACER,UNINCORPORATED,-120.94937682,39.093798
90641476,2018,2018-01-17,9220,2018-01-03,1415,016481,,3,2,9,3100,0,1,3,,2,193,SR-193,"WOODLAKE LN",71.00,W,N,B,-,Y,,,,,,,,,,Y,2,0,1,1,A,-,01,23152,A,N,E,I,A,A,H,-,A,D,0,,,,,Y,Y,A,01,1,0,0,0,0,0,0,0,0,"- ","- ",38.228790283203125,-121.39907836914062,PLACER,UNINCORPORATED,-121.16743469238281,38.878143310546875
90660453,2018,2018-03-07,9220,2018-02-10,2219,017397,,6,3,9,3100,0,2,4,,2,023,"BARTON ROAD","DEL ORO ROAD",330.00,N,N,A,-,N,,,,,,,,,,Y,1,1,1,1,A,-,01,23152,A,N,E,I,A,A,H,-,D,D,0,,,,,Y,Y,A,07,0,1,0,0,0,0,0,0,0,"- ","- ",38.766010284423828,-121.19196319580078,PLACER,UNINCORPORATED,-121.19189453125,38.766075134277344
90662185,2018,2018-02-15,9220,2018-02-10,1830,15060,,6,2,5,3105,0,1,3,,1,265,"SR-65 (S/B)","GALLERIA BLVD.",528.00,S,N,A,-,Y,,,65,,,,,,,Y,2,0,1,1,A,-,03,22350,,N,F,A,A,A,H,-,C,D,0,,,Y,,Y,,C,02,1,0,0,0,0,0,0,0,1,"- ","- ",38.776241302490234,-121.26378631591797,PLACER,ROSEVILLE,-121.26377868652344,38.776256561279297
90672053,2018,2018-02-28,9220,2018-02-18,0750,016668,,7,1,5,3105,0,1,1,,2,281,"I-80 E/B","EAST ROSEVILLE PARKWAY",150.00,E,N,A,-,Y,,,80,,,,,,E,Y,2,0,2,2,A,-,01,23152,A,N,C,C,A,A,H,-,A,D,0,,,,,Y,Y,D,22,1,1,0,0,0,0,0,0,0,"- ","- ",38.763961791992188,-121.25760650634766,PLACER,ROSEVILLE,-121.25753784179688,38.763896942138672
90721890,2018,2018-05-08,9221,2018-04-28,0330,019671,,6,3,9,3100,0,1,3,,1,374,"SR-174 S/B","S. EDGE OF SR-174 BEAR RIVER BRIDGE",1056.00,S,N,A,-,Y,,,174,,,,,,S,Y,2,0,1,1,A,-,01,23153,A,N,E,I,A,A,H,-,D,D,0,,,,,Y,Y,A,01,1,0,0,0,0,0,0,0,0,"- ","- ",39.128849029541016,-120.9603271484375,PLACER,UNINCORPORATED,-120.96022033691406,39.128894805908203
90734789,2018,2018-05-25,9220,2018-05-17,1400,016616,,4,2,9,3100,0,3,5,,2,010,"SUNSET BOULEVARD WEST","FIDDYMENT RD",5808.00,W,N,A,-,N,,,,,,,,,,Y,2,0,1,1,A,-,08,22107,,N,E,I,A,A,H,-,A,D,0,,,,,Y,,A,07,1,0,0,0,0,0,0,0,0,"- ","- ",38.824440002441406,-121.36992645263672,PLACER,UNINCORPORATED,-121.36965942382812,38.824428558349609
90743644,2018,2018-06-07,9221,2018-05-23,1922,017979,,3,2,9,3100,0,1,1,,2,386,"I-80 E/B","YUBA GAP RD. O/C",3696.00,W,N,A,-,Y,,,80,,,,,,E,Y,2,0,1,1,A,-,08,22107,,N,E,I,A,A,H,-,A,D,0,,,,,Y,,A,07,1,0,0,0,0,0,0,0,0,"- ","- ",39.313831329345703,-120.62642669677734,PLACER,UNINCORPORATED,-120.62640380859375,39.313789367675781
90746287,2018,2018-06-12,9220,2018-06-02,0258,017397,,6,3,9,3100,0,1,3,,1,265,"SR-65 N/B","BLUE OAKS BLVD",1200.00,S,N,A,-,Y,,,,,,,,,,Y,2,0,3,2,A,-,01,23152,A,N,C,D,A,A,H,-,D,D,0,,,,,Y,Y,A,01,1,2,0,0,0,0,0,0,0,"- ","- ",38.792839050292969,-121.294677734375,PLACER,UNINCORPORATED,-121.29480743408203,38.792934417724609
90751296,2018,2018-06-19,9220,2018-06-08,1310,016657,,5,1,9,3100,0,2,4,,2,027,"AUBURN FOLSOM RD","MUIR WAY",625.00,S,N,A,-,N,,,,,,,,,,Y,2,0,1,1,A,-,08,22107,,N,E,I,A,A,H,-,A,D,0,,,Y,,Y,,C,02,1,0,0,0,0,0,0,0,1,"- ","- ",38.727180480957031,-121.17523956298828,PLACER,UNINCORPORATED,-121.17522430419922,38.727195739746094
90756452,2018,2018-06-26,9220,2018-05-27,1510,017818,,7,2,9,3100,0,2,4,,2,064,"FORESTHILL RD","HAPPY PINES DR.",0.00,,Y,A,-,N,,,,,,,,,,Y,2,0,2,2,A,-,09,21801,A,N,D,C,A,A,H,-,A,D,0,,,,,Y,Y,A,01,1,1,0,0,0,0,0,0,0,"- ","- ",39.001449584960938,-120.89061737060547,PLACER,UNINCORPORATED,-120.89055633544922,39.001499176025391
90778766,2018,2018-07-27,9220,2018-07-18,1330,013997,,3,1,9,3100,0,3,5,,2,060,"BLACKHAWK LANE","FORESTHILL RD",2640.00,N,N,A,-,N,,,,,,,,,,Y,2,0,1,1,A,-,08,22107,,N,F,A,A,A,H,-,A,D,0,,,Y,,Y,,C,02,1,0,0,0,0,0,0,0,1,"- ","- ",39.042610168457031,-120.79972076416016,PLACER,UNINCORPORATED,-120.79963684082031,39.042579650878906
90791058,2018,2018-08-15,9220,2018-08-05,1615,016682,,7,2,9,3100,0,1,3,,1,265,"SR-65 N/B","NELSON LANE",0.00,,Y,A,-,Y,,,65,,,,,,N,Y,2,0,2,2,A,-,09,21453,C,N,A,C,A,A,H,-,A,A,0,,,,,Y,,A,01,1,0,1,0,0,0,0,0,0,"- ","- ",38.886051177978516,-121.33999633789062,PLACER,UNINCORPORATED,-121.33999633789062,38.886054992675781
90815374,2018,2018-09-18,9220,2018-09-08,0449,017397,,6,3,9,3100,0,1,3,,2,293,"SR-193 W/B","DUTCH CT",4.00,W,N,A,-,Y,,,193,,,,,,W,Y,2,0,1,1,A,-,01,23152,A,N,E,I,A,A,H,-,D,D,0,,,,,Y,Y,A,07,1,0,0,0,0,0,0,0,0,"- ","- ",38.884349822998047,-121.17394256591797,PLACER,UNINCORPORATED,-121.17403411865234,38.884269714355469
90820005,2018,2018-09-24,9220,2018-07-06,1215,015242,,5,1,9,3100,0,1,3,,1,265,"SR-65 N/B","TWELVE BRIDGES DR. O/C",1270.00,S,N,A,-,Y,,,,,,,,,,Y,1,1,2,3,A,-,08,22107,,N,E,J,A,A,H,-,A,D,0,,,,,Y,,A,01,2,0,0,0,0,0,0,0,0,"- ","- ",38.847389221191406,-121.29959869384766,PLACER,UNINCORPORATED,,
90826672,2018,2018-10-02,9220,2018-09-28,1722,017818,,5,2,9,3100,0,1,1,,2,283,"I-80 E/B","DRY CREEK RD",1500.00,W,N,A,-,Y,,,80,,,,,,E,Y,2,0,1,1,A,-,08,22107,,N,E,I,A,A,H,-,A,D,0,,,Y,,Y,,C,02,1,0,0,0,0,0,0,0,1,"- ","- ",38.954479217529297,-121.03759002685547,PLACER,UNINCORPORATED,-121.03752899169922,38.954410552978516
90833222,2018,2018-10-10,9222,2018-10-04,0824,015908,,4,1,9,3100,0,1,3,,1,013,"SR-89 SOUTH","SILVER CREEK CAMPGROUND",6864.00,N,N,B,C,Y,,,89,,,,,,,Y,2,0,2,3,A,-,05,21650,,N,D,C,A,B,H,-,A,D,0,,,,,Y,,I,11,2,0,0,0,0,0,0,0,0,"- ","- ",39.241081237792969,-120.20964050292969,PLACER,UNINCORPORATED,-120.20968627929688,39.241065979003906
90838723,2018,2018-10-18,9220,2018-10-08,2245,016668,,1,3,9,3100,0,3,5,,2,010,"NELSON LANE","HEATHERBROOK LANE",13.00,W,N,A,-,N,,,,,,,,,,Y,2,0,1,1,A,-,08,22107,,N,E,I,A,A,H,-,D,D,0,,,,,Y,,A,08,1,0,0,0,0,0,0,0,0,"- ","- ",38.882091522216797,-121.34011840820312,PLACER,UNINCORPORATED,-121.34008026123047,38.88092041015625
90839878,2018,2018-10-19,9220,2018-10-13,1935,013794,,6,2,9,3100,0,3,5,,2,050,"HAINES ROAD","BELL ROAD",1056.00,N,N,A,-,N,,,,,,,,,,Y,2,0,5,1,A,-,08,22107,,N,E,I,A,A,H,-,D,D,0,,,,,Y,,A,01,1,4,0,0,0,0,0,0,0,"- ","- ",38.949810028076172,-121.04913330078125,PLACER,UNINCORPORATED,-121.04837036132812,38.94683837890625
90851689,2018,2018-11-02,9220,2018-10-29,0652,017397,,1,1,9,3100,0,2,4,,1,012,"BASELINE RD.","NEWTON ST.",60.00,E,N,A,-,N,,,,,,,,,,Y,2,0,2,2,A,-,03,22350,,N,C,C,A,A,H,-,D,D,0,,,,,Y,,A,07,1,1,0,0,0,0,0,0,0,"- ","- ",38.751609802246094,-121.45688629150391,PLACER,UNINCORPORATED,-121.45690155029297,38.751590728759766
90851927,2018,2018-11-02,9221,2018-09-11,0545,014763,,2,3,9,3100,0,1,1,,2,386,"I-80 WESTBOUND","CARPENTER FLAT U/C",2112.00,W,N,A,-,Y,,,80,,,,,,W,Y,1,1,0,2,A,-,08,22107,,N,B,E,A,A,H,-,D,D,0,,,,Y,Y,,D,22,0,0,0,0,0,0,0,0,0,"- ","- ",39.300441741943359,-120.66802978515625,PLACER,UNINCORPORATED,-120.66802215576172,39.300422668457031
90854080,2018,2018-11-06,9220,2018-11-01,0905,013856,,4,1,9,3100,0,3,5,,2,070,"CAPERTON CIRCLE","WOODSDALE COURT",1056.00,E,N,A,-,N,,,,,,,,,,N,2,0,2,2,A,-,08,22107,,M,B,E,A,A,H,-,A,D,0,,,,,Y,,A,01,1,0,1,0,0,0,0,0,0,"- ","- ",38.862148284912109,-121.21907806396484,PLACER,UNINCORPORATED,-121.21901702880859,38.862163543701172
90879855,2018,2018-12-11,9220,2018-11-23,2115,014438,,5,2,9,3100,0,3,5,,2,070,"HORSESHOE BAR ROAD","HAPPY ROAD",581.00,W,N,B,C,N,,,,,,,,,,Y,1,1,0,1,A,-,08,22107,,N,F,I,A,B,H,-,D,D,0,,,,,Y,,D,22,0,0,0,0,0,0,0,0,0,"- ","- ",38.814399719238281,-121.17369079589844,PLACER,UNINCORPORATED,-121.17356109619141,38.814476013183594
90904141,2019,2019-01-14,9221,2019-01-05,1413,018376,,6,2,9,3100,0,1,1,,2,385,"I-80 E/B","RIDGE RD",528.00,W,N,C,-,Y,,,80,,,,,,E,Y,2,0,2,2,A,-,03,22350,,N,C,C,A,B,H,-,A,D,0,,,,Y,Y,,D,22,1,1,0,0,0,0,0,0,0,"- ","- ",39.188529968261719,-120.83962249755859,PLACER,UNINCORPORATED,-120.83962249755859,39.188533782958984
90941883,2019,2019-03-07,9220,2019-02-26,1515,015042,,2,2,9,3100,0,1,1,,2,282,"I-80 W/B","HORSESHOE BAR ON RAMP",100.00,W,N,C,-,Y,,,,,,,,,,Y,2,0,1,2,A,-,01,23152,A,N,D,C,A,B,H,-,A,D,0,,,,,Y,Y,A,07,1,0,0,0,0,0,0,0,0,"- ","- ",38.814899444580078,-121.19184112548828,PLACER,UNINCORPORATED,,
90946566,2019,2019-03-14,9220,2019-02-26,1610,013465,,2,2,5,3105,0,1,3,,1,265,"SR-65 S/B TO I-80 W/B","TAYLOR RD",1214.00,E,N,B,C,Y,,,,,,,,,,Y,2,0,1,1,A,-,01,23152,A,N,E,I,A,B,H,-,A,D,0,,,,,Y,Y,D,22,1,0,0,0,0,0,0,0,0,"- ","- ",38.767818450927734,-121.25258636474609,PLACER,ROSEVILLE,,
90952394,2019,2019-03-25,9220,2019-03-19,1830,015042,,2,2,9,3100,0,3,5,,2,020,"AUBURN FOLSOM S/B","SHADY LAKE LANE",15.00,N,N,A,-,N,,,,,,,,,,N,2,0,1,1,A,-,03,22350,,N,F,A,A,A,H,-,A,D,0,,Y,,,Y,,L,04,1,0,0,0,0,0,1,0,0,"- ","- ",38.767051696777344,-121.15933990478516,PLACER,UNINCORPORATED,-121.15941619873047,38.766998291015625
90952494,2019,2019-03-25,9220,2019-03-12,2325,016657,,2,3,9,3100,0,2,4,,2,023,"BARTON ROAD","GREYSTONE PL",555.00,N,N,A,-,N,,,,,,,,,,Y,2,0,2,2,A,-,03,22350,,N,A,C,A,A,H,-,D,D,0,,,,,Y,,A,01,2,0,0,0,0,0,0,0,0,"- ","- ",38.722000122070312,-121.18759918212891,PLACER,UNINCORPORATED,-121.18763732910156,38.721939086914062
90988566,2019,2019-05-14,9221,2019-05-02,1620,021216,,4,2,9,3100,0,3,5,,2,070,"NARY RED ROAD","DRUM POWERHOUSE ROAD",528.00,E,N,A,-,N,,,,,,,,,,Y,2,0,1,1,C,-,18,,,N,E,I,A,A,H,-,A,D,0,,,,,Y,,-,"- ",1,0,0,0,0,0,0,0,0,"- ","- ",39.208728790283203,-120.81575012207031,PLACER,UNINCORPORATED,-120.81711578369141,39.209175109863281
9101028,2020,2020-11-03,3104,2020-05-05,0639,236,42,2,5,4,3104,0,0,0,,0,001,"SIERRA COLLEGE BL","CROSSINGS DR",0.00,,Y,A,-,N,,,,,,,,,,Y,2,0,1,2,A,-,12,21453,A,N,D,C,A,A,H,-,A,A,0,,,,,Y,,-,"- ",1,0,0,0,0,0,0,0,0,"- ","- ",38.800521850585938,-121.20538330078125,PLACER,ROCKLIN,-121.20548248291016,38.800559997558594
91023218,2019,2019-07-02,9220,2019-06-28,0920,014438,,5,1,9,3100,0,2,4,,2,027,"AUBURN FOLSOM RD. NORTHBOUND","DOUGLAS BLVD",270.00,N,N,B,-,N,,,,,,,,,,Y,2,0,1,2,A,-,07,21658,A,N,B,C,A,A,H,-,A,D,0,,,Y,,Y,,A,01,1,0,0,0,0,0,0,0,1,"- ","- ",38.744281768798828,-121.17056274414062,PLACER,UNINCORPORATED,-121.17060089111328,38.744190216064453
91026471,2019,2019-07-08,9220,2019-07-04,1900,017818,,4,2,9,3100,0,1,1,,2,283,"I-80 E/B","APPLEGATE RD",250.00,W,N,A,-,Y,,,,,,,,,,Y,2,0,1,1,A,-,01,23152,A,N,E,I,A,A,H,-,A,D,0,,,,,Y,Y,A,01,1,0,0,0,0,0,0,0,0,"- ","- ",39.003028869628906,-121.99403381347656,PLACER,UNINCORPORATED,-120.98334503173828,39.018131256103516
91046496,2019,2019-08-06,9220,2019-08-03,2140,015272,,6,2,9,3100,0,3,5,,2,050,"TAM-O-SHANTER LN","CALLOWAY CIR",125.00,E,N,A,-,N,,,,,,,,,,N,2,0,1,2,A,-,01,23153,A,N,G,B,F,A,H,-,D,D,0,Y,,,,Y,Y,D,22,1,0,0,0,1,0,0,0,0,"- ","- ",38.932498931884766,-121.08132934570312,PLACER,UNINCORPORATED,-121.08141326904297,38.932430267333984
91054328,2019,2019-08-19,9220,2019-08-07,1155,016654,,3,1,4,3104,0,1,1,,2,281,"I-80 W/B",SR-65,2640.00,E,N,A,-,Y,,,80,,,,,,W,Y,2,0,1,3,A,-,03,22350,,N,C,C,A,A,H,-,A,D,0,,,,,Y,,D,22,1,0,0,0,0,0,0,0,0,"- ","- ",38.774490356445312,-121.24172210693359,PLACER,ROCKLIN,-121.24166107177734,38.774402618408203
91061632,2019,2019-08-28,9222,2019-08-01,1725,019294,,4,2,9,3100,0,1,3,,1,011,"SR 89 (SOUTH)","SEQUOIA AVENUE (NORTH)",2112.00,S,N,A,-,Y,,,89,,,,,,,N,2,0,1,2,A,-,09,21804,A,N,D,G,A,A,H,-,A,D,0,,Y,,,Y,,L,04,1,0,0,0,0,0,1,0,0,"- ","- ",39.147289276123047,-120.14765167236328,PLACER,UNINCORPORATED,-120.14765930175781,39.147304534912109
91086727,2019,2019-09-30,9220,2019-09-23,1720,015042,,1,2,9,3100,0,1,3,,1,249,"S.R.49 S/B","WILLOW CREEK DRIVE",278.00,S,N,A,-,Y,,,,,,,,,,Y,2,0,1,3,A,-,09,21804,A,N,D,C,A,A,H,-,A,D,0,,,,,Y,,A,01,1,0,0,0,0,0,0,0,0,"- ","- ",38.937610626220703,-121.09551239013672,PLACER,UNINCORPORATED,,