CASE_ID,ACCIDENT_YEAR,PROC_DATE,JURIS,COLLISION_DATE,COLLISION_TIME,OFFICER_ID,REPORTING_DISTRICT,DAY_OF_WEEK,CHP_SHIFT,POPULATION,CNTY_CITY_LOC,SPECIAL_COND,BEAT_TYPE,CHP_BEAT_TYPE,CITY_DIVISION_LAPD,CHP_BEAT_CLASS,BEAT_NUMBER,PRIMARY_RD,SECONDARY_RD,DISTANCE,DIRECTION,INTERSECTION,WEATHER_1,WEATHER_2,STATE_HWY_IND,CALTRANS_COUNTY,CALTRANS_DISTRICT,STATE_ROUTE,ROUTE_SUFFIX,POSTMILE_PREFIX,POSTMILE,LOCATION_TYPE,RAMP_INTERSECTION,SIDE_OF_HWY,TOW_AWAY,COLLISION_SEVERITY,NUMBER_KILLED,NUMBER_INJURED,PARTY_COUNT,PRIMARY_COLL_FACTOR,PCF_CODE_OF_VIOL,PCF_VIOL_CATEGORY,PCF_VIOLATION,PCF_VIOL_SUBSECTION,HIT_AND_RUN,TYPE_OF_COLLISION,MVIW,PED_ACTION,ROAD_SURFACE,ROAD_COND_1,ROAD_COND_2,LIGHTING,CONTROL_DEVICE,CHP_ROAD_TYPE,PEDESTRIAN_ACCIDENT,BICYCLE_ACCIDENT,MOTORCYCLE_ACCIDENT,TRUCK_ACCIDENT,NOT_PRIVATE_PROPERTY,ALCOHOL_INVOLVED,STWD_VEHTYPE_AT_FAULT,CHP_VEHTYPE_AT_FAULT,COUNT_SEVERE_INJ,COUNT_VISIBLE_INJ,COUNT_COMPLAINT_PAIN,COUNT_PED_KILLED,COUNT_PED_INJURED,COUNT_BICYCLIST_KILLED,COUNT_BICYCLIST_INJURED,COUNT_MC_KILLED,COUNT_MC_INJURED,PRIMARY_RAMP,SECONDARY_RAMP,LATITUDE,LONGITUDE,COUNTY,CITY,POINT_X,POINT_Y
91100499,2019,2019-10-18,9221,2019-10-12,1425,014763,,6,2,9,3100,0,1,1,,2,386,"I-80 EASTBOUND","DRUM FOREBAY RD",15840.00,E,N,A,-,Y,,,80,,,,,,E,Y,2,0,2,1,A,-,17,21662,A,N,E,I,A,A,H,-,A,D,0,,,,,Y,,A,01,1,1,0,0,0,0,0,0,0,"- ","- ",39.268760681152344,-120.72226715087891,PLACER,UNINCORPORATED,-120.72214508056641,39.268386840820312
91107080,2019,2019-10-25,9220,2019-10-11,1128,016031,,5,1,9,3100,0,2,4,,2,027,"AUBURN FOLSOM RD","CAVITT STALLMAN RD",20.00,N,N,A,-,N,,,,,,,,,,Y,2,0,2,2,A,-,05,21650,,N,A,C,A,A,C,D,A,D,0,,,,,Y,,A,01,1,1,0,0,0,0,0,0,0,"- ","- ",38.766529083251953,-121.16261291503906,PLACER,UNINCORPORATED,-121.16268157958984,38.766460418701172
91122691,2019,2019-11-18,9220,2019-11-10,1522,017863,,7,2,9,3100,0,2,4,,2,066,"MOSQUITO RIDGE RD","FOREST SERVICE RD. 96-40",20.00,S,N,A,-,N,,,,,,,,,,Y,2,0,2,1,C,-,18,,,N,H,H,A,A,H,-,A,D,0,,,Y,,Y,,-,"- ",1,1,0,0,0,0,0,0,2,"- ","- ",39.083938598632812,-120.55046844482422,PLACER,UNINCORPORATED,-120.55039978027344,39.084064483642578
91125762,2019,2019-11-21,9222,2019-11-16,1730,017907,,6,2,9,3100,0,1,3,,1,011,"SR-89 SOUTH (WEST SHORE BOULEVARD)","TALLAC AVE",528.00,N,N,A,-,Y,,,89,,,,,,,Y,2,0,1,2,A,-,03,22350,,N,D,C,A,A,H,-,D,D,0,,,,,Y,,A,01,1,0,0,0,0,0,0,0,0,"- ","- ",39.108070373535156,-120.16130065917969,PLACER,UNINCORPORATED,-120.16119384765625,39.108051300048828
91129710,2019,2019-11-26,9221,2019-11-01,0605,016588,,5,1,9,3100,0,1,1,,2,386,"I-80 E/B","BLUE CANYON ROAD U/C",2112.00,W,N,A,-,Y,,,80,,,,,,E,Y,2,0,1,2,A,-,08,22107,,N,C,C,A,A,H,-,D,D,0,,,,Y,Y,,G,25,1,0,0,0,0,0,0,0,0,"- ","- ",39.280498504638672,-120.71047210693359,PLACER,UNINCORPORATED,-120.71049499511719,39.280544281005859
91185158,2020,2020-02-12,9222,2020-02-09,0400,015908,,7,3,9,3100,0,3,5,,2,010,"SR-89 SOUTH","MCKINNEY DR",490.00,N,N,B,-,Y,,,89,,,,,,,Y,2,0,2,1,A,-,01,23152,A,N,E,I,A,C,H,-,A,D,0,,,,,Y,Y,A,01,1,1,0,0,0,0,0,0,0,"- ","- ",39.074790954589844,-120.14675140380859,PLACER,UNINCORPORATED,-120.14675903320312,39.074733734130859
91185752,2020,2020-02-12,9220,2020-02-09,1117,013997,,7,1,9,3100,0,3,5,,2,060,"DIRT ACCESS ROAD","FORESTHILL ROAD",2640.00,N,N,A,-,N,,,,,,,,,,N,2,0,1,1,B,-,22,,,N,F,A,A,A,H,-,A,D,0,,,Y,,Y,,C,02,1,0,0,0,0,0,0,0,1,"- ","- ",39.032600402832031,-120.79853057861328,PLACER,UNINCORPORATED,,
91186431,2020,2020-02-13,9220,2020-02-12,1450,016481,,3,2,9,3100,0,2,4,,2,058,"DRY CREEK RD","WINDSONG PLACE",200.00,W,N,A,-,N,,,,,,,,,,Y,2,0,1,1,A,-,08,22107,,N,E,J,A,A,H,-,A,D,0,,,,,Y,,D,22,1,0,0,0,0,0,0,0,0,"- ","- ",38.962070465087891,-121.07451629638672,PLACER,UNINCORPORATED,-121.08462524414062,38.962211608886719
91205410,2020,2020-03-10,9220,2020-02-29,2105,15060,,6,2,5,3105,0,1,1,,2,281,"I-80 E/B TO RI.VERSIDE AVE.","RIVERSIDE AVE.",260.00,W,N,B,C,Y,,,80,,,,R,,E,Y,2,0,1,1,A,-,03,22350,,N,E,I,A,B,H,-,C,D,0,,,,,Y,,A,01,1,0,0,0,0,0,0,0,0,"- ","- ",38.722789764404297,-121.29145812988281,PLACER,ROSEVILLE,-121.29145812988281,38.722789764404297
91209011,2020,2020-03-16,9220,2020-02-27,1550,015917,,4,2,9,3100,0,1,3,,1,267,SR-65,"BEAR RIVER BRIDGE",450.00,S,N,A,-,Y,,,65,,,,,,,Y,2,0,1,2,A,-,03,22350,,N,C,C,A,A,H,-,A,D,0,,,Y,,Y,,C,02,1,0,0,0,0,0,0,0,1,"- ","- ",38.999198913574219,-121.40599822998047,PLACER,UNINCORPORATED,-121.40583038330078,38.999500274658203
91211264,2020,2020-03-20,9220,2020-03-09,1030,013794,,1,1,9,3100,0,1,3,,1,249,"SR-49 (GRASS VALLEY HIGHWAY)","CRAMER ROAD",300.00,N,N,A,-,Y,,,49,,,,,,,Y,2,0,3,3,A,-,07,21658,A,N,B,C,A,A,H,-,A,D,0,,,,,Y,,A,01,3,0,0,0,0,0,0,0,0,"- ","- ",38.986698150634766,-121.10959625244141,PLACER,UNINCORPORATED,-121.10971069335938,38.986690521240234
91215600,2019,2020-03-25,9221,2019-12-30,1253,018213,,1,1,9,3100,0,1,1,,2,386,"I-80 E/B","WHITMORE ROAD",1966.00,E,N,A,-,Y,,,80,,,,,,E,Y,1,1,0,1,A,-,08,22107,,N,E,I,A,A,H,-,A,D,0,,,,,Y,,A,01,0,0,0,0,0,0,0,0,0,"- ","- ",39.2606201171875,-120.72927093505859,PLACER,UNINCORPORATED,-120.72920227050781,39.260585784912109
91247349,2020,2020-06-04,9220,2020-05-30,1902,020447,,6,2,5,3105,0,1,3,,1,265,"SR-65 S/B","TAYLOR RD",635.00,N,N,B,C,Y,,,65,,,,,,S,Y,2,0,2,3,A,-,03,22350,,N,E,I,A,B,H,-,A,D,0,,,,Y,Y,,A,01,1,0,1,0,0,0,0,0,0,"- ","- ",38.772850036621094,-121.25450134277344,PLACER,ROSEVILLE,-121.25448608398438,38.772907257080078
91257469,2020,2020-06-25,9221,2020-06-06,2226,019837,,6,3,9,3100,0,1,1,,2,384,"I-80 W/B","CAPE HORN RD",264.00,W,N,B,-,Y,,,80,,,,,,W,Y,2,0,1,1,A,-,03,22350,,N,E,I,A,A,H,-,D,D,0,,,Y,,Y,,C,02,1,0,0,0,0,0,0,0,1,"- ","- ",39.138748168945312,-120.92787933349609,PLACER,UNINCORPORATED,-120.92789459228516,39.138774871826172
91263730,2020,2020-07-06,9220,2020-06-29,1810,017027,,1,2,9,3100,0,2,4,,2,064,"FORESTHILL RD","SIERRA VIEW LANE",0.00,,Y,A,-,N,,,,,,,,,,Y,2,0,1,2,A,-,09,21804,A,N,D,C,A,A,H,-,A,D,0,,,,,Y,,A,08,1,0,0,0,0,0,0,0,0,"- ","- ",39.012298583984375,-120.84008026123047,PLACER,UNINCORPORATED,-120.84011840820312,39.012290954589844
91269748,2020,2020-07-16,9220,2020-07-11,1800,014611,,6,2,5,3105,0,1,3,,1,265,"SR-65 N/B","BLUE OAKS BLVD",1056.00,S,N,A,-,Y,,,65,,,,,,N,Y,2,0,1,1,A,-,08,22107,,N,E,I,A,A,H,-,A,D,0,,,,,Y,,A,01,1,0,0,0,0,0,0,0,0,"- ","- ",38.790859222412109,-121.29193878173828,PLACER,ROSEVILLE,-121.29199981689453,38.790763854980469
91271750,2020,2020-07-21,9220,2020-07-10,2013,017482,,5,2,9,3100,0,2,4,,2,027,"AUBURN FOLSOM RD","WILLOW VALLEY PL",0.00,,N,A,-,N,,,,,,,,,,Y,2,0,2,2,A,-,01,23152,A,N,A,C,A,A,H,-,B,D,0,,,,,Y,Y,D,22,2,0,0,0,0,0,0,0,0,"- ","- ",38.791149139404297,-121.13935089111328,PLACER,UNINCORPORATED,-121.13906860351562,38.791580200195312
91283147,2020,2020-08-10,9220,2020-07-31,2048,017482,,5,2,9,3100,0,3,5,,2,060,"YANKEE JIMS RD","ADAM PIT RD",2099.00,W,N,A,-,N,,,,,,,,,,N,2,0,1,1,A,-,08,22107,,N,E,I,A,A,H,-,B,D,0,,,Y,,Y,Y,C,02,1,0,0,0,0,0,0,0,1,"- ","- ",39.025218963623047,-120.83319854736328,PLACER,UNINCORPORATED,-120.8336181640625,39.025188446044922
91287934,2020,2020-08-18,9220,2020-08-16,2345,017397,,7,3,9,3100,0,2,4,,1,011,"PFE RD","WATT AVE",0.00,,Y,A,-,N,,,,,,,,,,Y,2,0,2,1,A,-,01,23152,A,N,E,I,A,A,H,-,D,D,0,,,,,Y,Y,A,01,1,1,0,0,0,0,0,0,0,"- ","- ",38.728870391845703,-121.39275360107422,PLACER,UNINCORPORATED,-121.39247894287109,38.7288818359375
91304480,2020,2020-09-14,9222,2020-09-09,2000,017288,,3,2,9,3100,0,1,3,,1,013,"SR-89 SOUTH","CABIN CREEK",1584.00,N,N,A,-,Y,,,89,,,,,,,Y,2,0,1,1,C,-,18,,,N,H,H,A,A,H,-,D,D,0,,,Y,,Y,,-,"- ",1,0,0,0,0,0,0,0,1,"- ","- ",39.292758941650391,-120.20755004882812,PLACER,UNINCORPORATED,-120.20760345458984,39.292778015136719
9130626,2020,2020-11-05,3100,2020-06-29,2036,62,,1,5,1,3102,0,0,0,,0,CO-C,"CANYON WY","CANYON CREEK DR",269.00,N,N,A,-,N,,,,,,,,,,Y,2,0,1,1,A,-,01,23152,A,N,F,A,A,A,H,-,B,D,0,,,,,Y,Y,-,,1,0,0,0,0,0,0,0,0,"- ","- ",,,PLACER,COLFAX,-120.95839691162109,39.080722808837891
91312163,2020,2020-10-05,9222,2020-09-14,1326,017907,,1,1,9,3100,0,1,3,,1,011,"SR-89 SOUTH","CEDAR POINT",1056.00,S,N,A,-,Y,,,89,,,,,,,Y,2,0,2,2,A,-,01,23152,A,N,A,C,A,A,H,-,A,D,0,,,,,Y,Y,D,22,2,0,0,0,0,0,0,0,0,"- ","- ",39.147300720214844,-120.14766693115234,PLACER,UNINCORPORATED,-120.14766693115234,39.147296905517578
91321013,2020,2020-10-09,9220,2020-09-21,2210,013997,,1,3,9,3100,0,1,3,,1,267,"SR-65 (NORTHBOUND)","RIOSA ROAD",0.00,,Y,A,-,Y,,,65,,,,,,,Y,1,1,4,3,A,-,12,21453,A,N,A,C,A,A,H,-,C,A,0,,,,,Y,Y,D,22,0,4,0,0,0,0,0,0,0,"- ","- ",38.978900909423828,-121.38240051269531,PLACER,UNINCORPORATED,-121.38251495361328,38.978843688964844
91322358,2020,2020-10-12,9220,2020-09-09,0705,015917,,3,1,9,3100,0,3,5,,2,010,"FIDDYMENT RD","WEST SUNSET BLVD",520.00,S,N,A,F,N,,,,,,,,,,Y,2,0,1,2,A,-,08,22107,,N,B,C,A,A,H,-,A,D,0,,,,Y,Y,,G,25,1,0,0,0,0,0,0,0,0,"- ","- ",38.822399139404297,-121.34940338134766,PLACER,UNINCORPORATED,-121.34928131103516,38.823123931884766
91327053,2020,2020-10-20,9220,2020-06-29,1515,016031,,1,2,9,3100,0,1,1,,2,282,"I-80 E/B",SR-193,244.00,W,N,A,-,Y,,,80,,,,,,E,Y,1,1,0,1,C,-,18,,,N,B,I,A,A,H,-,A,D,0,,,,,Y,,-,"- ",0,0,0,0,0,0,0,0,0,"- ","- ",38.878040313720703,-121.12624359130859,PLACER,UNINCORPORATED,-121.12624359130859,38.878086090087891
91327152,2020,2020-10-20,9220,2020-09-11,1910,016682,,5,2,9,3100,0,3,5,,2,020,"DOUGLAS BLVD","SEENO AVE.",106.00,W,N,A,-,N,,,,,,,,,,Y,2,0,1,1,C,-,18,,,N,E,I,A,A,H,-,B,D,0,,,,,Y,,-,"- ",1,0,0,0,0,0,0,0,0,"- ","- ",38.743709564208984,-121.21576690673828,PLACER,UNINCORPORATED,-121.21108245849609,38.743919372558594
91333502,2020,2020-10-28,9221,2020-09-04,0242,019020,,5,3,9,3100,0,1,1,,2,386,"I-80 W/B","BLUE CANYON RD",4191.00,E,N,A,-,Y,,,80,,,,,,W,Y,1,1,0,2,A,-,01,23152,A,N,A,C,A,A,H,-,C,A,0,,,,Y,Y,Y,A,01,0,0,0,0,0,0,0,0,0,"- ","- ",39.290199279785156,-120.69129943847656,PLACER,UNINCORPORATED,-120.6912841796875,39.290164947509766
91342113,2020,2020-11-09,9221,2020-11-02,0105,015950,,1,3,9,3100,0,1,3,,1,320,"SR-20 JEO BOWMAN LAKE ROAD","BOWMAN LAKE ROAD",1584.00,E,N,A,-,Y,,,20,,,,,,,Y,2,0,1,1,A,-,01,23152,A,N,E,I,A,A,H,-,D,A,0,,,,,Y,Y,D,22,1,0,0,0,0,0,0,0,0,"- ","- ",39.305660247802734,-120.66529846191406,PLACER,UNINCORPORATED,-120.66530609130859,39.305698394775391
91357050,2020,2020-12-02,9220,2020-11-04,0945,015168,,3,1,9,3100,0,2,4,,2,077,"AUBURN FOLSOM ROAD S/B","LEES LANE",87.00,S,N,A,-,N,,,,,,,,,,Y,1,1,0,1,A,-,08,22107,,N,E,I,A,A,H,-,A,D,0,,,,,Y,,D,22,0,0,0,0,0,0,0,0,0,"- ","- ",38.861099243164062,-121.10240173339844,PLACER,UNINCORPORATED,-121.10253143310547,38.861072540283203
91376318,2020,2020-12-28,9220,2020-12-20,2500,013997,,7,4,9,3100,0,3,5,,2,060,"MOSQUITO RIDGE ROAD (TAHOE NF)","FOREST ROUTE #23 OXBOW RESERVOIR",6336.00,S,N,A,-,N,,,,,,,,,,N,2,0,2,1,A,-,08,22107,,N,F,A,A,A,H,-,A,D,0,,,,,Y,,A,07,2,0,0,0,0,0,0,0,0,"- ","- ",39.052268981933594,-120.63813781738281,PLACER,UNINCORPORATED,-120.63812255859375,39.052219390869141
91387597,2020,2021-01-14,9220,2020-12-29,2105,015272,,2,2,4,3104,0,3,5,,2,010,"SUNSET BLVD","SR-65 S/B",0.00,,Y,A,-,N,,,,,,,,,,Y,2,0,2,2,A,-,17,21461,A,N,D,C,A,A,H,-,C,A,0,,,,,Y,,A,01,1,0,1,0,0,0,0,0,0,"- ","- ",38.817188262939453,-121.30193328857422,PLACER,ROCKLIN,-121.301985,38.817245
91388702,2021,2021-01-18,9221,2021-01-08,0250,017979,,5,3,9,3100,0,1,1,,2,386,"I-80 W/B","DRUM FOREBAY RD. O/C",2640.00,E,N,A,-,Y,,,80,,,,,,W,Y,2,0,1,1,A,-,08,22107,,N,E,I,A,A,H,-,D,D,0,,,,,Y,,A,01,1,0,0,0,0,0,0,0,0,"- ","- ",39.243038177490234,-120.75102233886719,PLACER,UNINCORPORATED,-120.75105285644531,39.243091583251953
91395284,2021,2021-01-27,9221,2021-01-22,0940,015950,,5,1,9,3100,0,1,1,,2,386,"I-80 WESTBOUND","LAKE VALLEY ROAD",7392.00,W,N,D,-,Y,,,80,,,,,,W,Y,2,0,2,6,A,-,03,22350,,N,D,C,E,C,H,-,A,D,0,Y,,,Y,Y,,G,25,1,1,0,0,2,0,0,0,0,"- ","- ",39.310848236083984,-120.63430786132812,PLACER,UNINCORPORATED,-120.63430023193359,39.310794830322266
91420112,2021,2021-03-03,9221,2021-02-24,0235,016634,,3,3,9,3100,0,1,1,,2,388,"I-80 W/B","HAMPSHIRE ROCKS RD",528.00,W,N,A,-,Y,,,80,,,,,,W,Y,2,0,1,1,A,-,01,23152,A,N,E,J,A,A,H,-,C,D,0,,,,,Y,Y,A,01,1,0,0,0,0,0,0,0,0,"- ","- ",39.312221527099609,-120.5057373046875,PLACER,UNINCORPORATED,-120.50572967529297,39.312282562255859
91426304,2021,2021-03-12,9220,2021-03-09,2020,013465,,2,2,9,3100,0,3,5,,2,010,"ATHENS AVE","FIDDYMENT RD",24.00,E,N,B,-,N,,,,,,,,,,Y,2,0,1,2,A,-,01,23152,A,N,C,C,A,B,H,-,D,A,0,,,,,Y,Y,D,22,1,0,0,0,0,0,0,0,0,"- ","- ",38.838909149169922,-121.34928894042969,PLACER,UNINCORPORATED,-121.34931945800781,38.838890075683594
91429471,2021,2021-03-17,9220,2021-03-16,1625,013465,,2,2,9,3100,0,3,5,,2,010,"SR-65 S/B OFF TO SUNSET BLVD","SUNSET BLVD",0.00,,Y,A,-,Y,,,65,,,,R,,S,Y,2,0,1,2,A,-,12,21453,A,N,D,C,A,A,H,-,A,A,0,,,Y,,Y,,C,02,1,0,0,0,0,0,0,0,1,"- ","- ",38.817371368408203,-121.30197143554688,PLACER,UNINCORPORATED,-121.30197143554688,38.817371368408203
91458618,2021,2021-04-26,9222,2021-04-13,1422,016576,,2,2,9,3100,0,3,5,,2,010,"LANNY LANE","RUSSELL ROAD",695.00,E,N,B,-,N,,,,,,,,,,Y,1,1,0,2,A,-,03,22350,,N,F,A,A,A,H,-,A,D,0,,,Y,,Y,,C,02,0,0,0,0,0,0,0,1,0,"- ","- ",39.206790924072266,-120.21859741210938,PLACER,UNINCORPORATED,-120.21829223632812,39.2069091796875
91465579,2021,2021-05-04,9220,2021-04-28,0004,016685,,3,3,5,3105,0,1,1,,2,281,"I-80 E/B","RIVERSIDE AVENUE",1320.00,E,N,A,-,Y,,,,,,,,,,Y,2,0,1,1,A,-,01,23152,A,N,E,I,A,A,H,-,D,D,0,,,,,Y,Y,A,01,1,0,0,0,0,0,0,0,0,"- ","- ",,,PLACER,ROSEVILLE,-121.290283203125,38.724815368652344
91473459,2021,2021-05-28,9220,2021-05-04,0545,015961,,2,3,9,3100,0,3,5,,2,010,"FIDDYMENT RD","ATHENS AVE",2640.00,S,N,A,-,N,,,,,,,,,,Y,2,0,3,3,A,-,05,21752,A,N,A,C,A,A,H,-,B,D,0,,,,,Y,,A,01,2,1,0,0,0,0,0,0,0,"- ","- ",38.831901550292969,-121.34909820556641,PLACER,UNINCORPORATED,-121.349365234375,38.831642150878906
91473764,2021,2021-05-27,9221,2021-05-08,1720,018530,,6,2,9,3100,0,3,5,,2,070,"BLUE CANYON ROAD","AIRPORT ROAD",0.00,,Y,A,-,N,,,,,,,,,,N,2,0,1,1,A,-,03,22350,,N,F,I,A,A,H,-,A,D,0,,,Y,,Y,,C,06,1,0,0,0,0,0,0,0,1,"- ","- ",39.277420043945312,-120.70736694335938,PLACER,UNINCORPORATED,-120.70735931396484,39.277565002441406
91496029,2021,2021-06-14,9220,2021-06-02,2120,016682,,3,2,9,3100,0,3,5,,2,020,"DOUGLAS BLVD","JOE RODGERS RD.",388.00,E,N,A,-,N,,,,,,,,,,Y,2,0,1,1,A,-,08,22107,,N,F,A,A,A,H,-,D,D,0,,,Y,,Y,,C,02,1,0,0,0,0,0,0,0,1,"- ","- ",38.743888854980469,-121.18483734130859,PLACER,UNINCORPORATED,-121.18354034423828,38.743785858154297
91500234,2021,2021-06-18,9220,2021-05-10,1618,015624,,1,2,9,3100,0,3,5,,2,070,"I-80 W/B TO PENRYN ROAD","PENRYN ROAD",0.00,,Y,A,-,N,,,80,,,,R,,W,Y,2,0,4,2,A,-,01,23152,F,N,D,C,A,A,H,-,A,A,0,,,,,Y,,I,12,1,3,0,0,0,0,0,0,0,"- ","- ",38.835639953613281,-121.16847229003906,PLACER,UNINCORPORATED,-121.16847229003906,38.835639953613281
91501528,2021,2021-06-21,9222,2021-06-15,1056,019233,,2,1,9,3100,0,3,5,,2,010,"GROVE ST",SR-28,245.00,S,N,A,-,N,,,,,,,,,,N,2,0,1,1,A,-,03,22350,,N,E,I,A,A,H,-,A,D,0,,Y,,,Y,,L,04,1,0,0,0,0,0,1,0,0,"- ","- ",39.171588897705078,-120.13896179199219,PLACER,UNINCORPORATED,-120.13899993896484,39.171604156494141
91508075,2021,2021-06-28,9220,2021-06-19,2215,018768,,6,3,9,3100,0,2,4,,2,066,"MOSQUITO RIDGE RD","DUNCAN CREEK",15.00,W,N,A,-,N,,,,,,,,,,Y,2,0,1,1,A,-,08,22107,,N,E,I,A,A,H,-,D,D,0,,,,,Y,,A,08,1,0,0,0,0,0,0,0,0,"- ","- ",39.12213134765625,-120.49269866943359,PLACER,UNINCORPORATED,,
91517842,2021,2021-07-15,9220,2021-04-29,0958,013975,,4,1,9,3100,0,2,4,,2,071,"SIERRA COLLEGE BLVD","INDIAN OAKS DRIVE",100.00,N,N,A,-,N,,,,,,,,,,Y,1,1,0,2,A,-,05,21460,A,N,C,C,A,A,H,-,A,D,0,,,Y,Y,Y,,C,02,0,0,0,0,0,0,0,1,0,"- ","- ",38.875099182128906,-121.23780059814453,PLACER,UNINCORPORATED,-121.23785400390625,38.875453948974609
91521106,2021,2021-07-23,9222,2021-07-10,1233,017288,,6,1,9,3100,0,1,3,,1,016,SR-267,"MARTIS PEAK ROAD",876.00,N,N,A,-,Y,,,267,,,,,,,Y,2,0,1,1,A,-,08,22107,,N,E,8,A,A,H,-,A,D,0,,,,,Y,,A,07,1,0,0,0,0,0,0,0,0,"- ","- ",39.263828277587891,-120.07209777832031,PLACER,UNINCORPORATED,-120.07202911376953,39.263835906982422
91526606,2021,2021-07-22,9221,2021-07-18,1619,019565,,7,2,9,3100,0,3,5,,2,070,"PLACER HILLS RD","ILLINOISTOWN O/C",1150.00,W,N,A,-,N,,,,,,,,,,Y,2,0,1,1,A,-,03,22350,,N,E,I,A,A,H,-,A,D,0,,,Y,,Y,,C,02,1,0,0,0,0,0,0,0,1,"- ","- ",39.075660705566406,-120.96199798583984,PLACER,UNINCORPORATED,-120.96187591552734,39.075809478759766
91528537,2021,2021-07-26,9220,2021-07-18,1430,015060,,7,2,9,3100,0,3,5,,2,070,"HORSESHOE BAR RD.","VAL VERDE RD.",900.00,E,N,A,-,N,,,,,,,,,,Y,2,0,1,1,A,-,08,22107,,N,E,I,A,A,H,-,A,D,0,,,,,Y,,A,07,1,0,0,0,0,0,0,0,0,"- ","- ",38,-121,PLACER,UNINCORPORATED,-121.16081237792969,38.8099365234375
91535883,2021,2021-08-03,9220,2021-07-22,1225,015838,,4,1,9,3100,0,2,4,,2,015,"INDUSTRIAL AVE.","LON MCANALLY LOOP",25.00,S,N,A,-,N,,,,,,,,,,Y,2,0,1,2,A,-,03,22350,,N,C,C,A,A,H,-,A,A,0,,,Y,,Y,,A,07,1,0,0,0,0,0,0,0,1,"- ","- ",38.826229095458984,-121.30709075927734,PLACER,UNINCORPORATED,,
91539901,2021,2021-08-09,9222,2021-07-31,1022,017288,,6,1,9,3100,0,3,5,,2,010,SR-28,"COON STREET",285.00,E,N,A,-,Y,,,28,,,,,,,Y,2,0,1,2,A,-,05,21202,A,N,D,G,A,A,H,-,A,D,0,,Y,,,Y,Y,L,04,1,0,0,0,0,0,1,0,0,"- ","- ",39.235679626464844,-120.02094268798828,PLACER,UNINCORPORATED,-120.02097320556641,39.235557556152344
91551317,2021,2021-08-23,9220,2021-08-14,2330,018315,,6,3,9,3100,0,1,S,,2,904,"I-80 (E/B)","WEST PAOLI LANE",386.00,S,N,A,-,Y,,,80,,,,,,,Y,2,0,1,1,A,-,03,22350,,N,E,I,A,A,H,-,C,D,0,,,Y,,Y,,C,02,1,0,0,0,0,0,0,0,1,"- ","- ",39.033901214599609,-120.97612762451172,PLACER,UNINCORPORATED,-120.97574615478516,39.033721923828125
91562194,2021,2021-09-03,9220,2021-08-31,1219,013465,,2,1,5,3105,0,1,3,,1,265,"SR-65 S/B","GALLERIA BLVD",1954.00,S,N,A,-,Y,,,,,,,,,,Y,2,0,1,1,A,-,08,22107,,N,E,I,A,A,H,-,A,D,0,,,,,Y,,A,07,1,0,0,0,0,0,0,0,0,"- ","- ",38.819801330566406,-121.02760314941406,PLACER,ROSEVILLE,-121.25994110107422,38.774459838867188
91566168,2021,2021-09-09,9220,2021-09-05,0020,017762,,7,3,9,3100,0,2,4,,2,027,"AUBURN-FOLSOM RD.","POWERHOUSE RD",36.00,N,N,A,-,N,,,,,,,,,,Y,2,0,1,1,A,-,08,22107,,N,F,A,A,A,H,-,C,D,0,,,Y,,Y,,C,02,1,0,0,0,0,0,0,0,1,"- ","- ",38.854450225830078,-121.10733795166016,PLACER,UNINCORPORATED,-121.10728454589844,38.854423522949219
91567589,2021,2021-09-10,9220,2021-09-05,2025,016657,,7,2,9,3100,0,2,4,,2,064,"ARROWHEAD DR","CRESTLINE DRIVE",528.00,S,N,A,-,N,,,,,,,,,,Y,2,0,1,1,A,-,01,23152,A,N,E,I,A,A,H,-,C,D,0,,,Y,,Y,Y,C,02,1,0,0,0,0,0,0,0,1,"- ","- ",38.984851837158203,-121.89034271240234,PLACER,UNINCORPORATED,-120.89012145996094,38.986034393310547
91570027,2021,2021-09-14,9220,2021-09-11,1235,015869,,6,1,9,3100,0,2,4,,2,062,"FORESTHILL RD","PONDEROSA WAY",528.00,W,N,A,-,Y,,,,,,,,,,Y,2,0,1,2,A,-,08,22100,B,N,D,C,A,A,H,-,A,D,0,,,Y,,Y,,D,22,1,0,0,0,0,0,0,0,1,"- ","- ",38.995880126953125,-120.92102813720703,PLACER,UNINCORPORATED,-120.92076873779297,38.996349334716797
91593349,2021,2021-10-11,9221,2021-10-06,1353,015950,,3,1,9,3100,0,1,1,,2,386,"I-80 EASTBOUND","BLUE CANYON ROAD",2330.00,E,N,A,-,Y,,,80,,,,,,E,Y,2,0,1,1,A,-,08,22107,,N,E,I,A,A,H,-,A,D,0,,,,,Y,,A,01,1,0,0,0,0,0,0,0,0,"- ","- ",39.287021636962891,-120.69663238525391,PLACER,UNINCORPORATED,-120.69661712646484,39.286983489990234