CASE_ID,ACCIDENT_YEAR,PROC_DATE,JURIS,COLLISION_DATE,COLLISION_TIME,OFFICER_ID,REPORTING_DISTRICT,DAY_OF_WEEK,CHP_SHIFT,POPULATION,CNTY_CITY_LOC,SPECIAL_COND,BEAT_TYPE,CHP_BEAT_TYPE,CITY_DIVISION_LAPD,CHP_BEAT_CLASS,BEAT_NUMBER,PRIMARY_RD,SECONDARY_RD,DISTANCE,DIRECTION,INTERSECTION,WEATHER_1,WEATHER_2,STATE_HWY_IND,CALTRANS_COUNTY,CALTRANS_DISTRICT,STATE_ROUTE,ROUTE_SUFFIX,POSTMILE_PREFIX,POSTMILE,LOCATION_TYPE,RAMP_INTERSECTION,SIDE_OF_HWY,TOW_AWAY,COLLISION_SEVERITY,NUMBER_KILLED,NUMBER_INJURED,PARTY_COUNT,PRIMARY_COLL_FACTOR,PCF_CODE_OF_VIOL,PCF_VIOL_CATEGORY,PCF_VIOLATION,PCF_VIOL_SUBSECTION,HIT_AND_RUN,TYPE_OF_COLLISION,MVIW,PED_ACTION,ROAD_SURFACE,ROAD_COND_1,ROAD_COND_2,LIGHTING,CONTROL_DEVICE,CHP_ROAD_TYPE,PEDESTRIAN_ACCIDENT,BICYCLE_ACCIDENT,MOTORCYCLE_ACCIDENT,TRUCK_ACCIDENT,NOT_PRIVATE_PROPERTY,ALCOHOL_INVOLVED,STWD_VEHTYPE_AT_FAULT,CHP_VEHTYPE_AT_FAULT,COUNT_SEVERE_INJ,COUNT_VISIBLE_INJ,COUNT_COMPLAINT_PAIN,COUNT_PED_KILLED,COUNT_PED_INJURED,COUNT_BICYCLIST_KILLED,COUNT_BICYCLIST_INJURED,COUNT_MC_KILLED,COUNT_MC_INJURED,PRIMARY_RAMP,SECONDARY_RAMP,LATITUDE,LONGITUDE,COUNTY,CITY,POINT_X,POINT_Y
91597593,2021,2021-10-15,9220,2021-10-03,0440,020072,,7,3,9,3100,0,2,4,,2,077,"AUBURN FOLSOM RD","POWERHOUSE RD",59.00,N,N,A,-,N,,,,,,,,,,Y,2,0,2,1,A,-,08,22107,,N,E,I,A,A,H,-,D,D,0,,,,,Y,,A,01,2,0,0,0,0,0,0,0,0,"- ","- ",38.854759216308594,-121.10690307617188,PLACER,UNINCORPORATED,-121.10722351074219,38.854465484619141
91601823,2021,2021-10-20,9222,2021-05-25,1520,017515,,2,2,9,3100,0,1,3,,1,013,"STATE ROUTE 89 SOUTH","CABIN CREEK ROAD",317.00,N,N,A,-,Y,,,,,,,,,,Y,1,2,1,2,A,-,05,21460,A,N,A,C,A,A,H,-,A,D,0,,,,Y,Y,,A,01,0,1,0,0,0,0,0,0,0,"- ","- ",39.286800384521484,-120.12300109863281,PLACER,UNINCORPORATED,-120.20695495605469,39.279071807861328
91632352,2021,2021-11-22,9220,2021-11-12,1120,013794,,5,1,9,3100,0,1,1,,2,282,"I-80 (W/B)","NEWCASTLE ROAD",838.00,E,N,A,-,Y,,,80,,,,,,,Y,2,0,2,2,A,-,07,21658,A,N,B,C,A,A,H,-,A,D,0,,,Y,,Y,,C,02,2,0,0,0,0,0,0,0,2,"- ","- ",38.875579833984375,-121.13085174560547,PLACER,UNINCORPORATED,-121.13088989257812,38.875602722167969
91697127,2021,2022-02-09,9220,2021-11-08,1615,013465,,1,2,9,3100,0,3,5,,2,010,"W. WISE RD","BREWER RD",6336.00,E,N,B,-,N,,,,,,,,,,Y,1,1,0,1,A,-,08,22107,,N,E,I,A,A,B,-,A,A,0,,,,,Y,,A,01,0,0,0,0,0,0,0,0,0,"- ","- ",38.926261901855469,-121.42835235595703,PLACER,UNINCORPORATED,-121.42952728271484,38.926177978515625
91699035,2021,2022-02-11,9221,2021-09-23,2155,018740,,4,2,9,3100,0,1,1,,2,388,"I-80 W/B","CISCO GROVE",3643.00,W,N,A,-,Y,,,80,,,,,,W,Y,1,1,0,1,A,-,08,22107,,N,E,I,A,A,H,-,D,D,0,,,,,Y,,A,07,0,0,0,0,0,0,0,0,0,"- ","- ",39.315299987792969,-120.55484008789062,PLACER,UNINCORPORATED,-120.55480194091797,39.315399169921875
91711126,2022,2023-01-23,9221,2022-02-16,1728,019565,,3,2,9,3100,0,1,1,,2,384,"I-80 W/B","GOLD RUN O/C",2000.00,W,N,A,-,Y,PLA,,80,,,40.974,H,,L,Y,2,0,1,2,A,-,03,22350,,N,C,C,A,A,H,-,A,D,0,,,,,Y,,A,07,1,0,0,0,0,0,0,0,0,"- ","- ",39.172248840332031,-120.86427307128906,PLACER,UNINCORPORATED,-120.86431884765625,39.172370910644531
91713545,2022,2022-03-02,9221,2022-02-25,1244,015950,,5,1,9,3100,0,1,1,,2,385,"I-80 WESTBOUND","RIDGE ROAD",3696.00,E,N,A,-,Y,PLA,,80,,,43.861,H,,L,Y,2,0,1,3,A,-,03,22350,,N,C,C,A,A,D,-,A,A,0,,,,Y,Y,,-,"- ",1,0,0,0,0,0,0,0,0,"- ","- ",39.190761566162109,-120.82028198242188,PLACER,UNINCORPORATED,-120.82025146484375,39.190731048583984
91716288,2022,2022-03-07,9222,2022-02-26,1445,019294,,6,2,9,3100,0,1,3,,1,013,"SR 89(SOUTH)","WEST RIVER STREET",5808.00,S,N,B,-,Y,PLA,,89,,,20.482,H,,R,Y,2,0,1,1,A,-,08,22107,,N,E,I,A,A,H,-,A,D,0,,,,,Y,,A,01,1,0,0,0,0,0,0,0,0,"- ","- ",39.299278259277344,-120.20530700683594,PLACER,UNINCORPORATED,-120.20545959472656,39.299289703369141
91748121,2022,2022-04-14,9220,2022-03-31,1809,016682,,4,2,5,3105,0,1,1,,2,281,"I-80 W/B","RIVERSIDE AVE",1012.00,E,N,A,-,Y,PLA,,80,,,0.498,H,,L,Y,2,0,1,2,A,-,08,22107,,N,B,E,A,A,H,-,A,D,0,,,,Y,Y,,A,01,1,0,0,0,0,0,0,0,0,"- ","- ",38.727409362792969,-121.287841796875,PLACER,ROSEVILLE,-121.28773498535156,38.727340698242188
91752545,2022,2022-04-20,9220,2022-04-07,1830,016682,,4,2,9,3100,0,2,4,,2,027,"AUBURN FOLSOM RD","COUNTRY CT",0.00,,Y,A,-,N,,,,,,,,,,N,2,0,1,2,A,-,09,21802,A,N,C,C,A,A,H,-,A,D,0,,,Y,,Y,,-,"- ",1,0,0,0,0,0,0,0,1,"- ","- ",38.733528137207031,-121.17059326171875,PLACER,UNINCORPORATED,-121.17052459716797,38.733551025390625
91754586,2022,2022-04-22,9221,2022-04-21,0810,017777,,4,1,9,3100,0,1,1,,2,386,"I-80 E/B","WHITMORE CALTRANS ENTRANCE",528.00,E,N,B,D,Y,PLA,,80,,,50.536,H,,R,Y,2,0,3,1,A,-,03,22350,,N,E,I,A,C,H,-,A,D,0,,,,,Y,,D,22,1,2,0,0,0,0,0,0,0,"- ","- ",39.254009246826172,-120.73544311523438,PLACER,UNINCORPORATED,-120.73545074462891,39.254032135009766
91780439,2022,2022-05-25,9221,2022-05-14,0930,017777,,6,1,9,3100,0,1,1,,2,386,"I-80 W/B","DRUM FOREBAY O/C",6864.00,E,N,A,-,Y,PLA,,80,,,50.347,H,,L,Y,1,1,0,1,A,-,08,22107,,N,E,I,A,A,H,-,A,D,0,,,,,Y,Y,A,01,0,0,0,0,0,0,0,0,0,"- ","- ",39.252349853515625,-120.73934173583984,PLACER,UNINCORPORATED,-120.73931884765625,39.252338409423828
91789261,2022,2022-06-06,9220,2022-06-05,1147,018785,,7,1,3,3101,0,1,1,,2,282,"I-80 E/B","ELM AVENUE O/C",792.00,W,N,B,C,Y,PLA,,80,,,17.670,H,,R,N,2,0,1,1,A,-,08,22107,,N,E,8,A,B,H,-,A,D,0,,,,,Y,,D,22,1,0,0,0,0,0,0,0,0,"- ","- ",38.901329040527344,-121.07317352294922,PLACER,AUBURN,-121.07324981689453,38.901386260986328
91809142,2022,2022-07-01,9222,2022-06-26,1718,017907,,7,2,9,3100,0,1,3,,1,014,SR-28,"MACKINAW ROAD",0.00,,Y,A,-,Y,,,,,,,,,,N,2,0,1,2,A,-,05,21650,,N,D,G,A,A,H,-,A,D,0,,Y,,,Y,,M,91,1,0,0,0,0,0,1,0,0,"- ","- ",39.100700378417969,-121.08370208740234,PLACER,UNINCORPORATED,-120.14365386962891,39.168891906738281
91848009,2022,2022-08-24,9220,2022-08-05,0830,015491,,5,1,9,3100,0,1,3,,1,267,"SR-65 S/B","NELSON LANE",195.00,N,N,B,-,Y,PLA,,65,,R,15.590,H,,L,Y,1,1,0,2,A,-,03,22350,,N,C,C,A,A,H,-,A,A,0,,,,Y,Y,,A,01,0,0,0,0,0,0,0,0,0,"- ","- ",38.885871887207031,-121.34092712402344,PLACER,UNINCORPORATED,-121.34092712402344,38.885921478271484
91883941,2022,2022-10-06,9222,2022-10-03,1301,015908,,1,1,9,3100,0,1,3,,1,015,SR-28,"FOX ST.",0.00,,Y,A,-,Y,PLA,,28,,,10.030,H,,R,Y,2,0,3,3,A,-,03,22350,,N,C,C,B,A,H,-,A,D,0,Y,,,,Y,,D,22,1,2,0,0,1,0,0,0,0,"- ","- ",39.235038757324219,-120.01936340332031,PLACER,UNINCORPORATED,-120.01934814453125,39.235065460205078
91918011,2022,2022-11-15,9220,2022-11-08,0935,015961,,2,1,5,3105,0,1,1,,2,281,"I-80 W/B","DOUGLAS BLVD O/C",110.00,E,N,B,C,Y,PLA,,80,,,2.003,H,,L,Y,2,0,1,3,A,-,08,22107,,N,D,C,A,B,H,-,A,D,0,,,,Y,Y,,D,22,1,0,0,0,0,0,0,0,0,"- ","- ",38.744468688964844,-121.27069091796875,PLACER,ROSEVILLE,-121.27062225341797,38.744441986083984
91925254,2022,2022-11-23,9220,2022-11-16,1815,017818,,3,2,9,3100,0,3,5,,2,030,"MCCOURTNEY RD","FRUITVALE RD",1290.00,N,N,A,-,N,,,,,,,,,,Y,2,0,1,1,A,-,08,22107,,N,E,I,A,A,H,-,D,D,0,,,,,Y,,A,01,1,0,0,0,0,0,0,0,0,"- ","- ",38.919281005859375,-121.27924346923828,PLACER,UNINCORPORATED,-121.27926635742188,38.919139862060547
91960754,2022,2023-01-05,9221,2022-12-28,1510,017881,,3,2,9,3100,0,1,1,,2,386,"I-80 E/B","WHITMORE CALTRANS ACESS ROAD",3000.00,W,N,A,-,Y,PLA,,80,,,50.081,H,,R,Y,2,0,6,1,A,-,08,22107,,N,E,I,A,A,H,-,A,D,0,,,,,Y,,A,01,3,3,0,0,0,0,0,0,0,"- ","- ",39.249210357666016,-120.74124908447266,PLACER,UNINCORPORATED,-120.74116516113281,39.249160766601562
91977156,2023,2023-01-25,9221,2023-01-17,1338,018579,,2,1,9,3100,0,1,1,,2,385,"I-80 W/B","BAXTER ROAD",1540.00,E,N,A,-,Y,,,,,,,,,,Y,2,0,1,1,A,-,03,22350,,N,E,I,A,B,H,-,A,D,0,,,,,Y,,-,"- ",1,0,0,0,0,0,0,0,0,"- ","- ",39.218891143798828,-120.77413177490234,PLACER,UNINCORPORATED,-120.77381896972656,39.218605041503906
91984390,2023,2023-02-01,9220,2023-01-19,"745 ",019133,,4,1,9,3100,0,2,4,,2,027,"AUBURN FOLSOM RD","MUIR WAY",746.00,S,N,B,-,N,,,,,,,,,,Y,2,0,3,3,A,-,03,22350,,N,E,8,A,B,H,-,A,D,0,,,,,Y,,A,01,1,2,0,0,0,0,0,0,0,"- ","- ",38.726760864257812,-121.17529296875,PLACER,UNINCORPORATED,-121.17520904541016,38.726825714111328
92029478,2023,2023-03-27,9220,2023-03-05,1845,019465,,7,2,9,3100,0,2,4,,1,012,"BASELINE ROAD","WATT AVENUE",3608.00,W,N,A,-,N,,,,,,,,,,Y,2,0,1,2,A,-,09,21804,A,F,D,C,A,A,H,-,D,D,0,,,,,Y,,A,01,1,0,0,0,0,0,0,0,0,"- ","- ",38.751731872558594,-121.40548706054688,PLACER,UNINCORPORATED,-121.40531921386719,38.751739501953125
92035471,2023,2024-02-02,9221,2023-03-23,1450,017669,,4,2,9,3100,0,1,1,,2,386,"I-80 W/B","BLUE CANYON (AIRPORT) UNDER CROSSING",5280.00,W,N,D,-,Y,PLA,,80," "," ",52.354,H,,L,Y,1,1,1,3,A,-,00,23103,A,N,D,C,A,C,H,-,A,D,0,,,,Y,Y,,G,25,0,1,0,0,0,0,0,0,0,"- ","- ",39.274318695068359,-120.71707916259766,PLACER,UNINCORPORATED,-120.71704864501953,39.274311065673828
92051672,2023,2023-04-24,9220,2023-04-11,1840,019222,,2,2,9,3100,0,2,4,,2,027,"DOUGLAS BLVD","AUBURN FOLSOM RD",0.00,,Y,A,-,N,,,,,,,,,,N,2,0,1,1,A,-,08,22107,,N,F,A,A,A,H,-,A,A,0,,Y,,,Y,,M,91,1,0,0,0,0,0,1,0,0,"- ","- ",38.74359130859375,-121.17076873779297,PLACER,UNINCORPORATED,-121.17060852050781,38.743450164794922
92053592,2023,2023-04-26,9221,2023-04-16,"100 ",018624,,7,3,9,3100,0,3,5,,2,070,"SPRING VALLEY DAM LN","SPRING VALLEY DAM LN & SUMMER LAKE LN",0.00,,Y,A,-,N,,,,,,,,,,Y,2,0,3,1,A,-,01,23152,A,N,E,I,A,A,H,-,D,D,0,,,,,Y,Y,-,"- ",2,1,0,0,0,0,0,0,0,"- ","- ",39.098381042480469,-120.97239685058594,PLACER,UNINCORPORATED,-120.97238922119141,39.098403930664062
92060429,2023,2023-05-03,9220,2023-01-27,1603,019222,,5,2,9,3100,0,1,1,,2,282,"I-80 E/B","PENRYN RD",3168.00,E,N,A,-,Y,PLA,,80," "," ",10.976,H,,R,Y,1,1,4,3,A,-,01,23152,G,N,C,C,A,A,H,-,A,D,0,,,,,Y,Y,D,22,1,3,0,0,0,0,0,0,0,"- ","- ",38.840541839599609,-121.16060638427734,PLACER,UNINCORPORATED,-121.16057586669922,38.840511322021484
92061429,2023,2023-05-04,9220,2023-04-17,1050,015491,,1,1,5,3105,0,1,3,,1,265,"SR-65 S/B","PLEASANT GROVE ROAD",1320.00,N,N,A,-,Y,PLA,,65," ",R,7.362,H,,L,N,2,0,1,2,A,-,03,22350,,N,C,C,A,A,H,-,A,D,0,,,,,Y,,A,01,1,0,0,0,0,0,0,0,0,"- ","- ",38.788528442382812,-121.28826904296875,PLACER,ROSEVILLE,-121.28828430175781,38.788516998291016
92073981,2023,2023-05-22,9222,2023-05-19,"144 ",018515,,5,3,9,3100,0,1,3,,1,016,"SR-267 SOUTHBOUND","TAHOE RIM TRAIL",3568.00,S,N,A,-,Y,PLA,,267," "," ",7.872,H,,L,N,2,0,1,1,A,-,08,22107,,N,E,8,A,A,H,-,D,D,0,,,,,Y,,A,07,1,0,0,0,0,0,0,0,0,"- ","- ",39.258190155029297,-120.0518798828125,PLACER,UNINCORPORATED,-120.05187225341797,39.258079528808594
92089141,2023,2023-06-08,9221,2023-05-13,2300,018740,,6,3,9,3100,0,3,5,,2,070,"TOKAYANA WAY","BARNES RD",700.00,W,N,A,-,N,,,,,,,,,,Y,2,0,2,1,A,-,01,23153,A,N,E,I,A,A,H,-,D,A,0,,,,,Y,Y,A,01,1,1,0,0,0,0,0,0,0,"- ","- ",39.079521179199219,-120.96691131591797,PLACER,UNINCORPORATED,-120.96701812744141,39.079456329345703
92101164,2023,2023-06-23,9220,2023-06-17,"805 ",019133,,6,1,9,3100,0,3,5,,2,030,"MCCOURTNEY RD","POMEROY DR",144.00,S,N,A,-,N,,,,,,,,,,N,2,0,1,1,A,-,03,22350,,N,E,I,A,A,H,-,A,D,0,,,,,Y,,A,01,1,0,0,0,0,0,0,0,0,"- ","- ",39.009429931640625,-121.28450012207031,PLACER,UNINCORPORATED,-121.28363800048828,39.006378173828125
92101547,2023,2023-06-26,9220,2023-06-11,"104 ",019830,,7,3,9,3100,0,1,1,,2,282,"I-80 W/B","PENRYN RD",170.00,E,N,A,-,Y,PLA,,80," "," ",10.380,H,,L,Y,2,0,1,2,A,-,01,23152,A,N,C,2,A,A,H,-,C,D,0,,,Y,,Y,Y,C,02,1,0,0,0,0,0,0,0,1,"- ","- ",38.834381103515625,-121.16816711425781,PLACER,UNINCORPORATED,-121.16818237304688,38.834388732910156
92119146,2023,2023-07-17,9222,2023-07-12,1900,017907,,3,2,9,3100,0,1,3,,1,015,"SR-28 (NORTH LAKE BOULEVARD)","BRASSIE AVE",373.00,W,N,A,-,Y,PLA,,28," "," ",9.219,H,,R,N,2,0,2,3,A,-,10,21950,C,N,G,B,C,A,H,-,A,D,0,Y,,,,Y,,A,01,1,1,0,0,2,0,0,0,0,"- ","- ",39.23822021484375,-120.03366851806641,PLACER,UNINCORPORATED,-120.03368377685547,39.238136291503906
92127726,2023,2023-07-27,9220,2023-07-20,1140,016657,,4,1,9,3100,0,2,4,,2,051,"MEADOW VISTA ROAD","PUMPKIN SEED LANE",180.00,E,N,A,-,N,,,,,,,,,,Y,2,0,1,2,A,-,05,21650,,N,D,C,A,A,H,-,A,D,0,,,,Y,Y,,D,22,1,0,0,0,0,0,0,0,0,"- ","- ",38.994400024414062,-121.02674865722656,PLACER,UNINCORPORATED,-121.02680969238281,38.994430541992188
92133085,2023,2023-08-01,9220,2023-07-23,"318 ",019621,,7,3,9,3100,0,1,1,,2,283,"I-80 E/B","CROTHER RD",3168.00,E,N,A,-,Y,PLA,,80," ",R,26.714,H,,R,Y,2,0,1,1,A,-,08,22107,,N,E,I,A,A,H,-,D,D,0,,,,,Y,,A,07,1,0,0,0,0,0,0,0,0,"- ","- ",39.010501861572266,-120.98972320556641,PLACER,UNINCORPORATED,-120.98961639404297,39.010505676269531
92151106,2023,2023-08-23,9221,2023-08-11,1950,017669,,5,2,9,3100,0,1,3,,1,374,"STATE ROUTE 174","ROLLINS LAKE ROAD",550.00,S,N,A,-,Y,PLA,,174," "," ",1.529,H,,R,Y,2,0,1,2,A,-,03,22350,,F,D,C,A,A,H,-,B,D,0,,,Y,,Y,,C,02,1,0,0,0,0,0,0,0,1,"- ","- ",39.116340637207031,-120.94957733154297,PLACER,UNINCORPORATED,-120.9495849609375,39.116340637207031
92156357,2023,2023-08-28,9220,2023-08-25,"445 ",018768,,5,3,9,3100,0,1,1,,2,282,"INTERSTATE 80 (E/B)","HORSESHOE BAR RD",363.00,E,N,A,-,Y,PLA,,80," "," ",8.793,H,,R,Y,2,0,1,1,A,-,01,23152,F,N,E,8,A,A,H,-,C,D,0,,,,,Y,,D,22,1,0,0,0,0,0,0,0,0,"- ","- ",38.81732177734375,-121.18800354003906,PLACER,UNINCORPORATED,-121.18812561035156,38.817413330078125
92159679,2023,2023-08-31,9220,2023-08-03,1150,015961,,4,1,9,3100,0,2,4,,2,021,"SIERRA COLLEGE BLVD","CAVITT STALLMAN RD",0.00,,Y,A,-,N,,,,,,,,,,Y,1,1,2,2,A,-,09,21801,A,N,D,C,A,A,H,-,A,D,0,,,Y,,Y,,A,07,0,2,0,0,0,0,0,1,0,"- ","- ",38.748111724853516,-121.22635650634766,PLACER,UNINCORPORATED,-121.2264404296875,38.748004913330078
92174834,2023,2023-09-20,9220,2023-08-16,"645 ",015917,,3,1,9,3100,0,2,4,,2,058,"DRY CREEK RD","SUNNY OAK DR",213.00,W,N,A,-,N,,,,,,,,,,Y,2,0,1,1,C,-,18,,,N,H,H,A,A,H,-,B,D,0,,,Y,,Y,,-,"- ",1,0,0,0,0,0,0,0,1,"- ","- ",38.960620880126953,-121.07367706298828,PLACER,UNINCORPORATED,-121.07362365722656,38.960636138916016
92179695,2023,2023-09-26,9222,2023-09-15,1257,016852,,5,1,9,3100,0,2,4,,2,017,"OLYMPIC VALLEY ROAD","TAVERN WAY",0.00,,Y,A,-,N,,,,,,,,,,N,2,0,1,2,A,-,09,21804,A,N,D,G,A,A,H,-,A,A,0,,Y,,,Y,,-,"- ",1,0,0,0,0,0,1,0,0,"- ","- ",39.205989837646484,-120.20404815673828,PLACER,UNINCORPORATED,,
92253215,2023,2023-12-05,9220,2023-11-27,2019,021255,,1,2,9,3100,0,3,5,,2,020,"SUNRISE BOULEVARD","KENSINGTON DRIVE",600.00,S,N,A,-,N,,,,,,,,,,N,2,0,1,2,A,-,11,21956,A,N,G,B,E,A,H,-,D,D,0,Y,,,,Y,,N,60,1,0,0,0,1,0,0,0,0,"- ","- ",38.720909118652344,-121.27204132080078,PLACER,UNINCORPORATED,-121.27206420898438,38.725513458251953
92276603,2023,2024-01-02,9220,2023-12-14,2055,020425,,4,2,9,3100,0,3,5,,2,050,"LUTHER ROAD","LAUREL DRIVE",0.00,,Y,A,-,N,,,,,,,,,,N,2,0,1,2,A,-,11,21950,B,N,G,B,D,A,H,-,C,A,0,Y,,,,Y,,N,60,1,0,0,0,1,0,0,0,0,"- ","- ",38.927600860595703,-121.08328247070312,PLACER,UNINCORPORATED,-121.08303833007812,38.927539825439453
92282823,2023,2024-01-09,9220,2023-12-19,2150,016657,,2,2,9,3100,0,2,4,,2,027,"AUBURN FOLSOM RD","BELL DR",185.00,N,N,B,-,N,,,,,,,,,,Y,2,0,2,3,A,-,08,22107,,N,B,C,A,B,H,-,C,D,0,,,,,Y,,A,01,1,1,0,0,0,0,0,0,0,"- ","- ",38.731689453125,-121.17130279541016,PLACER,UNINCORPORATED,-121.17150115966797,38.731575012207031
92293891,2024,2024-01-22,9222,2024-01-13,1120,021958,,6,1,9,3100,0,1,3,,1,011,SR-89,"ELIZABETH DR",800.00,N,N,D,-,Y,PLA,,89," "," ",4.626,H,,R,Y,2,0,5,2,A,-,03,22350,,N,A,C,A,C,H,-,A,A,0,,,,,Y,,A,01,1,2,2,0,0,0,0,0,0,"- ","- ",39.117519378662109,-120.15854644775391,PLACER,UNINCORPORATED,-120.15854644775391,39.117519378662109
92304102,2024,2024-02-02,9220,2024-01-21,2030,021719,,7,2,9,3100,0,3,5,,2,040,"RICHARDSON DR.","DRY CREEK RD.",1300.00,S,N,C,-,N,,,,,,,,,,N,2,0,2,1,A,-,01,23152,A,N,E,I,A,B,H,-,C,D,0,,,,,Y,Y,A,07,1,1,0,0,0,0,0,0,0,"- ","- ",38.952800750732422,-121.10752105712891,PLACER,UNINCORPORATED,-121.10745239257812,38.953403472900391
92330111,2024,2024-03-05,9220,2024-02-28,1730,018532,,3,2,9,3100,0,3,5,,2,030,"SHERIDAN LINCOLN BLVD","WEST WISE ROAD",1663.00,S,N,A,-,N,,,,,,,,,,Y,2,0,1,1,A,-,08,22107,,N,E,8,A,A,H,-,A,D,0,,,Y,,Y,,C,02,1,0,0,0,0,0,0,0,1,"- ","- ",38.923080444335938,-121.33303070068359,PLACER,UNINCORPORATED,-121.33320617675781,38.923168182373047
92338135,2024,2024-03-14,9220,2024-03-01,2219,019830,,5,3,9,3100,0,3,5,,2,070,"ENGLISH COLONY WAY","FLINT WAY",5.00,W,N,C,-,N,,,,,,,,,,N,2,0,2,1,A,-,01,23152,A,N,E,8,A,B,H,-,D,D,0,,,,,Y,Y,A,01,1,1,0,0,0,0,0,0,0,"- ","- ",38.852699279785156,-121.17040252685547,PLACER,UNINCORPORATED,-121.17021942138672,38.852607727050781
9236044,2021,2021-03-29,3104,2021-02-27,0622,254,46,6,5,4,3104,0,0,0,,0,002,"PACIFIC ST","LIGHT POLE C10868",77.00,N,N,A,-,N,,,,,,,,,,N,2,0,1,2,A,-,00,21760,,N,H,G,A,A,H,-,B,D,0,,Y,,,Y,,A,07,1,0,0,0,0,0,1,0,0,"- ","- ",38.774761199951172,-121.24875640869141,PLACER,ROCKLIN,,
92377662,2024,2024-04-29,9220,2024-03-16,2500,021521,,6,4,9,3100,0,2,4,,2,046,"BELL RD","BURT LN",15.00,E,N,A,-,N,,,,,,,,,,Y,1,1,0,1,A,-,08,22107,,N,E,I,A,A,H,-,D,D,0,,,Y,,Y,,C,02,0,0,0,0,0,0,0,1,0,"- ","- ",38.956119537353516,-121.12795257568359,PLACER,UNINCORPORATED,-121.12825775146484,38.956096649169922
92390798,2024,2024-05-15,9220,2024-05-08,2230,018768,,3,3,9,3100,0,3,5,,2,070,"VIRGINIATOWN RD","FOWLER RD",0.00,,Y,A,-,N,,,,,,,,,,Y,2,0,1,1,A,-,01,23152,A,N,E,I,A,A,H,-,D,A,0,,,,,Y,Y,A,01,1,0,0,0,0,0,0,0,0,"- ","- ",38.897708892822266,-121.21958160400391,PLACER,UNINCORPORATED,-121.219482421875,38.897712707519531
92391813,2024,2024-05-16,9222,2024-05-11,2340,020259,,6,3,9,3100,0,2,4,,2,017,"OLYMPIC VALLEY ROAD","WINDING CREEK ROAD",5.00,E,N,A,-,N,,,,,,,,,,Y,2,0,1,1,A,-,01,23152,A,N,E,I,A,A,H,-,C,A,0,,,Y,,Y,Y,C,02,1,0,0,0,0,0,0,0,1,"- ","- ",39.207118988037109,-120.21089935302734,PLACER,UNINCORPORATED,,
92394175,2024,2024-05-20,9220,2024-03-26,"110 ",018548,,2,3,9,3100,0,2,4,,2,062,"FORESTHILL RD","BLACKHAWK LANE",1850.00,W,N,A,-,N,,,,,,,,,,Y,1,1,4,1,A,-,08,22107,,N,E,I,A,A,H,-,D,D,0,,,,,Y,Y,A,07,4,0,0,0,0,0,0,0,0,"- ","- ",39.032299041748047,-120.79827880859375,PLACER,UNINCORPORATED,-120.79826354980469,39.032325744628906
92400392,2024,2025-08-28,9220,2024-03-18,1050,021079,,1,1,9,3100,0,3,5,,2,070,"LOZANOS ROAD","WISE RD",532.00,S,N,A,-,N,,,,,,,,,,N,1,1,0,2,A,-,00,21760,C,N,B,G,A,A,H,-,A,D,0,,Y,,Y,Y,,G,27,0,0,0,0,0,1,0,0,0,"- ","- ",38.896320343017578,-121.12528228759766,PLACER,UNINCORPORATED,-121.12548828125,38.89739990234375
92402370,2024,2024-05-30,9220,2024-04-21,"30  ",020990,,7,3,9,3100,0,1,3,,1,265,SR-65,"SUNSET BOULEVARD",600.00,S,N,A,-,Y,PLA,,65," ",R,9.471,H,,R,N,2,0,3,5,A,-,01,23152,A,N,A,C,A,A,H,-,C,D,0,,,,,Y,Y,A,01,2,0,1,0,0,0,0,0,0,"- ","- ",38.815700531005859,-121.30001831054688,PLACER,UNINCORPORATED,-121.29999542236328,38.815700531005859
92410527,2024,2024-06-10,9222,2024-05-26,1719,019781,,7,2,9,3100,0,1,3,,1,015,SR-28,"RACOON ST",300.00,E,N,A,-,Y,PLA,,28," "," ",9.938,H,,R,N,2,0,1,2,A,-,09,21801,A,F,H,G,A,A,H,-,A,D,0,,Y,,,Y,,A,07,1,0,0,0,0,0,1,0,0,"- ","- ",39.235630035400391,-120.02098846435547,PLACER,UNINCORPORATED,-120.02101898193359,39.235572814941406
9243379,2021,2021-04-14,3105,2021-03-27,0352,1100,,6,5,5,3105,0,0,0,,0,002,"EUREKA RD","DEER VALLEY DR",0.00,,Y,A,-,N,,,,,,,,,,Y,2,0,1,1,A,-,08,22107,,N,E,I,A,A,H,-,C,A,0,,,,,Y,,A,07,1,0,0,0,0,0,0,0,0,"- ","- ",38.739700317382812,-121.24259948730469,PLACER,ROSEVILLE,-121.24267578125,38.739681243896484
9243918,2021,2021-04-26,3105,2021-03-25,1025,184,,4,5,5,3105,0,0,0,,0,001,"STANFORD RANCH RD","RT 65",0.00,,Y,A,-,Y,PLA,3,65,-,R,6.204,R,4,N,Y,2,0,2,2,A,-,09,21453,C,N,A,C,A,A,H,-,A,A,0,,,,Y,Y,,F,86,1,1,0,0,0,0,0,0,0,"- ",NO,38.778621673583984,-121.26580047607422,PLACER,ROSEVILLE,-121.27000427246094,38.779628753662109