CASE_ID,ACCIDENT_YEAR,PROC_DATE,JURIS,COLLISION_DATE,COLLISION_TIME,OFFICER_ID,REPORTING_DISTRICT,DAY_OF_WEEK,CHP_SHIFT,POPULATION,CNTY_CITY_LOC,SPECIAL_COND,BEAT_TYPE,CHP_BEAT_TYPE,CITY_DIVISION_LAPD,CHP_BEAT_CLASS,BEAT_NUMBER,PRIMARY_RD,SECONDARY_RD,DISTANCE,DIRECTION,INTERSECTION,WEATHER_1,WEATHER_2,STATE_HWY_IND,CALTRANS_COUNTY,CALTRANS_DISTRICT,STATE_ROUTE,ROUTE_SUFFIX,POSTMILE_PREFIX,POSTMILE,LOCATION_TYPE,RAMP_INTERSECTION,SIDE_OF_HWY,TOW_AWAY,COLLISION_SEVERITY,NUMBER_KILLED,NUMBER_INJURED,PARTY_COUNT,PRIMARY_COLL_FACTOR,PCF_CODE_OF_VIOL,PCF_VIOL_CATEGORY,PCF_VIOLATION,PCF_VIOL_SUBSECTION,HIT_AND_RUN,TYPE_OF_COLLISION,MVIW,PED_ACTION,ROAD_SURFACE,ROAD_COND_1,ROAD_COND_2,LIGHTING,CONTROL_DEVICE,CHP_ROAD_TYPE,PEDESTRIAN_ACCIDENT,BICYCLE_ACCIDENT,MOTORCYCLE_ACCIDENT,TRUCK_ACCIDENT,NOT_PRIVATE_PROPERTY,ALCOHOL_INVOLVED,STWD_VEHTYPE_AT_FAULT,CHP_VEHTYPE_AT_FAULT,COUNT_SEVERE_INJ,COUNT_VISIBLE_INJ,COUNT_COMPLAINT_PAIN,COUNT_PED_KILLED,COUNT_PED_INJURED,COUNT_BICYCLIST_KILLED,COUNT_BICYCLIST_INJURED,COUNT_MC_KILLED,COUNT_MC_INJURED,PRIMARY_RAMP,SECONDARY_RAMP,LATITUDE,LONGITUDE,COUNTY,CITY,POINT_X,POINT_Y
9250226,2021,2021-04-23,3101,2021-04-06,2030,A503,AU05,2,5,3,3101,0,0,0,,0,0A2,"INDIAN HILL RD","INDIAN RANCHERIA RD",60.00,W,N,A,-,N,,,,,,,,,,Y,2,0,1,2,A,-,11,21950,B,N,G,B,E,A,H,-,C,D,0,Y,,,,Y,Y,A,01,1,0,0,0,1,0,0,0,0,"- ","- ",38.872570037841797,-121.08750152587891,PLACER,AUBURN,-121.08901214599609,38.87274169921875
9256865,2021,2021-05-13,3105,2021-03-23,1533,1129,,2,5,5,3105,0,0,0,,0,003,"AUBURN BL",ORLANDO,0.00,,Y,A,-,N,,,,,,,,,,N,2,0,1,2,A,-,05,21650,1,N,D,G,A,A,H,-,A,A,0,,Y,,,Y,,L,04,1,0,0,0,0,0,1,0,0,"- ","- ",38.722320556640625,-121.29003143310547,PLACER,ROSEVILLE,-121.29042816162109,38.722789764404297
9262642,2021,2021-05-20,3105,2021-04-15,2015,1123,,4,5,5,3105,0,0,0,,0,003,"DOUGLAS BL","SIERRA GARDENS AV",0.00,,Y,A,-,N,,,,,,,,,,Y,2,0,2,2,A,-,01,23152,A,F,C,C,A,A,H,-,C,A,0,,,,,Y,Y,A,01,1,0,1,0,0,0,0,0,0,"- ","- ",,,PLACER,ROSEVILLE,-121.25921630859375,38.744270324707031
9272737,2021,2021-06-14,3103,2021-05-05,2030,TPARS,L4,3,5,2,3103,0,0,0,,0,0L2,"GROVELAND LN","TUOLUMNE LN",0.00,,Y,A,-,N,,,,,,,,,,N,2,0,1,2,A,-,17,25650,,N,A,C,A,A,H,-,C,D,0,,,Y,,Y,,C,02,1,0,0,0,0,0,0,0,1,"- ","- ",37.872959136962891,-121.3052978515625,PLACER,LINCOLN,-121.30565643310547,38.873691558837891
9307559,2021,2021-10-22,3105,2021-08-15,2500,1133,,7,5,5,3105,0,0,0,,0,002,"ROCKY RIDGE DR","CIRBY WY",0.00,,-,A,-,N,,,,,,,,,,Y,2,0,1,1,A,-,01,23152,B,N,F,J,A,A,H,-,A,A,0,,,,,Y,Y,A,01,1,0,0,0,0,0,0,0,0,"- ","- ",38.729560852050781,-121.25586700439453,PLACER,ROSEVILLE,-121.25590515136719,38.729545593261719
9312348,2021,2021-09-13,3101,2021-08-22,1340,A503,AU11,7,5,3,3101,0,0,0,,0,0A2,"EL DORADO ST","SHADEY GLEN",10560.00,S,N,A,-,Y,PLA,3,49,-,-,0.210,H,-,S,N,2,0,1,1,A,-,03,22350,,N,E,I,A,A,H,-,A,D,0,,,Y,,Y,,C,02,1,0,0,0,0,0,0,0,1,"- ","- ",38.900230407714844,-121.05888366699219,PLACER,AUBURN,-121.04048156738281,38.915451049804688
9320066,2021,2023-06-17,3105,2021-07-13,2201,1059,,2,5,5,3105,0,0,0,,0,007,"HAYDEN PW","SUMMERLAND WY",0.00,,Y,A,-,N,,,,,,,,,,Y,1,1,0,2,D,-,00,,,F,G,B,D,A,H,-,C,D,0,Y,,,,Y,,-,"- ",0,0,0,1,0,0,0,0,0,"- ","- ",,,PLACER,ROSEVILLE,-121.37176513671875,38.79046630859375
9341364,2021,2021-11-17,3105,2021-09-17,1838,1128,,5,5,5,3105,0,0,0,,0,003,"DOUGLAS BL","PARK DR",16.00,W,N,A,-,N,,,,,,,,,,Y,2,0,1,1,C,-,18,,,N,E,I,A,A,H,-,B,A,0,,,,,Y,,-,"- ",1,0,0,0,0,0,0,0,0,"- ","- ",,,PLACER,ROSEVILLE,-121.28248596191406,38.743938446044922
9346586,2021,2021-11-03,3105,2021-09-20,1919,178,,1,5,5,3105,0,0,0,,0,005,"PLEASANT GROVE BL","ROSEVILLE PKWY",633.00,W,N,A,-,N,,,,,,,,,,Y,2,0,1,2,A,-,09,21801,A,N,D,C,A,A,H,-,B,A,0,,,Y,,Y,,A,01,1,0,0,0,0,0,0,0,1,"- ","- ",,,PLACER,ROSEVILLE,-121.28974151611328,38.776927947998047
9347038,2021,2021-10-20,3101,2021-08-21,2118,A727,AU08,6,5,3,3101,0,0,0,,0,0A2,"VALLEY VIEW DR","VALLEY VIEW DR 151",0.00,,-,A,-,N,,,,,,,,,,N,2,0,1,2,A,-,05,21650,,F,G,B,E,A,H,-,B,D,0,Y,,,,Y,,A,07,1,0,0,0,1,0,0,0,0,"- ","- ",38.880500793457031,-121.0740966796875,PLACER,AUBURN,-121.075028,38.881880000000002
93491584,2024,2024-08-05,9221,2024-07-26,1159,018579,,5,1,9,3100,0,3,5,,2,070,"ELLIOT RANCH ROAD","PRIONEER MINE ROAD",3168.00,S,N,A,-,N,,,,,,,,,,Y,2,0,6,1,A,-,03,22350,,N,F,0,A,A,B,-,A,D,0,,,,,Y,,A,01,4,2,0,0,0,0,0,0,0,"- ","- ",39.150279998779297,-120.72757720947266,PLACER,UNINCORPORATED,-120.75931549072266,39.1514892578125
9353381,2021,2021-11-15,3104,2021-10-11,2119,277,46,1,5,4,3104,0,0,0,,0,002,"PACIFIC ST","SUNSET BL",33.00,N,N,A,-,N,,,,,,,,,,Y,2,0,3,1,A,-,03,22350,,N,E,I,A,A,H,-,C,A,0,,,,,Y,,A,07,1,2,0,0,0,0,0,0,0,"- ","- ",38.781379699707031,-121.24220275878906,PLACER,ROCKLIN,-121.24214172363281,38.781463623046875
9367644,2021,2021-12-22,3105,2021-11-01,1308,1141,,1,5,5,3105,0,0,0,,0,005,"FAIRWAY DR","CENTRAL PARK DR",0.00,,Y,C,-,N,,,,,,,,,,Y,2,0,1,2,A,-,12,21453,A,N,D,C,A,B,H,-,A,A,0,,,Y,,Y,,C,02,1,0,0,0,0,0,0,0,1,"- ","- ",38.78662109375,-121.27778625488281,PLACER,ROSEVILLE,-121.27778625488281,38.786605834960938
9411577,2022,2022-02-24,3103,2022-01-17,1154,TBROW,L4,1,5,2,3103,0,0,0,,0,0L2,"TRAIL BEHIND HILLWOOD LOOP","HAVEN CT",0.00,,Y,A,-,N,,,,,,,,,,N,2,0,1,1,A,-,"- ",,,N,E,I,A,A,H,-,A,D,0,,,Y,,Y,,C,03,1,0,0,0,0,0,0,0,1,"- ","- ",38.861919403076172,-121.31775665283203,PLACER,LINCOLN,-121.3177490234375,38.8619384765625
9414029,2022,2022-03-07,3105,2022-02-13,0004,1155,,7,5,5,3105,0,0,0,,0,003,"RIVERSIDE AV","CIRBY WY",0.00,,Y,A,-,N,,,,,,,,,,Y,2,0,4,3,A,-,12,21453,A,M,D,C,A,A,H,-,C,A,0,,,,,Y,Y,A,01,1,0,3,0,0,0,0,0,0,"- ","- ",38.799240112304688,-121.32858276367188,PLACER,ROSEVILLE,-121.29045867919922,38.729347229003906
94355826,2024,2024-08-15,9220,2024-08-03,2220,020471,,6,3,9,3100,0,1,3,,1,265,"SR-65 S/B","SUNSET BLVD O/C",3009.00,S,N,A,-,Y,PLA,,65," ",R,8.988,H,,L,Y,2,0,1,1,A,-,08,22107,,N,E,I,A,A,H,-,C,D,0,,,,,Y,,A,01,1,0,0,0,0,0,0,0,0,"- ","- ",38.80889892578125,-121.30055999755859,PLACER,UNINCORPORATED,-121.30043792724609,38.80889892578125
94360113,2024,2024-08-19,9220,2024-08-12,"26  ",021164,,1,3,9,3100,0,1,1,,2,282,"I-80 W/B TO SR-193",SR-193,495.00,E,N,A,-,Y,,,,,,,,,,N,2,0,1,1,A,-,03,22350,,N,F,A,A,A,H,-,A,D,0,,,Y,,Y,Y,C,02,1,0,0,0,0,0,0,0,1,"- ","- ",38.878669738769531,-121.12428283691406,PLACER,UNINCORPORATED,-121.12418365478516,38.878383636474609
94362682,2024,2024-08-20,9221,2024-08-08,"430 ",017881,,4,3,9,3100,0,1,1,,2,386,"I-80 W/B","NYACK RD",600.00,E,N,A,-,Y,PLA,,80," ",R,55.087,H,,L,Y,2,0,2,2,A,-,01,23152,F,N,A,C,A,A,H,-,C,D,0,,,,,Y,,D,22,1,1,0,0,0,0,0,0,0,"- ","- ",39.295269012451172,-120.67571258544922,PLACER,UNINCORPORATED,-120.67569732666016,39.295261383056641
94369647,2024,2024-08-26,9221,2024-07-28,2005,018624,,7,2,9,3100,0,3,5,,2,070,"EASTBOUND I-80 ON-RAMP","OF THE EAST ROADWAY PROLONGATION OF DONNER PASS RO",2.00,E,N,A,-,Y,,,,,,,,,,N,2,0,1,1,A,-,01,23152,A,N,E,J,A,A,H,-,A,D,0,,,Y,,Y,Y,C,02,1,0,0,0,0,0,0,0,1,"- ","- ",39.31121826171875,-120.49942016601562,PLACER,UNINCORPORATED,,
94388680,2024,2024-09-10,9222,2024-08-24,1520,020136,,6,2,9,3100,0,1,3,,1,011,"SR-89 SOUTH","W. RIVER ST",2400.00,S,N,B,C,Y,PLA,,89," "," ",21.094,H,,R,Y,2,0,5,2,A,-,05,21460,A,N,A,C,A,B,H,-,A,D,0,,,,,Y,,A,07,5,0,0,0,0,0,0,0,0,"- ","- ",39.3084716796875,-120.20612335205078,PLACER,UNINCORPORATED,-120.20606994628906,39.308467864990234
94406696,2024,2024-09-24,9220,2024-09-14,1940,022556,,6,2,9,3100,0,3,5,,2,030,"SHERIDAN LINCOLN BLVD","F STREET",3749.00,S,N,A,-,N,,,,,,,,,,Y,2,0,1,1,A,-,01,23152,A,N,E,8,A,A,H,-,D,D,0,,,,,Y,Y,A,07,1,0,0,0,0,0,0,0,0,"- ","- ",38.970119476318359,-121.36730194091797,PLACER,UNINCORPORATED,-121.36733245849609,38.970081329345703
94432035,2024,2024-10-15,9220,2024-10-08,1250,015961,,2,1,9,3100,0,1,1,,2,282,"I-80 E/B","PENRYN RD O/C",2385.00,W,N,A,-,Y,PLA,,80," "," ",9.887,H,,R,Y,2,0,1,2,A,-,03,22350,,N,C,C,A,A,H,-,A,D,0,,,,Y,Y,,D,22,1,0,0,0,0,0,0,0,0,"- ","- ",38.828971862792969,-121.17430877685547,PLACER,UNINCORPORATED,-121.17431640625,38.828971862792969
94480647,2024,2024-11-22,9220,2024-08-07,1729,019465,,3,2,9,3100,0,3,5,,2,040,"GODLEY ROAD","MT. PLEASANT ROAD",1027.00,N,N,A,-,N,,,,,,,,,,Y,1,1,0,2,A,-,09,21801,A,N,D,C,A,A,H,-,A,D,0,,,Y,,Y,,A,08,0,0,0,0,0,0,0,1,0,"- ","- ",38.944320678710938,-121.19583129882812,PLACER,UNINCORPORATED,-121.19575500488281,38.944248199462891
94487620,2024,2024-11-29,9220,2024-10-29,"120 ",021164,,2,3,9,3100,0,1,3,,1,267,"SR-65 N/B","NELSON LANE",4066.00,N,N,A,-,Y,PLA,,65," ",R,16.326,H,,R,Y,1,1,1,1,A,-,01,23152,A,N,F,0,A,A,H,-,D,D,0,,,,,Y,Y,D,22,1,0,0,0,0,0,0,0,0,"- ","- ",38.886550903320312,-121.35446166992188,PLACER,UNINCORPORATED,-121.35444641113281,38.886608123779297
94516729,2024,2024-12-26,9222,2024-12-12,"740 ",020552,,4,1,9,3100,0,3,5,,2,010,SR-28,"SIERRA TERRACE RD",60.00,W,N,B,D,Y,PLA,,28," "," ",0.889,H,,R,N,2,0,4,2,A,-,08,22107,,N,A,C,A,C,H,-,A,D,0,,,,,Y,,-,"- ",1,0,3,0,0,0,0,0,0,"- ","- ",39.176158905029297,-120.1351318359375,PLACER,UNINCORPORATED,-120.13510894775391,39.176139831542969
94547415,2024,2025-01-23,9221,2024-08-03,"508 ",018600,,6,3,9,3100,0,1,1,,2,386,"I-80 WESTBOUND","DRUM FOREBAY RD",2105.00,E,N,C,-,Y,PLA,,80," "," ",49.383,H,,L,Y,1,1,0,2,A,-,07,21658,A,F,C,C,A,B,H,-,D,D,0,,,,Y,Y,,-,99,0,0,0,0,0,0,0,0,0,"- ","- ",39.242568969726562,-120.7515869140625,PLACER,UNINCORPORATED,-120.75160980224609,39.242580413818359
94581703,2025,2025-02-17,9220,2025-02-13,"823 ",019465,,4,1,5,3105,0,1,1,,2,281,"I-80 W/B","LEAD HILL BOULEVARD",120.00,W,N,B,C,Y,PLA,,80," "," ",2.541,H,,L,Y,2,0,1,3,A,-,07,21658,A,N,D,C,A,D,H,-,A,D,0,,,,,Y,,A,01,1,0,0,0,0,0,0,0,0,"- ","- ",38.751438140869141,-121.26612091064453,PLACER,ROSEVILLE,-121.26608276367188,38.751422882080078
94590396,2024,2025-08-21,9221,2024-08-16,2113,019565,,5,2,9,3100,0,1,1,,2,386,"I-80 E/B","NYACK RD",1584.00,E,N,A,-,Y,PLA,,80," ",R,55.136,H,,R,Y,1,1,0,1,A,-,08,22107,,N,E,8,A,A,H,-,D,D,0,,,,Y,Y,,G,25,0,0,0,0,0,0,0,0,0,"- ","- ",39.295658111572266,-120.67498016357422,PLACER,UNINCORPORATED,-120.67504119873047,39.295684814453125
94591661,2025,2025-02-27,9220,2025-02-14,"240 ",022556,,5,3,5,3105,0,1,3,,1,265,"SR-65 S/B TO I-80 W/B","I-80 W/B",628.00,N,N,B,-,Y,,,,,,,,,,Y,2,0,2,1,A,-,08,22107,,N,E,I,A,B,H,-,D,D,0,,,,,Y,,A,01,1,0,1,0,0,0,0,0,0,"- ","- ",38.769081115722656,-121.25118255615234,PLACER,ROSEVILLE,,
94602518,2025,2025-03-18,9221,2025-03-05,1601,019565,,3,2,9,3100,0,1,1,,2,388,"I-80 W/B","HAMPSHIRE ROCKS RD U/C",1901.00,E,N,D,-,Y,PLA,,80," ",R,64.618,H,,L,Y,2,0,1,1,A,-,03,22350,,N,E,8,A,C,H,-,A,D,0,,,,Y,Y,,G,25,1,0,0,0,0,0,0,0,0,"- ","- ",39.306110382080078,-120.52562713623047,PLACER,UNINCORPORATED,-120.52565765380859,39.306034088134766
94611906,2025,2025-03-20,9220,2025-03-07,"520 ",022556,,5,3,9,3100,0,2,4,,1,013,"WALERGA RD","TOWN CENTER AVENUE",0.00,,Y,A,-,N,,,,,,,,,,Y,2,0,1,1,A,-,03,22350,,N,F,0,A,A,H,-,C,D,0,,,Y,,Y,,C,02,1,0,0,0,0,0,0,0,1,"- ","- ",38.74530029296875,-121.364501953125,PLACER,UNINCORPORATED,-121.36464691162109,38.745262145996094
94636136,2025,2025-04-03,9220,2025-03-19,1815,018382,,3,2,9,3100,0,1,3,,1,265,"SR-65 N/B","FERRARI RANCH RD",5597.00,N,N,A,-,Y,PLA,,65," ",R,14.451,H,,R,Y,2,0,2,2,A,-,07,21658,A,N,B,2,A,A,H,-,B,D,0,,,,,Y,,A,01,1,1,0,0,0,0,0,0,0,"- ","- ",38.881881713867188,-121.32097625732422,PLACER,UNINCORPORATED,-121.32097625732422,38.881885528564453
94636295,2025,2025-04-03,9220,2025-03-23,1945,021079,,7,2,9,3100,0,3,5,,2,040,"ATWOOD RD","RICHARDSON DR",1500.00,W,N,A,-,N,,,,,,,,,,N,2,0,1,1,A,-,08,22107,,N,F,A,A,A,H,-,B,D,0,,,,,Y,,M,94,1,0,0,0,0,0,0,0,0,"- ","- ",38.934669494628906,-121.1121826171875,PLACER,UNINCORPORATED,-121.11083984375,38.934738159179688
9464221,2023,2025-03-13,3105,2023-01-31,"442 ",143,,2,5,5,3105,0,0,0,,0,001,"TAYLOR RD","EAST ROSEVILLE PKWY",1056.00,N,N,A,-,Y,PLA,3,80,-,-,3.601,R,4,E,N,1,1,0,2,A,-,05,21650,,N,A,G,A,A,H,-,D,D,0,,Y,,,Y,,L,04,0,0,0,0,0,1,0,0,0,"- ","- ",38.766590118408203,-121.25556945800781,PLACER,ROSEVILLE,-121.25667572021484,38.764759063720703
94711417,2025,2025-06-03,9230,2025-05-28,1658,017539,,3,2,9,3100,0,1,S,,2,904,SR-193,"ARMES LANE",580.00,W,N,A,-,Y,PLA,,193," "," ",7.922,H,,R,Y,2,0,1,1,A,-,08,22107,,N,E,I,A,A,H,-,A,D,0,,,Y,,Y,,C,02,1,0,0,0,0,0,0,0,1,"- ","- ",38.876369476318359,-121.16216278076172,PLACER,UNINCORPORATED,-121.16220855712891,38.876510620117188
94718144,2025,2025-06-09,9222,2025-05-27,"600 ",020552,,2,1,9,3100,0,1,3,,2,012,"SR-89 SOUTH","ALPINE MEADOWS RD",0.00,,Y,A,-,Y,PLA,,89," "," ",12.338,H,,R,Y,2,0,2,2,A,-,12,21453,A,N,A,C,A,A,H,-,B,A,0,,,,,Y,,A,01,2,0,0,0,0,0,0,0,0,"- ","- ",39.187000274658203,-120.19502258300781,PLACER,UNINCORPORATED,-120.19499206542969,39.187004089355469
94737846,2025,2025-06-24,9220,2025-01-11,"526 ",022637,,6,3,5,3105,0,1,1,,2,281,"I-80 E/B","CIRBY WAY",2011.00,E,N,A,-,Y,PLA,,80," "," ",1.088,H,,R,Y,1,1,2,2,A,-,03,22350,,N,C,C,A,A,H,-,D,D,0,,,,,Y,,A,07,0,1,1,0,0,0,0,0,0,"- ","- ",38.733718872070312,-121.28050231933594,PLACER,ROSEVILLE,-121.28044128417969,38.733684539794922
94807195,2025,2025-08-18,9220,2025-06-05,1933,016031,,4,2,9,3100,0,1,1,,2,282,"I-80 W/B","ROCK SPRINGS RD (UNDERCROSSING)",1214.00,E,N,A,-,Y,PLA,,80," "," ",11.644,H,,L,Y,1,1,1,1,A,-,08,22107,,N,E,8,A,A,H,-,A,D,0,,,,,Y,,A,07,1,0,0,0,0,0,0,0,0,"- ","- ",38.847770690917969,-121.15219879150391,PLACER,UNINCORPORATED,-121.15213012695312,38.847713470458984
9498335,2022,2022-10-13,3105,2022-06-17,0030,1099,,5,5,5,3105,0,0,0,,0,003,"HARDING BL","ROSEVILLE SQ",25.00,N,N,A,-,N,,,,,,,,,,Y,2,0,1,1,A,-,01,23152,A,N,E,I,A,A,H,-,C,A,0,,,Y,,Y,Y,C,02,1,0,0,0,0,0,0,0,1,"- ","- ",,,PLACER,ROSEVILLE,-121.27375793457031,38.745883941650391
9520742,2023,2023-07-25,3100,2023-01-16,1228,202,LO-P,1,5,2,3106,0,0,0,,0,,"TAYLOR RD","WALNUT ST",264.00,S,N,B,-,N,,,,,,,,,,Y,1,1,1,3,A,-,10,21950,A,N,G,B,C,A,H,-,A,B,0,Y,,,,Y,,D,22,1,0,0,1,1,0,0,0,0,"- ","- ",38.819339752197266,-121.19576263427734,PLACER,LOOMIS,-121.19493865966797,38.819744110107422
9531434,2022,2022-12-16,3101,2022-10-09,1414,A716,AU09,7,5,3,3101,0,0,0,,0,0A2,"RECREATION DR","ARD PARKING LOT",0.00,,Y,A,-,N,,,,,,,,,,N,2,0,1,2,D,-,00,,,N,-,B,D,A,H,-,A,D,0,Y,,,,Y,,-,"- ",1,0,0,0,1,0,0,0,0,"- ","- ",38.887130737304688,-121.07901000976562,PLACER,AUBURN,,
9545944,2023,2023-03-03,3104,2023-01-23,1454,293,71,1,5,4,3104,0,0,0,,0,001,"ROCKLIN RD","EL DON DR",0.00,,Y,A,-,N,,,,,,,,,,N,2,0,3,2,A,-,03,22350,,N,C,C,A,A,H,-,A,A,0,,,,,Y,,A,01,1,1,1,0,0,0,0,0,0,"- ","- ",38.788478851318359,-121.21501922607422,PLACER,ROCKLIN,-121.21498870849609,38.788551330566406
9556742,2022,2023-03-28,3105,2022-12-23,1549,1184,,5,5,5,3105,0,0,0,,0,002,"KNIGHTSWOOD WY","OLD AUBURN  RD",0.00,,-,A,-,N,,,,,,,,,,N,2,0,1,2,D,-,00,,,N,A,E,A,A,H,-,A,A,0,,,,Y,Y,Y,-,"- ",1,0,0,0,0,0,0,0,0,"- ","- ",38.728168487548828,-121.21781158447266,PLACER,ROSEVILLE,-121.21909332275391,38.728141784667969
9561062,2023,2023-04-29,3105,2023-03-19,2500,1133,,7,5,5,3105,0,0,0,,0,002,"DOUGLAS BL","SIERRA GARDENS DR",4.00,E,N,B,C,N,,,,,,,,,,N,2,0,1,2,A,-,12,21453,A,N,G,G,A,B,H,-,C,A,0,,Y,,,Y,,A,01,1,0,0,0,0,0,1,0,0,"- ","- ",38.74420166015625,-121.25921630859375,PLACER,ROSEVILLE,-121.25920867919922,38.744266510009766
9563967,2023,2023-04-12,3103,2023-02-18,1151,JGERO,L5,6,5,2,3103,0,0,0,,0,0L3,"GLADDING RD","LINCOLN BL",0.00,,Y,A,-,N,,,,,,,,,,N,2,0,1,1,A,-,03,22350,,N,H,A,A,A,H,-,A,D,0,,,Y,,Y,,C,02,1,0,0,0,0,0,0,0,1,"- ","- ",38.899600982666016,-121.29672241210938,PLACER,LINCOLN,-121.29674530029297,38.899627685546875
9592894,2023,2023-07-17,3101,2023-06-12,1710,A825,AU12,1,5,3,3101,0,0,0,,0,0A1,"FULWEILER AV","STERLING AV",0.00,,Y,B,-,N,,,,,,,,,,N,2,0,1,2,A,-,09,21804,A,N,G,B,B,A,H,-,A,D,0,Y,,,Y,Y,,F,26,1,0,0,0,1,0,0,0,0,"- ","- ",38.903919219970703,-121.07716369628906,PLACER,AUBURN,-121.07700347900391,38.903923034667969
9599103,2023,2024-01-23,3105,2023-11-22,1729,1059,,3,5,5,3105,0,0,0,,0,004,"FOOTHILLS BL","SWITCHMAN DR",92.00,N,N,B,-,N,,,,,,,,,,Y,2,0,1,2,A,-,11,21954,A,N,G,B,D,A,H,-,C,A,0,Y,,,,Y,,N,60,1,0,0,0,1,0,0,0,0,"- ","- ",,,PLACER,ROSEVILLE,-121.30940246582031,38.750213623046875
9627787,2023,2023-10-25,3105,2023-09-28,1242,1202,,4,5,5,3105,0,0,0,,0,006,"WOODCREEK OAKS BL","JUNCTION BL",0.00,,Y,A,-,N,,,,,,,,,,N,2,0,1,2,A,-,12,21453,A,N,D,G,A,A,H,-,A,A,0,,Y,,,Y,,L,04,1,0,0,0,0,0,1,0,0,"- ","- ",38.758430480957031,-121.33470153808594,PLACER,ROSEVILLE,-121.33479309082031,38.758438110351562
9640106,2023,2025-06-24,3105,2023-08-29,2113,140,,2,5,5,3105,0,0,0,,0,006,"BLUE OAKS BL","ROSEVILLE PKWY",0.00,,Y,A,-,N,,,,,,,,,,Y,1,1,0,2,A,-,11,21456,A,N,G,B,B,A,H,-,C,A,0,Y,,,,Y,Y,N,60,0,0,0,1,0,0,0,0,0,"- ","- ",38.795501708984375,-121.32479095458984,PLACER,ROSEVILLE,,
9640194,2023,2024-02-06,3105,2023-12-23,1606,1056,,6,5,5,3105,0,0,0,,0,007,"FIDDYMENT RD","SAN FERNANDO DR",46.00,S,N,A,B,N,,,,,,,,,,Y,1,1,0,1,A,-,08,22107,,N,E,I,A,A,H,-,A,A,0,,,Y,,Y,,C,02,0,0,0,0,0,0,0,1,0,"- ","- ",,,PLACER,ROSEVILLE,-121.35851287841797,38.754852294921875
9640391,2023,2025-06-26,3105,2023-12-31,"617 ",1056,,7,5,5,3105,0,0,0,,0,004,"ROSEVILLE PKWY","RESERVE DR",0.00,,Y,B,C,N,,,,,,,,,,Y,1,1,0,3,A,-,11,21950,B,F,G,B,D,B,A,-,C,A,0,Y,,,,Y,,N,60,0,0,0,1,0,0,0,0,0,"- ","- ",,,PLACER,ROSEVILLE,-121.26943206787109,38.769985198974609
9640400,2022,2024-04-22,3103,2022-09-26,1729,JSCHM,L7,1,5,2,3103,0,0,0,,0,0L4,"FERRARI RANCH RD","LINCOLN BL",0.00,,Y,A,-,N,,,,,,,,,,Y,1,1,1,2,A,-,12,22451,,N,H,F,A,A,H,-,A,A,0,,,,,Y,,A,01,1,0,0,0,0,0,0,0,0,"- ","- ",38.879631042480469,-121.29543304443359,PLACER,LINCOLN,-121.29541015625,38.879631042480469
9655634,2023,2024-01-16,3100,2023-10-16,1930,252,PAUL,1,5,2,3106,0,0,0,,0,PAUL,"SIERRA COLLEGE BL","BANKHEAD RD",0.00,,Y,A,-,N,,,,,,,,,,Y,2,0,3,3,A,-,03,22350,,N,C,C,A,A,H,-,D,D,0,,,,,Y,,A,01,1,2,0,0,0,0,0,0,0,"- ","- ",38.851371765136719,-121.22160339355469,PLACER,LOOMIS,-121.21015167236328,38.814632415771484
9677429,2024,2024-07-25,3105,2024-05-04,"219 ",1193,,6,5,5,3105,0,0,0,,0,001,"E ROSEVILLE PW","SECRET RAVINE",100.00,E,N,A,-,N,,,,,,,,,,,2,0,2,1,A,-,01,23153,A,N,A,I,A,-,H,-,C,A,0,,,,,Y,Y,A,01,1,0,1,0,0,0,0,0,0,"- ","- ",38.761749267578125,-121.24772644042969,PLACER,ROSEVILLE,-121.2474365234375,38.761631011962891
9711904,2024,2024-09-05,3105,2024-08-09,1318,3088,,5,5,5,3105,0,0,0,,0,003,"INGLIS WY","CIRBY WY",0.00,,Y,A,-,N,,,,,,,,,,Y,2,0,1,3,A,-,03,22350,,N,C,C,A,A,H,-,A,D,0,,,,,Y,,A,01,1,0,0,0,0,0,0,0,0,"- ","- ",,,PLACER,ROSEVILLE,-121.29771423339844,38.729339599609375
9735364,2024,2024-10-29,3105,2024-10-03,1555,1157,,4,5,5,3105,0,0,0,,0,002,"CIRBY WY","PARKVIEW DR",0.00,,Y,A,-,N,,,,,,,,,,N,2,0,1,2,A,-,05,21650,,N,A,G,A,A,H,-,A,A,0,,Y,,,Y,,L,04,1,0,0,0,0,0,1,0,0,"- ","- ",,,PLACER,ROSEVILLE,-121.26194000244141,38.729572296142578
9777097,2025,2025-02-20,3105,2025-01-26,1324,1208,,7,5,5,3105,0,0,0,,0,002,"SIERRA GARDENS DR","DOUGLAS BL",0.00,,Y,A,-,N,,,,,,,,,,Y,2,0,2,2,A,-,12,21453,A,N,D,C,A,A,H,-,A,A,0,,,,,Y,,A,01,1,0,1,0,0,0,0,0,0,"- ","- ",,,PLACER,ROSEVILLE,-121.25921630859375,38.744270324707031
9779119,2025,2025-02-07,3104,2025-01-18,1742,341,38,6,5,4,3104,0,0,0,,0,003,"WHITNEY BL","SPRINGVIEW DR",0.00,,Y,A,-,N,,,,,,,,,,N,2,0,1,2,A,-,09,21802,A,N,D,C,A,A,H,-,B,A,0,,,,,Y,,A,01,1,0,0,0,0,0,0,0,0,"- ","- ",38.780799865722656,-121.25900268554688,PLACER,ROCKLIN,-121.25974273681641,38.780982971191406