CASE_ID,ACCIDENT_YEAR,PROC_DATE,JURIS,COLLISION_DATE,COLLISION_TIME,OFFICER_ID,REPORTING_DISTRICT,DAY_OF_WEEK,CHP_SHIFT,POPULATION,CNTY_CITY_LOC,SPECIAL_COND,BEAT_TYPE,CHP_BEAT_TYPE,CITY_DIVISION_LAPD,CHP_BEAT_CLASS,BEAT_NUMBER,PRIMARY_RD,SECONDARY_RD,DISTANCE,DIRECTION,INTERSECTION,WEATHER_1,WEATHER_2,STATE_HWY_IND,CALTRANS_COUNTY,CALTRANS_DISTRICT,STATE_ROUTE,ROUTE_SUFFIX,POSTMILE_PREFIX,POSTMILE,LOCATION_TYPE,RAMP_INTERSECTION,SIDE_OF_HWY,TOW_AWAY,COLLISION_SEVERITY,NUMBER_KILLED,NUMBER_INJURED,PARTY_COUNT,PRIMARY_COLL_FACTOR,PCF_CODE_OF_VIOL,PCF_VIOL_CATEGORY,PCF_VIOLATION,PCF_VIOL_SUBSECTION,HIT_AND_RUN,TYPE_OF_COLLISION,MVIW,PED_ACTION,ROAD_SURFACE,ROAD_COND_1,ROAD_COND_2,LIGHTING,CONTROL_DEVICE,CHP_ROAD_TYPE,PEDESTRIAN_ACCIDENT,BICYCLE_ACCIDENT,MOTORCYCLE_ACCIDENT,TRUCK_ACCIDENT,NOT_PRIVATE_PROPERTY,ALCOHOL_INVOLVED,STWD_VEHTYPE_AT_FAULT,CHP_VEHTYPE_AT_FAULT,COUNT_SEVERE_INJ,COUNT_VISIBLE_INJ,COUNT_COMPLAINT_PAIN,COUNT_PED_KILLED,COUNT_PED_INJURED,COUNT_BICYCLIST_KILLED,COUNT_BICYCLIST_INJURED,COUNT_MC_KILLED,COUNT_MC_INJURED,PRIMARY_RAMP,SECONDARY_RAMP,LATITUDE,LONGITUDE,COUNTY,CITY,POINT_X,POINT_Y
9779250,2025,2025-02-20,3105,2025-01-15,1551,1168,,3,5,5,3105,0,0,0,,0,007,"ROSE GARDEN LN","DEL WEBB BLVD",0.00,,Y,A,-,N,,,,,,,,,,N,2,0,1,2,A,-,09,21800,A,N,D,G,A,A,H,-,A,A,0,,Y,,,Y,,D,22,1,0,0,0,0,0,1,0,0,"- ","- ",,,PLACER,ROSEVILLE,-121.34590148925781,38.779792785644531
9786362,2024,2025-07-11,3105,2024-11-01,2354,143,,5,5,5,3105,0,0,0,,0,004,"FOOTHILLS BL","DENIO LOOP",233.00,N,N,C,-,N,,,,,,,,,,Y,1,1,0,1,A,-,08,22107,,N,E,I,A,B,H,-,C,A,0,,,,,Y,Y,A,01,0,0,0,0,0,0,0,0,0,"- ","- ",,,PLACER,ROSEVILLE,-121.30684661865234,38.73834228515625
9787406,2025,2025-04-18,3104,2025-03-28,2125,342,46,5,5,4,3104,0,0,0,,0,002,"SUNSET BL","PACIFIC ST",0.00,,Y,A,-,N,,,,,,,,,,Y,2,0,3,3,A,-,12,21453,,N,D,C,A,A,H,-,C,A,0,,,,,Y,,A,01,2,1,0,0,0,0,0,0,0,"- ","- ",38.781379699707031,-121.24220275878906,PLACER,ROCKLIN,-121.24221038818359,38.781387329101562
9798292,2025,2025-05-30,3105,2025-04-21,"723 ",1235,,1,5,5,3105,0,0,0,,0,007,"VISTA GRANDE BL","VISTA PARK",315.00,E,N,A,-,N,,,,,,,,,,Y,2,0,1,1,A,-,03,22350,,N,E,I,A,A,H,-,A,D,0,,,,,Y,,A,01,1,0,0,0,0,0,0,0,0,"- ","- ",,,PLACER,ROSEVILLE,,
9810293,2025,2025-05-27,3105,2025-03-03,1420,1205,,1,5,5,3105,0,0,0,,0,006,"NORTHPARK DR","PARKSIDE WY",0.00,,Y,A,-,N,,,,,,,,,,N,2,0,1,2,A,-,10,21950,A,N,-,B,B,A,H,-,A,D,0,Y,,,,Y,,A,01,1,0,0,0,1,0,0,0,0,"- ","- ",,,PLACER,ROSEVILLE,-121.33549499511719,38.805622100830078
9811664,2025,2025-07-22,3103,2025-05-31,2229,30,L4,6,5,2,3103,0,0,0,,0,0L2,"FERRARI RANCH RD","GROVELAND LN",0.00,,Y,A,-,N,,,,,,,,,,N,2,0,1,2,A,-,12,21453,A,N,D,B,A,A,H,-,C,A,0,,Y,,,Y,,L,04,1,0,0,0,0,0,1,0,0,"- ","- ",38.873149871826172,-121.30422973632812,PLACER,LINCOLN,-121.30447387695312,38.873176574707031
6290560,2014,2015-12-23,9220,2014-04-05,1840,11483,,6,2,9,3100,0,1,3,,1,249,"RT 49","POPPY LN",5.00,S,N,A,-,Y,PLA,3,49,-,R,8.560,H,-,S,Y,1,1,0,2,A,-,08,22107,,N,E,I,A,A,H,-,A,D,0,,,,,Y,,A,01,0,0,0,0,0,0,0,0,0,"- ","- ",38.972110000000001,-121.1063,PLACER,UNINCORPORATED,-121.10643549,38.972429140000003
6291238,2014,2015-12-30,9222,2014-07-07,1846,016112,,1,2,9,3100,0,1,3,,2,012,"RT 89","SQUAW VALLEY RD",3168.00,S,N,B,-,Y,PLA,3,89,-,-,13.110,H,-,S,Y,1,1,0,1,A,-,08,22107,,N,E,J,A,A,H,-,A,D,0,,,,,Y,,D,22,0,0,0,0,0,0,0,0,0,"- ","- ",39.19688,-120.1992,PLACER,UNINCORPORATED,-120.19919672,39.196954140000003
6292121,2015,2015-04-29,9220,2015-01-18,2030,13676,,7,2,9,3100,0,1,3,,1,249,"RT 49","HOLLY VISTA WY",0.00,,Y,B,-,Y,PLA,3,49,-,-,4.885,I,5,N,Y,1,1,0,2,A,-,09,21801,A,N,A,C,A,A,H,-,C,D,0,,,Y,,Y,,D,22,0,0,0,0,0,0,0,1,0,"- ","- ",38.923299999999998,-121.08335,PLACER,UNINCORPORATED,-121.08354676,38.923370839999997
6292168,2015,2015-05-20,9222,2015-03-07,0219,19272,,6,3,9,3100,0,1,3,,1,014,"RT 28","ROBERT AV",189.00,W,N,A,-,Y,PLA,3,28,-,-,4.470,H,-,W,Y,1,1,1,1,A,-,01,23152,A,N,E,I,A,A,H,-,C,D,0,,,,,Y,Y,A,01,0,1,0,0,0,0,0,0,0,"- ","- ",39.123019999999997,-120.53022,PLACER,UNINCORPORATED,-120.09036303000001,39.208836239999997
6375362,2014,2016-02-22,3100,2014-01-09,2337,128,,4,5,1,3102,0,0,0,,0,26C,"RT 174","MILE MARKER",100.00,N,N,A,-,Y,PLA,3,174,-,-,0.880,H,-,N,N,2,0,1,2,A,-,11,21956,A,N,G,B,E,A,H,-,D,D,0,Y,,,,Y,,N,60,1,0,0,0,1,0,0,0,0,"- ","- ",,,PLACER,COLFAX,-120.95043764,39.107566239999997
6389396,2014,2016-02-26,9220,2014-02-22,1410,15060,,6,2,5,3105,0,1,1,,2,281,"RT 80","TAYLOR RD",1056.00,W,N,A,-,Y,PLA,3,80,-,-,3.540,H,-,W,Y,2,0,1,1,A,-,08,22107,,N,E,I,A,A,H,-,A,D,1,,,,,Y,,A,01,1,0,0,0,0,0,0,0,0,"- ","- ",38.764989999999997,-121.2671,PLACER,ROSEVILLE,-121.25718316,38.764649110000001
6426038,2014,2014-06-27,9222,2014-03-07,2352,019294,,5,3,9,3100,0,3,5,,2,010,"NORTHSTAR DR","SILVER STRIKE",492.00,E,N,A,-,N,,,,,,,,,,Y,2,0,3,2,A,-,01,23152,A,F,A,C,A,A,H,-,C,D,0,,,,,Y,Y,A,01,1,1,1,0,0,0,0,0,0,"- ","- ",39.281660000000002,-120.11856,PLACER,UNINCORPORATED,-120.11824795,39.281721150000003
6426606,2014,2014-07-01,3104,2014-02-28,1706,259,25,5,5,4,3104,0,0,0,,0,003,"STANFORD RANCH RD","VICTORY LN",495.00,E,N,B,C,N,,,,,,,,,,Y,2,0,3,2,A,-,03,22350,,N,A,C,A,B,H,-,A,A,0,,,,,Y,,A,01,1,2,0,0,0,0,0,0,0,"- ","- ",,,PLACER,ROCKLIN,-121.25464135999999,38.812321230000002
6459576,2014,2016-04-05,9220,2014-05-07,0715,15060,,3,1,5,3105,0,1,1,,2,281,"RT 80","LEAD HILL BL",20.00,W,N,A,-,Y,PLA,3,80,-,-,2.570,H,-,W,Y,2,0,2,2,A,-,03,22350,,N,C,C,A,A,H,-,A,D,1,,,Y,,Y,,C,02,1,0,1,0,0,0,0,0,1,"- ","- ",38.751359999999998,-121.26633,PLACER,ROSEVILLE,-121.26572398,38.75195875
6472816,2014,2014-07-11,9220,2014-04-08,1200,12612,,2,1,9,3100,0,2,4,,2,053,"LINCOLN WY","FORESTHILL RD",120.00,S,N,A,-,N,,,,,,,,,,Y,2,0,1,2,A,-,03,22350,,N,C,C,A,-,A,H,A,D,0,,,Y,,Y,,C,02,1,0,0,0,0,0,0,0,1,"- ","- ",38.922910000000002,-121.05616999999999,PLACER,UNINCORPORATED,-121.05605284000001,38.92291693
6509137,2014,2015-09-23,9220,2014-05-31,0635,013139,9220,6,1,9,3100,0,2,4,,2,058,"DRY CREEK RD","MEADOW OAKS DR",177.00,E,N,A,-,N,,,,,,,,,,Y,2,0,1,2,A,-,08,22107,,N,C,G,A,A,H,-,B,D,0,,Y,,,Y,,A,01,1,0,0,0,0,0,1,0,0,"- ","- ",38.956000000000003,-121.053,PLACER,UNINCORPORATED,-121.05203978,38.956049110000002
6509422,2014,2016-03-28,9220,2014-06-03,1049,14810,,2,1,9,3100,0,1,3,,1,249,"RT 49","QUARTZ DR",40.00,N,N,A,-,Y,PLA,3,49,-,-,6.800,H,-,S,Y,2,0,3,2,A,-,03,22350,,N,C,C,A,A,H,-,A,D,0,,,Y,,Y,,C,02,1,0,2,0,0,0,0,0,1,"- ","- ",,,PLACER,UNINCORPORATED,-121.09904644,38.947986579999998
6574177,2014,2014-08-28,9220,2014-07-28,1150,13676,,1,1,9,3100,0,2,4,,2,077,"AUBURN FOLSOM RD","PADDOCK LN",36.00,N,N,A,-,N,,,,,,,,,,Y,2,0,1,2,A,-,05,21650,,N,A,C,A,A,H,-,A,D,0,,,,,Y,,A,01,1,0,0,0,0,0,0,0,0,"- ","- ",38.84693,-121.1116,PLACER,UNINCORPORATED,-121.11180922,38.846767610000001
6598508,2014,2016-04-26,9220,2014-08-12,1338,016668,,2,1,9,3100,0,1,1,,2,283,"RT 80","WEIMAR CROSS",3168.00,E,N,A,-,Y,PLA,3,80,-,-,29.920,H,-,E,Y,2,0,1,1,A,-,08,22107,,N,E,C,A,A,H,-,A,D,1,,,,,Y,,D,22,1,0,0,0,0,0,0,0,0,"- ","- ",,,PLACER,UNINCORPORATED,-120.97035590999999,39.052956780000002
6608890,2014,2016-05-04,9220,2014-07-31,1645,014611,,4,2,9,3100,0,1,3,,1,249,"RT 49","CRAMER RD",5280.00,S,N,A,-,Y,PLA,3,49,-,R,9.340,H,-,S,Y,2,0,4,5,A,-,01,23152,A,N,A,C,A,A,H,-,A,A,0,,,,,Y,Y,A,01,2,1,1,0,0,0,0,0,0,"- ","- ",,,PLACER,UNINCORPORATED,-121.10944394000001,38.983509040000001
6617939,2014,2014-10-01,3100,2014-08-16,1035,150,,6,5,2,3106,0,0,0,,0,135,"SIERRA COLLEGE BL","KING RD",2112.00,S,N,A,-,N,,,,,,,,,,Y,2,0,1,2,A,-,05,21650,,N,A,C,A,A,H,-,A,D,0,,,,,Y,,-,,1,0,0,0,0,0,0,0,0,"- ","- ",38.819249999999997,-121.21711000000001,PLACER,LOOMIS,-121.21707668000001,38.819142710000001
6622541,2014,2014-10-08,9220,2014-09-07,1215,013997,,7,1,9,3100,0,2,4,,2,066,"MOSQUITO RIDGE RD","GLEN MINE RD",5808.00,E,N,A,-,N,,,,,,,,,,Y,2,0,1,1,A,-,03,22350,,N,F,A,A,A,H,-,A,D,0,,,Y,,Y,,C,02,1,0,0,0,0,0,0,0,1,"- ","- ",,,PLACER,UNINCORPORATED,,
6640501,2014,2016-04-26,9220,2014-09-25,2145,011158,,4,2,5,3105,0,1,1,,2,281,"RT 80","RIVERSIDE AV",147.00,E,N,A,-,Y,PLA,3,80,-,-,0.119,R,2,E,Y,2,0,1,1,A,-,03,22350,,N,F,A,A,A,H,-,C,A,1,,,Y,,Y,,C,02,1,0,0,0,0,0,0,0,1,"- ","- ",38.275640000000003,-121.83429,PLACER,ROSEVILLE,-121.29207398,38.723041139999999
6663632,2014,2015-01-12,9220,2014-10-10,0725,015197,,5,1,9,3100,0,3,5,,2,010,"NELSON LN","RT 65",1584.00,N,N,A,-,N,,,,,,,,,,N,2,0,1,3,A,-,03,22350,,N,B,C,E,A,H,-,A,D,0,Y,,,,Y,,D,22,1,0,0,0,1,0,0,0,0,"- ","- ",,,PLACER,UNINCORPORATED,-121.34007244,38.890409679999998
6677999,2014,2014-12-15,9220,2014-10-05,0155,14282,,7,3,9,3100,0,2,4,,2,075,"TAYLOR RD","TUMBLE LN",994.00,E,N,A,-,N,,,,,,,,,,Y,2,0,3,1,A,-,01,23152,A,N,E,I,A,A,C,-,D,D,0,,,,,Y,Y,A,01,1,1,1,0,0,0,0,0,0,"- ","- ",38.840150000000001,-121.17245,PLACER,UNINCORPORATED,-121.17200357,38.840572530000003
6678377,2017,2018-01-23,3103,2017-07-15,0020,WCOLL,L5,6,5,2,3103,0,0,0,,0,0L3,"MCBEAN PARK DR","A ST",0.00,,Y,A,-,N,,,,,,,,,,Y,1,2,0,1,A,-,01,23152,A,N,E,I,A,A,H,-,C,D,0,,,,,Y,Y,A,01,0,0,0,0,0,0,0,0,0,"- ","- ",38.890529999999998,-121.28574,PLACER,LINCOLN,-121.28516989000001,38.890509889999997
6691047,2014,2016-07-05,9220,2014-10-28,0655,014343,,2,1,9,3100,0,1,1,,2,281,"RT 80","DOUGLAS BL",1064.00,E,N,A,-,Y,PLA,3,80,-,-,2.180,H,-,W,Y,2,0,1,3,A,-,07,21658,A,M,C,C,A,A,H,-,B,D,1,,,Y,,Y,,C,02,1,0,0,0,0,0,0,0,1,"- ","- ",,,PLACER,UNINCORPORATED,-121.26908100999999,38.746795300000002
6705940,2014,2014-12-04,9220,2014-10-15,1855,013605,,3,2,9,3100,0,3,5,,2,010,"FIDDYMENT RD","SETTLERS RIDGE WY",2100.00,N,N,B,-,N,,,,,,,,,,Y,2,0,2,2,A,-,06,21751,,N,A,C,A,A,H,-,D,D,0,,,,,Y,,A,01,2,0,0,0,0,0,0,0,0,"- ","- ",,,PLACER,UNINCORPORATED,-121.34934319,38.815216309999997
6729784,2014,2016-06-22,9222,2014-10-18,1640,020072,,6,2,9,3100,0,1,3,,1,015,"RT 28","BEAVER ST",243.00,E,N,A,-,Y,PLA,3,28,-,-,10.310,H,-,E,Y,2,0,2,2,A,-,05,21460,A,N,A,C,A,A,H,-,A,D,0,,,,,Y,,A,07,2,0,0,0,0,0,0,0,0,"- ","- ",39.2318,-120.10149,PLACER,UNINCORPORATED,-120.01547601999999,39.23277925
6767241,2014,2015-02-04,3103,2014-12-23,1110,JMCCA,L8,2,5,2,3103,0,0,0,,0,0L4,"INDUSTRIAL BL","TWELVE BRIDGES DR",528.00,N,N,A,-,N,,,,,,,,,,Y,2,0,1,2,A,-,09,21801,A,N,D,C,A,A,H,-,A,D,0,,,Y,,Y,,A,07,1,0,0,0,0,0,0,0,1,"- ","- ",38.850459999999998,-121.28619999999999,PLACER,LINCOLN,-121.30651367999999,38.852555279999997
6775481,2014,2016-06-21,9220,2014-12-15,1620,13605,,1,2,2,3103,0,1,3,,1,265,"RT 65","TWELVE BRIDGES DR",50.00,N,N,C,-,Y,PLA,3,65,-,R,11.930,H,-,S,Y,2,0,6,2,A,-,08,22107,,N,A,C,A,B,H,-,A,D,0,,,,,Y,,A,01,1,1,4,0,0,0,0,0,0,"- ","- ",,,PLACER,LINCOLN,-121.2999655,38.851228030000001
6775517,2014,2015-02-06,9220,2014-12-26,2120,14611,,5,2,9,3100,0,2,4,,2,077,"AUBURN FOLSOM RD","LOMIDA LN",0.00,,Y,A,-,N,,,,,,,,,,Y,2,0,3,2,A,-,09,21801,A,N,A,C,A,A,G,-,C,D,0,,,,,Y,,A,07,1,0,2,0,0,0,0,0,0,"- ","- ",,,PLACER,UNINCORPORATED,-121.1319499,38.803629909999998
6781086,2014,2016-06-22,9220,2014-12-14,2500,12315,,7,4,9,3100,0,1,3,,1,249,"RT 49 N","NORTH AUBURN UP 19-68",58.00,S,N,B,-,Y,PLA,3,49,-,-,8.540,H,-,N,N,2,0,1,2,A,-,08,22107,,F,H,G,A,A,H,-,D,D,0,,Y,,,Y,,-,99,1,0,0,0,0,0,1,0,0,"- ","- ",38.931249999999999,-121.08977,PLACER,UNINCORPORATED,-121.10633452,38.972186149999999
6817348,2015,2016-10-25,9221,2015-02-06,1515,013442,,5,2,9,3100,0,1,1,,2,388,"RT 80","CISCO RD",7920.00,E,N,C,D,Y,PLA,3,80,-,R,65.040,H,-,E,Y,2,0,1,1,A,-,03,22350,,N,E,I,A,C,H,-,A,D,1,,,,,Y,,A,07,1,0,0,0,0,0,0,0,0,"- ","- ",39.307810000000003,-120.51954000000001,PLACER,UNINCORPORATED,-120.51950012,39.307819010000003
6820814,2015,2015-03-10,9220,2015-02-02,1800,012239,,1,2,9,3100,0,3,5,,2,050,"OPHIR RD","LOZANOS RD",125.00,W,N,B,-,N,,,,,,,,,,N,2,0,1,2,A,-,11,21954,A,N,G,B,D,A,H,-,D,D,0,Y,,,,Y,Y,N,60,1,0,0,0,1,0,0,0,0,"- ","- ",38.878880000000002,-121.12129,PLACER,UNINCORPORATED,-121.12109821,38.878798089999997
6854606,2015,2015-05-15,9220,2015-02-08,1740,013605,,7,2,5,3105,0,1,3,,1,265,"RT 65","PLEASANT GROVE BL",285.00,N,N,C,-,Y,PLA,3,65,-,R,7.141,R,2,S,Y,1,1,1,2,A,-,08,22107,,N,D,C,A,B,H,-,C,D,1,,,,,Y,,A,01,0,0,1,0,0,0,0,0,0,"- ","- ",,,PLACER,ROSEVILLE,-121.28452627999999,38.78664362
6854732,2015,2015-07-16,9221,2015-06-01,0035,16556,,1,3,9,3100,0,1,1,,2,385,"RT 80","BAXTER ST",1056.00,E,N,A,-,Y,PLA,3,80,-,-,47.140,H,-,W,Y,1,1,1,1,A,-,08,22107,,N,F,I,A,A,H,-,D,D,1,,,,,Y,,A,01,1,0,0,0,0,0,0,0,0,"- ","- ",39.21819,-120.77432,PLACER,UNINCORPORATED,-120.77491358,39.217139690000003
6874633,2015,2016-09-02,9220,2015-03-29,0959,016654,,7,1,9,3100,0,1,3,,1,249,"RT 49","LINCOLN WY",8448.00,S,N,A,-,Y,PLA,3,49,-,-,0.790,H,-,S,Y,2,0,1,1,A,-,08,22107,,N,E,I,A,A,H,-,A,D,0,,,Y,,Y,,C,02,1,0,0,0,0,0,0,0,1,"- ","- ",38.908799999999999,-121.04483999999999,PLACER,UNINCORPORATED,-121.0404793,38.915451840000003
6874636,2015,2016-09-06,9220,2015-03-25,1111,015385,,3,1,9,3100,0,1,3,,2,293,"RT 193","SKYVIEW DR",90.00,W,N,A,-,Y,PLA,3,193,-,-,8.420,H,-,W,Y,2,0,1,2,A,-,05,21650,,N,A,C,A,A,H,-,A,D,0,,,Y,,Y,,C,02,1,0,0,0,0,0,0,0,1,"- ","- ",38.876260000000002,-121.15286,PLACER,UNINCORPORATED,-121.15320395000001,38.876239929999997
6879445,2015,2016-10-24,9220,2015-02-13,0345,15239,,5,3,5,3105,0,1,1,,2,281,"RT 80","DOUGLAS BL",1200.00,W,N,A,-,Y,PLA,3,80,-,-,1.750,H,-,E,Y,2,0,1,5,A,-,08,22107,,N,C,C,A,A,H,-,D,D,1,,,,,Y,,A,07,1,0,0,0,0,0,0,0,0,"- ","- ",38,-121,PLACER,ROSEVILLE,-121.27266661,38.741077429999997
6881113,2015,2015-04-17,3103,2015-02-21,1642,10,L4,6,5,2,3103,0,0,0,,0,0L2,"JOINER PKWY","DOWNING CIR",441.00,S,N,A,-,N,,,,,,,,,,Y,2,0,1,1,A,-,03,22350,,N,E,I,A,A,H,-,A,D,0,,,,,Y,,A,01,1,0,0,0,0,0,0,0,0,"- ","- ",,,PLACER,LINCOLN,-121.31189361,38.87947939
6883441,2015,2016-11-03,9220,2015-04-07,0850,013257,,2,1,4,3104,0,1,1,,2,281,"RT 80","RT 65",1000.00,E,N,B,C,Y,PLA,3,80,-,-,4.440,H,-,W,Y,2,0,1,1,A,-,01,23152,E,N,E,I,A,B,H,-,A,D,1,,,,,Y,,A,07,1,0,0,0,0,0,0,0,0,"- ","- ",,,PLACER,ROCKLIN,-121.24484968,38.772419200000002
6914582,2015,2015-06-02,9220,2015-04-04,1008,012612,,6,1,9,3100,0,2,4,,2,051,"PLACER HILLS RD","CROTHER RD",2871.00,S,N,A,-,N,,,,,,,,,,Y,2,0,1,2,A,-,03,22350,,N,D,C,A,A,H,-,A,D,0,,,,,Y,,A,01,1,0,0,0,0,0,0,0,0,"- ","- ",39.009599999999999,-121.01054000000001,PLACER,UNINCORPORATED,-121.01053847999999,39.009544570000003
6944379,2015,2016-10-31,9222,2015-05-25,1554,017288,,1,2,9,3100,0,1,3,,2,012,"RT 89","RAMPART RD",2640.00,S,N,B,-,Y,PLA,3,89,-,-,10.050,H,-,S,Y,2,0,1,1,A,-,08,22107,,N,E,I,A,A,H,-,A,D,0,,,,,Y,,D,22,1,0,0,0,0,0,0,0,0,"- ","- ",39.164180000000002,-120.16889,PLACER,UNINCORPORATED,-120.16937196000001,39.164400700000002
6951387,2015,2016-11-03,9221,2015-05-22,1702,020154,,5,2,9,3100,0,1,1,,2,385,"RT 80","DRUM FOREBAY RD",3696.00,W,N,B,-,Y,PLA,3,80,-,-,48.260,H,-,E,Y,2,0,1,1,A,-,08,22107,,N,E,I,A,A,H,-,A,D,1,,,Y,,Y,,C,02,1,0,0,0,0,0,0,0,1,"- ","- ",39.229010000000002,-120.76130999999999,PLACER,UNINCORPORATED,-120.76132387,39.22919169
6965537,2015,2015-07-14,3104,2015-06-19,1909,259,44,5,5,4,3104,0,0,0,,0,001,"GROVE ST","PINE ST",150.00,E,N,A,-,N,,,,,,,,,,Y,2,0,1,2,A,-,01,23152,A,N,D,C,A,A,H,-,A,A,0,,,,,Y,Y,A,01,1,0,0,0,0,0,0,0,0,"- ","- ",,,PLACER,ROCKLIN,-121.23041944000001,38.791927880000003
6978842,2015,2015-07-10,3101,2015-06-19,0804,7,5,5,5,3,3101,0,0,0,,0,002,"ORANGE ST","FINLEY ST",10.00,,N,A,-,N,,,,,,,,,,N,2,0,1,2,A,-,10,21950,A,N,G,B,B,A,H,-,A,A,0,Y,,,,Y,,A,07,1,0,0,0,1,0,0,0,0,"- ","- ",,,PLACER,AUBURN,-121.06999991000001,38.896639960000002
7006186,2015,2015-10-14,9220,2015-05-02,1845,13605,,6,2,2,3103,0,1,3,,1,265,"RT 65","TWELVE BRIDGES DR",0.00,S,N,A,-,Y,PLA,3,65,-,R,11.540,H,-,S,Y,1,1,1,1,A,-,01,23152,A,N,F,I,A,A,H,-,A,D,0,,,,,Y,Y,D,22,1,0,0,0,0,0,0,0,0,"- ","- ",,,PLACER,LINCOLN,-121.30002614,38.84558638
7047467,2015,2015-09-17,3100,2015-08-11,0747,21,LOOMI,2,5,2,3106,0,0,0,,0,135,"KING RD","BOYINGTON RD",0.00,,Y,A,-,N,,,,,,,,,,N,2,0,1,2,A,-,09,21801,A,N,D,G,A,A,H,-,A,D,0,,Y,,,Y,,A,01,1,0,0,0,0,0,1,0,0,"- ","- ",,,PLACER,LOOMIS,-121.18065989,38.825239940000003
7058664,2015,2015-10-07,3104,2015-09-27,0928,254,37,7,5,4,3104,0,0,0,,0,002,"SUNSET BL","SPRINGVIEW DR",556.00,E,N,A,-,N,,,,,,,,,,Y,2,0,1,1,A,-,03,22350,,N,E,I,A,A,H,-,A,D,0,,,,,Y,,A,01,1,0,0,0,0,0,0,0,0,"- ","- ",38.78396,-121.24681,PLACER,ROCKLIN,-121.24637967,38.783768350000003
7138616,2015,2016-02-18,3100,2015-12-15,1551,147,,2,5,2,3106,0,0,0,,0,135,"TAYLOR RD","SIERRA COLLEGE BL",331.00,W,N,A,-,N,,,,,,,,,,Y,2,0,3,4,A,-,03,22350,,N,C,C,A,A,H,-,A,A,0,,,,,Y,,-,,1,1,1,0,0,0,0,0,0,"- ","- ",,,PLACER,LOOMIS,-121.2067869,38.811531909999999
7179977,2016,2016-02-16,3103,2016-01-29,0432,BROGE,L5,5,5,2,3103,0,0,0,,0,0L3,"6TH ST","F ST",34.00,W,N,C,-,N,,,,,,,,,,Y,2,0,1,1,A,-,01,23152,A,M,E,I,A,B,H,-,C,D,0,,,,,Y,Y,D,22,1,0,0,0,0,0,0,0,0,"- ","- ",38.893459999999997,-121.29192,PLACER,LINCOLN,-121.29166947,38.893129999999999
7199784,2016,2018-09-27,3105,2016-01-11,0447,139,,1,5,5,3105,0,0,0,,0,,"CIRBY WY","INGLIS WY",320.00,W,N,B,-,N,,,,,,,,,,Y,1,1,0,1,A,-,08,22107,,N,E,I,A,A,H,-,C,A,0,,,,,Y,Y,-,,0,0,0,0,0,0,0,0,0,"- ","- ",,,PLACER,ROSEVILLE,-121.29883133,38.729313920000003
8025840,2016,2016-04-20,3100,2016-04-11,2010,182,,1,5,2,3106,0,0,0,,0,PAUL,"TAYLOR RD","SIERRA COLLEGE",49.00,W,N,A,-,N,,,,,,,,,,Y,2,0,1,2,A,-,14,24600,A,N,C,C,A,A,H,-,D,A,0,,,,,Y,Y,-,,1,0,0,0,0,0,0,0,0,"- ","- ",,,PLACER,LOOMIS,-121.20600573999999,38.812007379999997
8113876,2016,2016-09-12,3103,2016-08-23,1832,TRAYB,L4,2,5,2,3103,0,0,0,,0,0L2,"JOINER PKWY","DOWNING CIR",0.00,,Y,A,-,N,,,,,,,,,,Y,2,0,1,2,A,-,08,22107,,N,D,C,A,A,H,-,A,A,0,,,Y,,Y,,A,01,1,0,0,0,0,0,0,0,1,"- ","- ",38.880389999999998,-121.31271,PLACER,LINCOLN,-121.31295992,38.880349950000003
8133182,2016,2016-11-15,3104,2016-10-24,1158,253,7,1,5,4,3104,0,0,0,,0,004,"WILDCAT BL","WHITNEY RANCH PKWY",0.00,,Y,B,-,N,,,,,,,,,,Y,2,0,1,2,A,-,03,22350,,N,B,C,A,A,H,-,A,D,0,,,Y,,Y,,C,02,1,0,0,0,0,0,0,0,1,"- ","- ",38.83222,-121.28883999999999,PLACER,ROCKLIN,-121.28808999,38.830449889999997
8148226,2016,2016-10-18,3104,2016-10-08,0543,276,25,6,5,4,3104,0,0,0,,0,003,"SUNSET BL","PEBBLE CREEK DR",150.00,W,N,A,-,N,,,,,,,,,,Y,2,0,1,1,A,-,08,22107,,N,E,I,A,A,H,-,C,D,0,,,,,Y,Y,A,01,1,0,0,0,0,0,0,0,0,"- ","- ",38.798110000000001,-121.26701,PLACER,ROCKLIN,-121.26751466,38.798301309999999
8166956,2016,2018-09-24,3105,2016-11-11,0318,1048,,5,5,5,3105,0,0,0,,0,005,"INDUSTRIAL BL",ALANTOWN,372.00,N,N,A,-,N,,,,,,,,,,Y,1,2,0,1,A,-,08,22107,,N,E,I,A,A,H,-,D,D,0,,,,,Y,Y,A,01,0,0,0,0,0,0,0,0,0,"- ","- ",38.797400000000003,-121.30789,PLACER,ROSEVILLE,-121.30788,38.798401480000003
8301031,2017,2017-02-15,3104,2017-01-30,0840,240,37,1,5,4,3104,0,0,0,,0,002,"SPRINGVIEW DR","LIGHT POLE #686",35.00,W,N,A,-,N,,,,,,,,,,Y,2,0,2,3,A,-,00,22153,A,N,C,C,A,A,H,-,A,D,0,,,,,Y,Y,A,07,1,0,1,0,0,0,0,0,0,"- ","- ",38.77843,-121.24918,PLACER,ROCKLIN,,
8404757,2018,2020-05-22,3104,2018-04-13,1322,281,37,5,5,4,3104,0,0,0,,0,002,"SPRINGVIEW DR","W DRIFTWOOD CT",40.00,S,N,A,-,N,,,,,,,,,,Y,1,1,2,2,A,-,08,22107,,N,D,C,A,A,H,-,A,D,0,,,,,Y,,A,01,2,0,0,0,0,0,0,0,0,"- ","- ",38.778430938720703,-121.24918365478516,PLACER,ROCKLIN,-121.24916076660156,38.778759002685547
8451932,2017,2018-05-17,3101,2017-09-06,2049,21,3101,3,5,3,3101,0,0,0,,0,001,"RT 49","FULWEILER AV",117.00,N,N,A,-,Y,PLA,3,49,-,-,3.497,H,-,S,Y,2,0,1,2,A,-,11,21950,B,N,G,B,D,A,H,-,C,A,0,Y,,,,Y,,N,60,1,0,0,0,1,0,0,0,0,"- ","- ",,,PLACER,AUBURN,-121.07629047,38.904354060000003