CASE_ID,ACCIDENT_YEAR,PROC_DATE,JURIS,COLLISION_DATE,COLLISION_TIME,OFFICER_ID,REPORTING_DISTRICT,DAY_OF_WEEK,CHP_SHIFT,POPULATION,CNTY_CITY_LOC,SPECIAL_COND,BEAT_TYPE,CHP_BEAT_TYPE,CITY_DIVISION_LAPD,CHP_BEAT_CLASS,BEAT_NUMBER,PRIMARY_RD,SECONDARY_RD,DISTANCE,DIRECTION,INTERSECTION,WEATHER_1,WEATHER_2,STATE_HWY_IND,CALTRANS_COUNTY,CALTRANS_DISTRICT,STATE_ROUTE,ROUTE_SUFFIX,POSTMILE_PREFIX,POSTMILE,LOCATION_TYPE,RAMP_INTERSECTION,SIDE_OF_HWY,TOW_AWAY,COLLISION_SEVERITY,NUMBER_KILLED,NUMBER_INJURED,PARTY_COUNT,PRIMARY_COLL_FACTOR,PCF_CODE_OF_VIOL,PCF_VIOL_CATEGORY,PCF_VIOLATION,PCF_VIOL_SUBSECTION,HIT_AND_RUN,TYPE_OF_COLLISION,MVIW,PED_ACTION,ROAD_SURFACE,ROAD_COND_1,ROAD_COND_2,LIGHTING,CONTROL_DEVICE,CHP_ROAD_TYPE,PEDESTRIAN_ACCIDENT,BICYCLE_ACCIDENT,MOTORCYCLE_ACCIDENT,TRUCK_ACCIDENT,NOT_PRIVATE_PROPERTY,ALCOHOL_INVOLVED,STWD_VEHTYPE_AT_FAULT,CHP_VEHTYPE_AT_FAULT,COUNT_SEVERE_INJ,COUNT_VISIBLE_INJ,COUNT_COMPLAINT_PAIN,COUNT_PED_KILLED,COUNT_PED_INJURED,COUNT_BICYCLIST_KILLED,COUNT_BICYCLIST_INJURED,COUNT_MC_KILLED,COUNT_MC_INJURED,PRIMARY_RAMP,SECONDARY_RAMP,LATITUDE,LONGITUDE,COUNTY,CITY,POINT_X,POINT_Y
9017774,2019,2020-02-04,3105,2019-12-19,1536,1059,,4,5,5,3105,0,0,0,,0,002,"CIRBY WY","CRESTMONT AV",0.00,,Y,A,-,N,,,,,,,,,,Y,2,0,2,3,A,-,09,21801,A,N,D,C,A,A,H,-,A,A,0,,,,Y,Y,,A,01,1,0,1,0,0,0,0,0,0,"- ","- ",38.729560852050781,-121.25746917724609,PLACER,ROSEVILLE,-121.25746917724609,38.729560852050781
90180199,2016,2016-05-16,9220,2016-05-12,1920,014466,,4,2,9,3100,0,3,5,,2,040,"CRAMER ROAD","OAK KNOLL LANE",1056.00,E,N,A,-,N,,,,,,,,,,Y,2,0,1,2,A,-,05,21650,,N,A,C,A,A,H,-,A,D,0,,,Y,,Y,,C,02,1,0,0,0,0,0,0,0,1,"- ","- ",38.585999999999999,-121.721,PLACER,UNINCORPORATED,-121.11665566000001,38.985419960000002
90187165,2016,2016-05-25,9220,2016-05-07,0001,013997,,6,3,9,3100,0,3,5,,2,050,"CLIPPER GAP RD","APPLEGATE RD",528.00,S,N,A,-,N,,,,,,,,,,N,2,0,1,1,A,-,01,23152,A,N,E,A,A,A,H,-,D,D,0,,,Y,,Y,Y,C,02,1,0,0,0,0,0,0,0,1,"- ","- ",,,PLACER,UNINCORPORATED,-121.01502481,38.968637139999998
90190105,2016,2016-05-31,9220,2016-03-31,0535,014438,,4,3,5,3105,0,1,1,,2,281,"I-80 EASTBOUND","LEAD HILL BLVD",0.00,,N,B,-,Y,,,80,,,,,,E,Y,1,1,1,2,A,-,11,21954,A,N,G,B,D,A,H,-,C,D,0,Y,,,,Y,,N,60,0,1,0,1,0,0,0,0,0,"- ","- ",38.752549999999999,-121.26535,PLACER,ROSEVILLE,-121.2651941,38.752451290000003
90193688,2016,2016-06-02,9220,2016-05-07,0143,013997,,6,3,9,3100,0,3,5,,2,020,"STIRLING ST",WATERFORD,287.00,N,N,A,-,N,,,,,,,,,,Y,2,0,2,1,A,-,03,22350,,N,E,A,A,A,H,-,C,D,0,,,,,Y,,A,01,1,1,0,0,0,0,0,0,0,"- ","- ",,,PLACER,UNINCORPORATED,-121.20564057,38.747342070000002
9019443,2020,2020-03-12,3104,2020-01-04,1050,283,9,6,5,4,3104,0,0,0,,0,004,"SUNSET BL","UNIVERSITY AV",0.00,,Y,B,-,N,,,,,,,,,,Y,2,0,2,3,A,-,12,21453,A,N,D,C,A,B,H,-,A,A,0,,,,,Y,,A,07,1,0,1,0,0,0,0,0,0,"- ","- ",38.8172607421875,-121.29226684570312,PLACER,ROCKLIN,-121.29232025146484,38.8172607421875
90203108,2016,2016-06-16,9220,2016-04-29,0717,013294,,5,1,9,3100,0,3,5,,2,010,"W. SUNSET BLVD.","CINCINNATI AVE",250.00,W,N,A,-,N,,,,,,,,,,Y,2,0,2,1,A,-,08,22107,,N,E,I,A,A,H,-,A,A,0,,,,,Y,,A,01,2,0,0,0,0,0,0,0,0,"- ","- ",,,PLACER,UNINCORPORATED,-121.31285751,38.817340000000002
90208836,2016,2016-06-24,9220,2016-05-24,1942,013294,,2,2,9,3100,0,3,5,,2,070,"HORSESHOE BAR RD","VAL VERDE RD",1584.00,N,N,B,-,N,,,,,,,,,,Y,2,0,3,3,A,-,05,21460,A,N,A,C,A,A,H,-,B,D,0,,,,,Y,,A,01,3,0,0,0,0,0,0,0,0,"- ","- ",,,PLACER,UNINCORPORATED,-121.16762722,38.813264189999998
90235300,2016,2016-08-02,9220,2016-07-01,1138,013466,,5,1,4,3104,0,1,1,,2,281,"I-80 W/B",SR-65,2640.00,E,N,A,-,Y,,,,,,,,,,Y,2,0,2,4,A,-,03,22350,,N,C,C,A,A,H,-,A,A,0,,,,,Y,,A,01,1,1,0,0,0,0,0,0,0,"- ","- ",,,PLACER,ROCKLIN,,
90237393,2016,2016-08-04,9220,2016-07-20,0400,017040,,3,3,9,3100,0,1,S,,2,059,SR-49,"EDGEWOOD RD.",174.00,N,N,A,-,Y,,,49,,,,,,,N,2,0,1,2,D,-,00,,,N,G,B,E,A,H,-,D,D,0,Y,,,,Y,,-,"- ",1,0,0,0,1,0,0,0,0,"- ","- ",38.920389999999998,-121.08268,PLACER,UNINCORPORATED,-121.08220471999999,38.920619559999999
90247975,2016,2016-08-18,9221,2016-08-14,1610,015950,,7,2,9,3100,0,3,5,,2,070,"CANYON WAY","ILLINOISTOWN ROAD OVER CROSSING",0.00,,Y,A,-,N,,,,,,,,,,Y,2,0,1,2,A,-,09,21801,A,N,E,I,A,A,H,-,A,D,0,,,Y,,Y,,A,01,1,0,0,0,0,0,0,0,1,"- ","- ",39.078490000000002,-120.95916,PLACER,UNINCORPORATED,-120.95911999,39.078319909999998
90248761,2016,2016-08-19,9220,2016-08-11,1335,014466,,4,1,9,3100,0,3,5,,2,040,"LONE STAR ROAD","VIEW WAY",32.00,W,N,A,-,N,,,,,,,,,,Y,2,0,1,1,A,-,08,22107,,N,E,I,A,A,H,-,A,D,0,,,Y,,Y,,C,02,1,0,0,0,0,0,0,0,1,"- ","- ",38.999850000000002,-121.12751,PLACER,UNINCORPORATED,-121.12757234999999,38.99974409
90252791,2016,2016-08-25,9220,2016-08-18,1700,15060,,4,2,5,3105,0,1,1,,2,281,"I-80 E/B TO TAYLOR RD.","TAYLOR RD.",40.00,E,N,A,-,Y,,,80,,,,R,,E,Y,2,0,1,1,A,-,08,22107,,N,E,I,A,A,H,-,A,D,0,,,,,Y,,D,22,1,0,0,0,0,0,0,0,0,"- ","- ",38.764650000000003,-121.25566999999999,PLACER,ROSEVILLE,-121.25566999999999,38.764650000000003
90260118,2016,2016-09-02,9221,2016-08-13,2100,018940,,6,2,9,3100,0,3,5,,2,070,"FORDYCE LAKE RD","HAMPSHIRE ROCKS RD",26400.00,W,N,A,-,Y,,,,,,,,,,N,2,0,2,2,C,-,18,,,N,G,B,A,A,H,-,D,D,0,,,,,Y,,-,"- ",1,1,0,0,0,0,0,0,0,"- ","- ",39.203400000000002,-120.3018,PLACER,UNINCORPORATED,-120.54674,39.316360000000003
90262298,2016,2016-09-06,9221,2016-07-07,0912,013442,,4,1,9,3100,0,1,1,,2,388,"I-80 E/B","HAMPSHIRE ROCKS RD",5808.00,W,N,A,-,Y,,,80,,,,,,E,Y,1,1,1,1,A,-,08,22107,,N,E,I,A,A,H,-,A,D,0,,,,Y,Y,,G,25,1,0,0,0,0,0,0,0,0,"- ","- ",39.305289999999999,-120.52278,PLACER,UNINCORPORATED,-120.52280035,39.305381269999998
90264091,2016,2016-09-08,9221,2016-08-08,1138,014821,,1,1,9,3100,0,1,1,,2,384,"INTERSTATE 80 E/B","SR-174 O/C",8184.00,E,N,A,-,Y,,,80,,,,,,E,Y,1,1,0,1,A,-,08,22107,,N,E,I,A,A,H,-,A,D,0,,,,Y,Y,,G,25,0,0,0,0,0,0,0,0,0,"- ","- ",39.117699999999999,-120.94233,PLACER,UNINCORPORATED,-120.94235768,39.117721860000003
90274815,2016,2017-03-03,9220,2016-09-09,1440,016682,,5,2,9,3100,0,1,1,,2,283,"I-80 W/B","DRY CREEK RD",1538.00,W,N,A,-,Y,,,80,,,,,,W,Y,1,1,1,1,A,-,08,22107,,N,E,I,A,A,H,-,A,D,0,,,,,Y,,A,08,0,0,1,0,0,0,0,0,0,"- ","- ",38.954279999999997,-121.03812000000001,PLACER,UNINCORPORATED,-121.03804535,38.954199299999999
90276830,2016,2016-09-27,9220,2016-09-25,1235,016685,,7,1,9,3100,0,3,5,,2,050,"EAST WEIMAR CROSS ROAD","SUNCREST DRIVE",200.00,E,N,A,-,N,,,,,,,,,,Y,2,0,1,1,A,-,08,22107,,N,E,I,A,A,H,-,A,D,0,,,Y,,Y,,C,02,1,0,0,0,0,0,0,0,1,"- ","- ",38.022530000000003,-121.56562,PLACER,UNINCORPORATED,-120.94915808,39.040387269999997
90284895,2016,2016-10-05,9221,2016-10-02,1324,018530,,7,1,9,3100,0,1,1,,2,384,"I-80 W/B",SR-174,528.00,W,N,C,-,Y,,,80,,,,,,W,Y,2,0,2,1,A,-,03,22350,,N,E,I,A,B,H,-,A,D,0,,,,,Y,,A,07,1,0,1,0,0,0,0,0,0,"- ","- ",39.093510000000002,-120.95,PLACER,UNINCORPORATED,-120.95005093,39.09352689
90286264,2016,2018-06-26,9221,2016-09-16,0008,018940,,5,3,9,3100,0,1,1,,2,385,"I-80 E/B","GOLD RUN RD",206.00,W,N,A,-,Y,,,80,,,,,,E,Y,2,0,2,1,A,-,01,23152,A,N,E,I,A,A,H,-,C,D,0,,,,,Y,Y,A,01,2,0,0,0,0,0,0,0,0,"- ","- ",39.175530000000002,-120.85832000000001,PLACER,UNINCORPORATED,-120.85797214,39.175113670000002
90287507,2016,2016-10-10,9221,2016-06-07,0150,016634,,2,3,9,3100,0,1,1,,2,384,"I-80 W/B TO PLACER HILLS RD.","ILLINIOS TOWN",528.00,W,N,A,-,Y,,,80,,,,R,,W,Y,2,0,1,1,A,-,01,23152,A,N,F,A,A,A,H,-,D,D,0,,,Y,,Y,Y,C,02,1,0,0,0,0,0,0,0,1,"- ","- ",39.078099999999999,-120.96053999999999,PLACER,UNINCORPORATED,-120.96053999999999,39.078099999999999
90287929,2016,2016-10-10,9220,2016-10-01,2120,016682,,6,2,9,3100,0,1,3,,1,249,SR-49,"BELL RD",0.00,,Y,A,-,Y,,,49,,,,,,,Y,2,0,1,1,A,-,01,23152,A,N,E,I,A,A,H,-,C,A,0,,,,,Y,Y,D,22,1,0,0,0,0,0,0,0,0,"- ","- ",38.942189999999997,-121.09694,PLACER,UNINCORPORATED,-121.09713302999999,38.942140620000004
90289751,2016,2016-10-12,9220,2016-09-30,0815,013997,,5,1,9,3100,0,2,4,,2,064,"FORESTHILL RD","FINNING MILL RD",1584.00,E,N,A,-,N,,,,,,,,,,Y,2,0,1,1,A,-,08,22107,,N,E,I,A,A,H,-,A,D,0,,,,,Y,,D,22,1,0,0,0,0,0,0,0,0,"- ","- ",,,PLACER,UNINCORPORATED,-120.76924437,39.05438736
90320155,2016,2016-11-15,9220,2016-07-25,0621,013257,,1,1,9,3100,0,3,5,,2,010,"FIDDYMENT ROAD","SUNSET BOULEVARD WEST",1300.00,N,N,A,-,N,,,,,,,,,,N,1,1,1,3,A,-,03,22350,,N,H,G,A,A,H,-,A,D,0,,Y,,,Y,,A,01,0,1,0,0,0,1,1,0,0,"- ","- ",,,PLACER,UNINCORPORATED,-121.34931094,38.828119719999997
90327193,2016,2016-11-22,9222,2016-11-16,0235,015908,,3,3,9,3100,0,1,3,,1,016,SR-267,"MARTIS PEAK RD.",1400.00,N,N,A,-,Y,,,267,,,,,,,Y,2,0,1,1,A,-,01,23152,A,N,E,I,A,A,H,-,D,D,0,,,,,Y,Y,A,01,1,0,0,0,0,0,0,0,0,"- ","- ",39.268360000000001,-120.0792,PLACER,UNINCORPORATED,-120.07917252,39.268404330000003
90333519,2016,2017-11-30,9220,2016-09-30,2105,014611,,5,2,9,3100,0,3,5,,2,010,"MOORE RD","S. BREWER RD.",1175.00,W,N,A,-,N,,,,,,,,,,Y,2,0,2,1,A,-,08,22107,,N,E,I,A,A,H,-,D,D,0,,,,,Y,,A,01,1,1,0,0,0,0,0,0,0,"- ","- ",38.867930000000001,-121.46081,PLACER,UNINCORPORATED,-121.45578732,38.867902340000001
90334505,2016,2016-12-01,9220,2016-09-09,2333,013294,,5,3,9,3100,0,1,1,,2,283,"I-80 EASTBOUND TO CANYON WAY","ILLINOISTOWN OVERCROSSING",443.00,W,N,A,-,Y,,,,,,,,,,Y,1,1,0,1,A,-,08,22107,,N,E,I,A,A,H,-,D,D,0,,,,,Y,,A,01,0,0,0,0,0,0,0,0,0,"- ","- ",39.070889999999999,-120.57292,PLACER,UNINCORPORATED,-120.96039764,39.077349720000001
90334551,2016,2016-12-01,9220,2016-10-26,0255,013466,,3,3,9,3100,0,3,5,,2,040,"CHRISTIAN VALLEY RD.","DRY CREEK RD.",3168.00,N,N,A,-,N,,,,,,,,,,Y,2,0,1,1,A,-,08,22107,,N,E,I,A,A,H,-,D,A,0,,,,,Y,,A,01,1,0,0,0,0,0,0,0,0,"- ","- ",,,PLACER,UNINCORPORATED,-121.03415497,38.965084969999999
90346775,2016,2017-01-27,9220,2016-10-13,0022,013294,,4,3,9,3100,0,2,4,,2,075,"TAYLOR ROAD","SISLEY ROAD",2640.00,E,N,A,-,N,,,,,,,,,,Y,1,1,0,1,A,-,01,23152,A,N,E,I,A,A,H,-,D,D,0,,,,,Y,Y,A,01,0,0,0,0,0,0,0,0,0,"- ","- ",,,PLACER,UNINCORPORATED,-121.15780003,38.857819339999999
90361543,2016,2017-02-24,9220,2016-10-04,0230,013466,,2,3,9,3100,0,3,5,,2,070,"INDIAN HILL RD.","NEWCASTLE RD.",2112.00,E,N,A,-,N,,,,,,,,,,Y,1,1,0,1,A,-,08,22107,,N,E,I,A,A,H,-,D,A,0,,,,,Y,,A,07,0,0,0,0,0,0,0,0,0,"- ","- ",,,PLACER,UNINCORPORATED,-121.12317596,38.873070579999997
90365475,2016,2017-01-10,9220,2016-12-22,1830,013997,,4,2,9,3100,0,2,4,,2,051,"PLACER HILLS RD","PINEWOOD WAY",528.00,N,N,A,-,N,,,,,,,,,,Y,2,0,1,1,A,-,08,22107,,N,E,I,A,A,H,-,D,D,0,,,,,Y,Y,A,07,1,0,0,0,0,0,0,0,0,"- ","- ",,,PLACER,UNINCORPORATED,-121.01874825,38.978211459999997
90373947,2017,2017-01-20,9220,2017-01-14,1330,015343,,6,1,9,3100,0,1,1,,2,283,"I-80 E/B","APPLEGATE RD",2640.00,W,N,A,-,Y,,,80,,,,,,E,Y,2,0,5,2,A,-,01,23152,A,N,C,C,A,A,H,-,A,D,0,,,,,Y,Y,D,22,1,0,4,0,0,0,0,0,0,"- ","- ",38.997250000000001,-120.99713,PLACER,UNINCORPORATED,-120.99704767999999,38.997216539999997
90380097,2016,2017-02-01,9220,2016-12-23,2140,013997,,5,2,9,3100,0,2,4,,2,051,"PLACER HILLS ROAD","GOLD RIDGE LANE",165.00,W,N,B,-,N,,,,,,,,,,Y,1,1,0,1,A,-,01,23152,F,N,E,I,A,B,H,-,D,D,0,,,,,Y,Y,A,01,0,0,0,0,0,0,0,0,0,"- ","- ",,,PLACER,UNINCORPORATED,-121.00299560000001,39.038252829999998
90383559,2017,2017-02-01,9220,2017-01-23,1745,016682,,1,2,9,3100,0,3,5,,2,050,"ATWOOD ROAD","F  AVENUE",12.00,E,N,C,-,N,,,,,,,,,,N,2,0,1,2,A,-,11,21954,A,N,G,B,D,B,H,-,D,D,0,Y,,,,Y,,N,60,1,0,0,0,1,0,0,0,0,"- ","- ",39.934849999999997,-121.10402999999999,PLACER,UNINCORPORATED,-121.10374782,38.9348004
90384050,2016,2017-02-01,9221,2016-10-13,2105,017320,,4,2,9,3100,0,1,1,,2,384,"I-80 W/B","LONG RAVINE U/C",18.00,E,N,B,-,Y,,,80,,,,,,W,Y,1,1,1,2,A,-,05,21651,B,N,A,C,A,A,H,-,D,A,0,,,,,Y,,A,01,0,1,0,0,0,0,0,0,0,"- ","- ",39.122300000000003,-120.94083999999999,PLACER,UNINCORPORATED,-120.94081356,39.122290190000001
90387814,2017,2017-02-07,9222,2017-01-20,1920,017550,,5,2,9,3100,0,1,3,,1,014,SR-28,"OLD COUNTY RD.",50.00,E,N,D,-,Y,,,28,,,,,,,N,2,0,1,3,A,-,03,22350,,N,B,C,A,C,H,-,C,A,0,,,,,Y,,A,01,1,0,0,0,0,0,0,0,0,"- ","- ",39.198300000000003,-120.0977,PLACER,UNINCORPORATED,-120.0977034,39.198346880000003
90390381,2016,2017-02-10,9220,2016-12-15,1315,014466,,4,1,9,3100,0,1,3,,1,249,"SR-49 (GRASS VALLEY HWY)","SOUTH FORK DRY CREEK BRIDGE",2.00,S,N,B,C,Y,,,,,,,,,,Y,1,2,0,2,A,-,03,22350,,N,A,C,A,B,H,-,A,D,0,,,,,Y,,A,01,0,0,0,0,0,0,0,0,0,"- ","- ",,,PLACER,UNINCORPORATED,,
90405242,2017,2017-03-03,9220,2017-02-26,1048,016685,,7,1,9,3100,0,2,4,,2,062,"FORESTHILL ROAD","LAKE CLEMENTINE ROAD",4224.00,E,N,A,-,N,,,,,,,,,,Y,2,0,2,3,A,-,05,21460,A,N,A,C,A,A,H,-,A,D,0,,,,,Y,,A,07,2,0,0,0,0,0,0,0,0,"- ","- ",38.940919999999998,-121.99252,PLACER,UNINCORPORATED,-120.99238218000001,38.941087869999997
90411004,2017,2017-03-13,9220,2017-03-04,0555,013997,,6,3,9,3100,0,1,1,,2,283,"I-80 E/B","RUSSELL RD O/C",1056.00,E,N,A,-,Y,,,,,,,,,,Y,2,0,1,2,A,-,03,22350,,N,C,C,A,A,H,-,D,D,0,,,,Y,Y,,F,26,1,0,0,0,0,0,0,0,0,"- ","- ",,,PLACER,UNINCORPORATED,-121.06036507,38.918392269999998
90417058,2017,2017-03-22,9220,2017-01-16,2008,016031,,1,2,5,3105,0,1,3,,1,265,"SR-65 N/B","BLUE OAKS BLVD",5.00,N,N,A,-,Y,,,65,,,,,,N,Y,1,1,7,6,A,-,03,22350,,N,C,C,A,A,H,-,C,D,0,,,,,Y,,D,22,4,0,3,0,0,0,0,0,0,"- ","- ",38.795630000000003,-121.29724,PLACER,ROSEVILLE,-121.29723057,38.79563675
90418444,2017,2017-03-23,9221,2017-03-22,0835,016862,,3,1,9,3100,0,1,1,,2,388,"I-80 W/B","RAINBOW U/C",10032.00,W,N,B,D,Y,,,80,,,,,,W,Y,2,0,2,2,A,-,03,22350,,N,C,C,A,C,H,-,A,A,0,,,,Y,Y,,A,01,1,0,1,0,0,0,0,0,0,"- ","- ",39.306669999999997,-120.5278,PLACER,UNINCORPORATED,-120.52783185,39.30648497
90420125,2017,2017-03-24,9220,2017-03-15,1920,15060,,3,2,4,3104,0,1,1,,2,281,"I-80 E/B",SR-65,2112.00,E,N,B,-,Y,,,80,,,,,,E,Y,2,0,1,1,A,-,01,23152,A,N,E,I,A,A,H,-,B,D,0,,,,,Y,Y,A,01,1,0,0,0,0,0,0,0,0,"- ","- ",38.773989999999998,-121.24191999999999,PLACER,ROCKLIN,-121.24195161999999,38.774041779999997
90425930,2017,2017-04-03,9222,2017-03-18,1734,017658,,6,2,9,3100,0,1,3,,1,015,"STATE ROUTE 28","ONYX ST.",10.00,E,N,A,-,Y,,,28,,,,,,,N,1,1,1,3,A,-,10,21950,A,N,G,B,B,A,H,-,A,D,0,Y,,,,Y,,A,07,0,1,0,1,1,0,0,0,0,"- ","- ",39.226819999999996,-120.07908999999999,PLACER,UNINCORPORATED,-120.07909178,39.22687457
90428419,2017,2017-04-05,9220,2017-03-25,0240,015168,,6,3,9,3100,0,2,4,,2,051,"PLACER HILLS ROAD","MILL ROAD",385.00,S,N,B,-,N,,,,,,,,,,Y,2,0,1,1,A,-,08,22107,,N,E,I,A,B,H,-,C,D,0,,,,,Y,,D,22,1,0,0,0,0,0,0,0,0,"- ","- ",38.991520000000001,-121.02423,PLACER,UNINCORPORATED,-121.02409489999999,38.991674279999998
90434326,2017,2017-04-14,9220,2017-03-25,2258,017375,,6,3,5,3105,0,1,3,,1,265,"SR-65 N/B","PLEASANT GROVE BLVD",2640.00,N,N,A,-,Y,,,65,,,,,,N,Y,1,1,2,1,A,-,08,22107,,N,E,I,A,A,H,-,D,D,0,,,,,Y,,A,07,0,1,1,0,0,0,0,0,0,"- ","- ",38.791150000000002,-121.29237000000001,PLACER,ROSEVILLE,-121.29243302,38.791057209999998
90440939,2017,2017-04-24,9220,2017-04-14,1805,014438,,5,2,5,3105,0,1,1,,2,281,"I-80 E/B FROM EUREKA RD W/B","EUREKA RD",16.00,E,N,A,-,Y,,,80,,,,R,,E,Y,2,0,1,1,A,-,08,22107,,N,E,I,A,A,H,-,A,D,0,,,,,Y,,A,07,1,0,0,0,0,0,0,0,0,"- ","- ",38.758000000000003,-121.2604,PLACER,ROSEVILLE,-121.2604,38.758000000000003
9045504,2019,2020-02-14,3105,2019-01-06,2137,1099,,7,5,5,3105,0,0,0,,0,001,"TAYLOR RD","EUREKA RD",300.00,N,N,C,-,N,,,,,,,,,,N,2,0,2,2,A,-,09,21804,A,N,C,C,A,B,H,-,C,D,0,,,,,Y,,A,01,1,1,0,0,0,0,0,0,0,"- ","- ",,,PLACER,ROSEVILLE,-121.25904846191406,38.758110046386719
90460624,2017,2017-05-22,9220,2017-05-02,1750,012239,,2,2,3,3101,0,1,1,,2,282,"SR-49 S/B TO I-80 W/B","I-80 W/B",200.00,N,N,A,-,Y,,,,,,,,,,Y,2,0,1,1,A,-,03,22350,,N,E,I,A,A,H,-,A,D,0,,,Y,,Y,,C,02,1,0,0,0,0,0,0,0,1,"- ","- ",38.987110000000001,-121.89999,PLACER,AUBURN,,
90461094,2017,2017-05-22,9220,2017-05-02,1740,016481,,2,2,4,3104,0,1,1,,2,281,"I-80 W/B",SR-65,1500.00,E,N,A,-,Y,,,,,,,,,,Y,2,0,2,3,A,-,03,22350,,N,C,C,A,A,H,-,A,D,0,,,,,Y,,D,22,1,0,1,0,0,0,0,0,0,"- ","- ",,,PLACER,ROCKLIN,,
90462656,2017,2017-05-24,9220,2017-05-18,1150,015168,,4,1,9,3100,0,3,5,,2,060,"MOSQUITO RIDGE RD","FOREST HILL ROAD",158400.00,E,N,A,-,N,,,,,,,,,,Y,2,0,1,1,A,-,08,22107,,N,F,A,A,A,H,-,A,D,0,,,Y,,Y,,C,02,1,0,0,0,0,0,0,0,1,"- ","- ",39.115549999999999,-120.49769000000001,PLACER,UNINCORPORATED,-120.50758719,39.119085699999999
90463905,2017,2017-05-25,9220,2017-05-19,0955,013466,,5,1,9,3100,0,3,5,,2,070,"HORSESHOE BAR RD.","HICKEY LN.",1056.00,E,N,A,-,N,,,,,,,,,,N,2,0,1,2,A,-,11,21954,A,N,G,B,D,A,H,-,A,A,0,Y,,,,Y,,N,60,1,0,0,0,1,0,0,0,0,"- ","- ",38.810600000000001,-121.15706,PLACER,UNINCORPORATED,-121.15804423,38.810496389999997
90481315,2017,2017-06-19,9220,2017-05-20,1010,015343,,6,1,9,3100,0,3,5,,2,030,"RIOSA RD","ANDRESSEN RD",16.00,E,N,A,-,N,,,,,,,,,,Y,1,1,0,1,A,-,03,22350,,M,F,A,A,A,H,-,A,D,0,,,Y,,Y,,C,02,0,0,0,0,0,0,0,1,0,"- ","- ",38.984819999999999,-121.36762,PLACER,UNINCORPORATED,-121.36768495,38.984739179999998
90488550,2017,2017-06-27,9220,2017-06-18,1705,012239,,7,2,9,3100,0,2,4,,2,027,"AUBURN-FOLSOM ROAD","TYLER ROAD",1056.00,S,N,A,-,N,,,,,,,,,,N,2,0,1,1,A,-,03,22350,,N,F,A,A,A,H,-,A,D,0,,,Y,,Y,,C,02,1,0,0,0,0,0,0,0,1,"- ","- ",,,PLACER,UNINCORPORATED,-121.10205157999999,38.861768419999997
90502151,2017,2017-07-17,9220,2017-07-10,1640,016481,,1,2,9,3100,0,2,4,,2,051,"PLACER HILLS RD","COMBIE ROAD",100.00,S,N,A,-,N,,,,,,,,,,Y,2,0,1,2,A,-,09,21801,A,N,D,C,A,A,H,-,A,D,0,,,Y,,Y,,D,22,1,0,0,0,0,0,0,0,1,"- ","- ",,,PLACER,UNINCORPORATED,-121.02195652,39.000756969999998
90507091,2017,2017-07-24,9222,2017-07-03,1140,017550,,1,1,9,3100,0,1,3,,1,013,SR-89S,"W. RIVER ST.",975.00,S,N,A,-,Y,,,89,,,,,,,Y,2,0,2,4,A,-,08,22107,,N,D,C,A,A,H,-,A,D,0,,,,,Y,,D,22,1,1,0,0,0,0,0,0,0,"- ","- ",39.312840000000001,-120.20435000000001,PLACER,UNINCORPORATED,-120.20438683,39.312854889999997
9051468,2019,2020-02-27,3105,2019-04-22,1852,1098,,1,5,5,3105,0,0,0,,0,005,"MAPLE CREEK DR","STANFORD RANCH RD",0.00,,Y,A,-,N,,,,,,,,,,N,2,0,1,2,A,-,"- ",,,N,G,B,D,A,H,-,A,D,0,Y,,,,Y,,A,01,1,0,0,0,1,0,0,0,0,"- ","- ",38.791690826416016,-121.26931762695312,PLACER,ROSEVILLE,-121.26936340332031,38.791698455810547
90522684,2017,2017-08-14,9220,2017-07-29,0115,012773,,6,3,9,3100,0,1,1,,2,283,"I-80 W/B","DRY CREEK ROAD O/C",4750.00,W,N,A,-,Y,,,,,,,,,,Y,2,0,2,1,A,-,01,23152,A,N,E,I,A,A,H,-,C,D,0,,,,,Y,Y,A,01,2,0,0,0,0,0,0,0,0,"- ","- ",,,PLACER,UNINCORPORATED,,
90523066,2017,2017-08-14,9221,2017-08-13,1510,021216,,7,2,9,3100,0,1,1,,2,384,"I-80 W/B","GOLD RUN ROAD",4224.00,W,N,A,-,Y,,,,,,,,,,Y,2,0,1,2,A,-,03,22350,,N,C,C,A,A,H,-,A,D,0,,,Y,,Y,,C,02,1,0,0,0,0,0,0,0,1,"- ","- ",,,PLACER,UNINCORPORATED,,
90535110,2017,2017-08-28,9220,2017-08-12,2140,014699,,6,2,9,3100,0,1,3,,1,265,"SR-65 N/B","WHITNEY RANCH PKWY",2112.00,S,N,A,-,Y,,,65,,,,,,N,Y,2,0,2,2,A,-,01,23152,A,N,C,C,A,A,H,-,C,A,0,,,Y,,Y,Y,C,02,2,0,0,0,0,0,0,0,2,"- ","- ",38.825400000000002,-121.2998,PLACER,UNINCORPORATED,-121.29988533,38.825400340000002
90535849,2017,2017-08-29,9222,2017-08-18,1530,018593,,5,2,9,3100,0,1,3,,1,011,"STATE ROUTE 89","GRANITE FLAT",250.00,S,N,A,-,Y,,,89,,,,,,,Y,2,0,1,1,A,-,08,22107,,N,E,I,A,A,H,-,A,D,0,,,,,Y,,A,07,1,0,0,0,0,0,0,0,0,"- ","- ",39.300710000000002,-120.20546,PLACER,UNINCORPORATED,-120.20539527,39.300715629999999
90537053,2017,2017-08-30,9221,2017-08-22,1020,018740,,2,1,9,3100,0,3,5,,2,070,"MILK RANCH ROAD","PLUMTREE RD",800.00,N,N,A,-,N,,,,,,,,,,Y,2,0,1,1,A,-,03,22350,,N,E,I,A,A,H,-,A,D,0,,,,,Y,,A,01,1,0,0,0,0,0,0,0,0,"- ","- ",39.085560000000001,-120.98535,PLACER,UNINCORPORATED,-120.98715305,39.085154240000001