CASE_ID,ACCIDENT_YEAR,PROC_DATE,JURIS,COLLISION_DATE,COLLISION_TIME,OFFICER_ID,REPORTING_DISTRICT,DAY_OF_WEEK,CHP_SHIFT,POPULATION,CNTY_CITY_LOC,SPECIAL_COND,BEAT_TYPE,CHP_BEAT_TYPE,CITY_DIVISION_LAPD,CHP_BEAT_CLASS,BEAT_NUMBER,PRIMARY_RD,SECONDARY_RD,DISTANCE,DIRECTION,INTERSECTION,WEATHER_1,WEATHER_2,STATE_HWY_IND,CALTRANS_COUNTY,CALTRANS_DISTRICT,STATE_ROUTE,ROUTE_SUFFIX,POSTMILE_PREFIX,POSTMILE,LOCATION_TYPE,RAMP_INTERSECTION,SIDE_OF_HWY,TOW_AWAY,COLLISION_SEVERITY,NUMBER_KILLED,NUMBER_INJURED,PARTY_COUNT,PRIMARY_COLL_FACTOR,PCF_CODE_OF_VIOL,PCF_VIOL_CATEGORY,PCF_VIOLATION,PCF_VIOL_SUBSECTION,HIT_AND_RUN,TYPE_OF_COLLISION,MVIW,PED_ACTION,ROAD_SURFACE,ROAD_COND_1,ROAD_COND_2,LIGHTING,CONTROL_DEVICE,CHP_ROAD_TYPE,PEDESTRIAN_ACCIDENT,BICYCLE_ACCIDENT,MOTORCYCLE_ACCIDENT,TRUCK_ACCIDENT,NOT_PRIVATE_PROPERTY,ALCOHOL_INVOLVED,STWD_VEHTYPE_AT_FAULT,CHP_VEHTYPE_AT_FAULT,COUNT_SEVERE_INJ,COUNT_VISIBLE_INJ,COUNT_COMPLAINT_PAIN,COUNT_PED_KILLED,COUNT_PED_INJURED,COUNT_BICYCLIST_KILLED,COUNT_BICYCLIST_INJURED,COUNT_MC_KILLED,COUNT_MC_INJURED,PRIMARY_RAMP,SECONDARY_RAMP,LATITUDE,LONGITUDE,COUNTY,CITY,POINT_X,POINT_Y
90544650,2017,2017-09-11,9222,2017-08-27,0730,017550,,7,1,9,3100,0,1,3,,1,014,SR-28,"GROVE ST.",80.00,W,N,A,-,Y,,,28,,,,,,,N,2,0,1,2,A,-,17,22517,,N,E,J,A,A,H,-,A,D,0,,Y,,,Y,,A,01,1,0,0,0,0,0,1,0,0,"- ","- ",39.171810000000001,-120.13979999999999,PLACER,UNINCORPORATED,-120.13985244,39.171875290000003
90544972,2017,2017-09-11,9220,2017-04-12,1435,013465,,3,2,2,3103,0,1,3,,1,265,"SR-65 N/B","TWELVE BRIDGES DR",1584.00,N,N,B,-,Y,,,,,,,,,,Y,1,1,1,1,A,-,06,21755,,N,E,I,A,A,H,-,A,D,0,,,,,Y,,A,01,1,0,0,0,0,0,0,0,0,"- ","- ",38.512070000000001,-121.1758,PLACER,LINCOLN,-121.29951764,38.855478959999999
90546542,2017,2017-09-13,9222,2017-08-28,1340,019333,,1,1,9,3100,0,3,5,,2,010,"MCKINNEY RUBICON SPRINGS ROAD","BELLEVUE AVE",0.00,,Y,A,-,N,,,,,,,,,,N,2,0,1,2,A,-,08,22107,,N,D,G,A,A,H,-,A,D,0,,Y,,,Y,,A,07,1,0,0,0,0,0,1,0,0,"- ","- ",39.067520000000002,-120.14309,PLACER,UNINCORPORATED,-120.14317990000001,39.067569919999997
90557850,2017,2017-09-28,9220,2017-09-23,1750,015197,,6,2,9,3100,0,3,5,,2,070,"NEWCASTLE RD","AUBURN-FOLSOM RD",3168.00,E,N,A,-,N,,,,,,,,,,Y,2,0,1,1,C,-,18,,,N,E,H,A,A,H,-,A,D,0,,,Y,,Y,,-,"- ",1,0,0,0,0,0,0,0,1,"- ","- ",38.836269999999999,-121.11084,PLACER,UNINCORPORATED,-121.11072202,38.836649870000002
90570445,2017,2017-10-16,9220,2017-08-16,1712,012239,,3,2,9,3100,0,2,4,,2,027,"AUBURN-FOLSOM ROAD","SHELBORNE DR",1056.00,S,N,A,-,N,,,,,,,,,,Y,1,1,2,2,A,-,05,21460,A,N,A,C,A,A,H,-,A,D,0,,,,,Y,,A,01,2,0,0,0,0,0,0,0,0,"- ","- ",38.4514,-121.95111,PLACER,UNINCORPORATED,-121.16479645,38.75616153
90578647,2017,2017-10-25,9220,2017-10-22,1135,016616,,7,1,5,3105,0,1,3,,1,265,"SR-65 S/B","PLEASANT GROVE BLVD.",1000.00,S,N,A,-,Y,,,65,,,,,,S,Y,2,0,2,2,A,-,03,22350,,N,C,C,A,A,H,-,A,D,0,,,,,Y,,A,07,2,0,0,0,0,0,0,0,0,"- ","- ",38.785080000000001,-121.2809,PLACER,ROSEVILLE,-121.28099788999999,38.784883739999998
90584815,2017,2017-11-01,9221,2017-10-28,0005,017121,,6,3,9,3100,0,1,1,,2,384,"I-80 E/B","CANYON WAY",733.00,E,N,A,-,Y,,,80,,,,,,E,Y,2,0,1,1,A,-,08,22107,,N,B,I,A,A,H,-,D,D,0,,,,,Y,,A,01,1,0,0,0,0,0,0,0,0,"- ","- ",39.080509999999997,-120.95869,PLACER,UNINCORPORATED,-120.95874897,39.080539280000004
90589328,2017,2017-11-17,9220,2017-10-23,0230,012773,,1,3,9,3100,0,2,4,,2,057,"BOWMAN ROAD","DRY CREEK ROAD",79.00,S,N,A,-,N,,,,,,,,,,Y,1,1,0,1,A,-,08,22107,,N,E,I,A,A,H,-,D,D,0,,,,,Y,,A,01,0,0,0,0,0,0,0,0,0,"- ","- ",38.956659999999999,-121.03749999999999,PLACER,UNINCORPORATED,-121.03754032000001,38.956753239999998
90591088,2017,2017-11-09,9220,2017-10-20,1220,014699,,5,1,9,3100,0,1,1,,2,282,"I-80 E/B","NEWCASTLE UNION PACIFIC O/C",160.00,E,N,A,B,Y,,,,,,,,,,Y,2,0,1,2,A,-,01,23152,A,M,C,C,A,A,H,-,A,D,0,,,Y,,Y,Y,C,02,1,0,0,0,0,0,0,0,1,"- ","- ",38.523099999999999,-121.0749,PLACER,UNINCORPORATED,,
90591098,2017,2017-11-09,9221,2017-11-04,1625,017777,,6,2,9,3100,0,1,1,,2,386,"I-80 W/B","EMIGRANT GAP ROAD",1056.00,E,N,C,-,Y,,,80,,,,,,W,Y,2,0,2,1,A,-,03,22350,,N,F,A,A,B,H,-,A,D,0,,,,,Y,Y,A,08,1,1,0,0,0,0,0,0,0,"- ","- ",39.303139999999999,-120.65663000000001,PLACER,UNINCORPORATED,-120.65675168999999,39.303503730000003
90596691,2017,2017-11-17,9220,2017-11-08,1720,15060,,3,2,5,3105,0,1,3,,1,265,"SR-65 (S/B)","SUNSET BLVD",2551.00,S,N,B,-,Y,,,65,,,,,,,Y,2,0,5,4,A,-,03,22350,,N,C,C,A,A,H,-,C,D,0,,,,,Y,,A,07,1,4,0,0,0,0,0,0,0,"- ","- ",38.811210000000003,-121.30041,PLACER,ROSEVILLE,-121.30041554,38.811210039999999
90598283,2017,2017-11-20,9220,2017-11-10,1847,015168,,5,2,2,3103,0,1,3,,1,265,"STATE ROUTE 65 N/B","TWELVE BRIDGES DR",420.00,S,N,B,-,Y,,,65,,,,,,N,Y,2,0,2,2,A,-,03,22350,,N,C,D,A,A,H,-,C,D,0,,,,,Y,,A,01,1,0,1,0,0,0,0,0,0,"- ","- ",38.849719999999998,-121.29971999999999,PLACER,LINCOLN,-121.29961122,38.849718609999996
90612372,2017,2017-12-07,9220,2017-10-04,1420,013856,,3,2,9,3100,0,2,4,,2,062,"FORESTHILL ROAD","LINCOLN WAY",5834.00,E,N,A,-,N,,,,,,,,,,Y,1,1,0,1,A,-,08,22107,,N,E,I,A,A,H,-,A,D,0,,,Y,,Y,,C,02,0,0,0,0,0,0,0,1,0,"- ","- ",38.922370000000001,-121.02748,PLACER,UNINCORPORATED,-121.03585842,38.922720099999999
90612926,2017,2017-12-08,9220,2017-11-21,1920,013465,,2,2,9,3100,0,3,5,,2,030,"MCCOURTNEY RD","FRUITVALE RD",1056.00,N,N,A,-,N,,,,,,,,,,Y,2,0,1,1,A,-,08,22107,,N,F,I,A,A,H,-,D,A,0,,,,,Y,,A,01,1,0,0,0,0,0,0,0,0,"- ","- ",38.557859999999998,-121.16464999999999,PLACER,UNINCORPORATED,-121.27950853999999,38.918579610000002
90616514,2017,2017-12-13,9220,2017-12-09,1400,017818,,6,2,9,3100,0,1,3,,1,249,"SR-49 N/B","SHALE RIDGE RD",0.00,,Y,A,-,Y,,,,,,,,,,Y,2,0,1,2,A,-,09,21802,A,N,D,C,A,A,H,-,A,A,0,,,,,Y,,E,22,1,0,0,0,0,0,0,0,0,"- ","- ",39.952970000000001,-120.10057,PLACER,UNINCORPORATED,-121.10063993,38.952979900000003
90619333,2017,2017-12-18,9220,2017-11-27,1740,013465,,1,2,9,3100,0,3,5,,2,010,"INDUSTRIAL AVE","CYBER CT",760.00,N,N,A,-,N,,,,,,,,,,Y,2,0,3,3,A,-,01,23152,A,N,C,C,A,A,H,-,D,D,0,,,,,Y,Y,A,01,2,1,0,0,0,0,0,0,0,"- ","- ",38.494289999999999,-121.18256,PLACER,UNINCORPORATED,-121.30714768,38.824786899999999
90620791,2017,2017-12-19,9220,2017-12-17,1111,015197,,7,1,9,3100,0,1,3,,1,267,"SR-65 N/B","WEST WISE RD",1056.00,N,N,A,-,Y,,,65,,,,,,N,Y,2,0,1,1,A,-,08,22107,,N,F,A,A,A,H,-,A,D,0,,,Y,,Y,,C,02,1,0,0,0,0,0,0,0,1,"- ","- ",38.928820000000002,-121.36824,PLACER,UNINCORPORATED,-121.36834355000001,38.928820000000002
90620818,2017,2017-12-19,9220,2017-12-10,1210,013299,,7,1,9,3100,0,1,1,,2,283,"I-80 W/B","WEST PAOLI LANE",442.00,W,N,A,-,Y,,,80,,,,,,W,Y,2,0,1,1,A,-,01,23152,A,N,E,I,A,A,H,-,A,D,0,,,,,Y,Y,D,22,1,0,0,0,0,0,0,0,0,"- ","- ",39.033520000000003,-120.97584999999999,PLACER,UNINCORPORATED,-120.97584483999999,39.033517719999999
90640538,2018,2018-03-14,9221,2018-01-09,0225,016556,,2,3,9,3100,0,1,1,,2,385,"I-80 W/B",BAXTER,528.00,W,N,C,-,Y,,,80,,,,,,W,Y,2,0,2,2,A,-,03,22350,,N,C,C,A,B,H,-,D,D,0,,,,Y,Y,,G,25,1,1,0,0,0,0,0,0,0,"- ","- ",39.213611602783203,-120.77873229980469,PLACER,UNINCORPORATED,-120.77873992919922,39.213630676269531
90642148,2017,2018-01-17,9221,2017-10-23,0505,016634,,1,3,9,3100,0,1,1,,2,385,"I-80 WESTBOUND","BAXTER RD.",5280.00,E,N,A,-,Y,,,80,,,,,,W,Y,2,0,1,1,A,-,08,22107,,N,F,I,A,A,H,-,D,D,0,,,,,Y,,D,22,1,0,0,0,0,0,0,0,0,"- ","- ",39.226149999999997,-120.76585,PLACER,UNINCORPORATED,-120.76584072,39.226134620000003
90645879,2018,2018-01-23,9220,2018-01-15,1020,015343,,1,1,9,3100,0,3,5,,2,010,"ATHENS AVE","NORTH FOOTHILLS BLVD.",0.00,,Y,B,E,N,,,,,,,,,,Y,2,0,1,2,A,-,12,22450,A,N,D,C,A,A,H,-,A,A,0,,,,,Y,,D,22,1,0,0,0,0,0,0,0,0,"- ","- ",38.839000701904297,-121.32592010498047,PLACER,UNINCORPORATED,-121.32589721679688,38.8389892578125
9064704,2020,2020-05-19,3103,2020-02-24,0000,WCOLL,L6,1,5,2,3103,0,0,0,,0,0L4,"E JOINER PKWY","PARKWAY POINT DR",0.00,,Y,-,-,N,,,,,,,,,,N,2,0,1,2,A,-,09,21804,A,N,-,-,A,-,-,-,-,-,0,,Y,,,Y,,L,04,1,0,0,0,0,0,1,0,0,"- ","- ",38.869281768798828,-121.29164123535156,PLACER,LINCOLN,-121.29358999999999,38.871200000000002
90647310,2018,2018-01-25,9220,2018-01-10,1930,013465,,3,2,9,3100,0,3,5,,2,010,"INDUSTRIAL AVENUE","ATHENS AVENUE",1320.00,S,N,B,-,N,,,,,,,,,,N,2,0,1,2,A,-,08,22107,,N,G,B,E,A,H,-,D,D,0,Y,,,,Y,,-,99,1,0,0,0,1,0,0,0,0,"- ","- ",38.507148742675781,-121.18254852294922,PLACER,UNINCORPORATED,-121.30702972412109,38.835475921630859
90647692,2018,2018-01-25,9220,2018-01-17,1550,15060,,3,2,9,3100,0,1,3,,2,293,SR-193,"DUTCH CT",100.00,E,N,B,-,Y,,,193,,,,,,,Y,2,0,4,1,A,-,08,22107,,N,E,I,A,A,H,-,A,D,0,,,,,Y,,A,01,1,0,3,0,0,0,0,0,0,"- ","- ",38.884078979492188,-121.17388916015625,PLACER,UNINCORPORATED,-121.17388153076172,38.884082794189453
90658270,2018,2018-02-09,9220,2018-01-22,0710,015343,,1,1,5,3105,0,1,1,,2,281,"I-80 E/B","RIVERSIDE AVE",1240.00,E,N,B,C,Y,,,80,,,,,,E,Y,2,0,2,4,A,-,03,22350,,F,C,C,A,B,H,-,A,D,0,,,,,Y,,-,99,2,0,0,0,0,0,0,0,0,"- ","- ",38.747188568115234,-121.26841735839844,PLACER,ROSEVILLE,-121.26853942871094,38.747268676757812
90666935,2018,2018-02-22,9220,2018-02-02,1740,014611,,5,2,9,3100,0,2,4,,2,075,"TAYLOR RD","PENRYN RD",200.00,S,N,A,-,N,,,,,,,,,,Y,2,0,1,1,A,-,08,22107,,N,E,I,A,A,H,-,B,D,0,,,Y,,Y,,C,02,1,0,0,0,0,0,0,0,1,"- ","- ",38.844051361083984,-121.169677734375,PLACER,UNINCORPORATED,-121.16948699951172,38.844169616699219
90668194,2018,2018-02-23,9220,2018-02-13,1800,016616,,2,2,9,3100,0,2,4,,2,022,"DOUGLAS BLVD.","AUBURN FOLSOM RD.",380.00,W,N,A,-,N,,,,,,,,,,Y,2,0,1,2,A,-,09,21804,A,N,D,C,A,A,H,-,C,A,0,,,Y,,Y,,A,01,1,0,0,0,0,0,0,0,1,"- ","- ",38.743579864501953,-121.17205047607422,PLACER,UNINCORPORATED,-121.17194366455078,38.743438720703125
90701270,2018,2018-04-09,9220,2018-03-30,0738,013997,,5,1,9,3100,0,1,3,,1,249,"SR-49 (GRASS VALLEY HWY)","LONE STAR RD",528.00,N,N,A,-,Y,,,49,,,,,,,Y,2,0,1,2,A,-,07,21658,A,N,A,C,A,A,H,-,A,D,0,,,Y,,Y,,A,07,1,0,0,0,0,0,0,0,1,"- ","- ",38.999160766601562,-121.10800170898438,PLACER,UNINCORPORATED,-121.10796356201172,38.999149322509766
90702768,2018,2018-04-10,9220,2018-03-31,1840,017375,,6,2,9,3100,0,3,5,,2,050,"CANYON WAY","YANKEE JIMS RD",1584.00,N,N,A,-,N,,,,,,,,,,Y,2,0,1,1,A,-,01,23152,A,N,E,I,A,A,H,-,A,D,0,,,Y,,Y,Y,C,02,1,0,0,0,0,0,0,0,1,"- ","- ",39.072101593017578,-120.95880889892578,PLACER,UNINCORPORATED,-120.95883178710938,39.072116851806641
90703617,2018,2018-04-11,9221,2018-04-08,1440,017121,,7,2,9,3100,0,3,5,,2,070,"PLACER HILLS RD","MARHAVEN DR",117.00,E,N,A,-,N,,,,,,,,,,Y,2,0,2,2,A,-,03,22350,,N,B,C,A,A,H,-,A,D,0,,,Y,,Y,,C,02,2,0,0,0,0,0,0,0,2,"- ","- ",39.065788269042969,-120.97992706298828,PLACER,UNINCORPORATED,-120.97985076904297,39.065818786621094
90709393,2018,2018-04-19,9220,2018-04-06,1015,016481,,5,1,9,3100,0,1,3,,1,265,"SR-65 N/B","PLEASANT GROVE BLVD",100.00,S,N,C,-,Y,,,,,,,,,,Y,2,0,1,2,A,-,08,22107,,N,D,C,A,B,H,-,A,D,0,,,,Y,Y,,A,08,1,0,0,0,0,0,0,0,0,"- ","- ",38.399879455566406,-121.44988250732422,PLACER,UNINCORPORATED,-121.28370666503906,38.786453247070312
90711626,2018,2018-10-05,9220,2018-03-20,0540,013794,,2,3,9,3100,0,1,3,,1,249,"SR-49 (S/B) (GRASS VALLEY HIGHWAY)","JOEGER ROAD",0.00,,Y,B,-,Y,,,49,,,,,,,Y,1,1,1,3,A,-,09,21802,A,N,D,C,A,A,H,-,C,A,0,,,,,Y,,A,01,0,1,0,0,0,0,0,0,0,"- ","- ",38.963901519775391,-121.10399627685547,PLACER,UNINCORPORATED,-121.10405731201172,38.963886260986328
90713637,2018,2018-04-26,9220,2018-04-21,1545,016419,,6,2,9,3100,0,3,5,,2,010,"ATHENS AVE.","INDUSTRIAL AVE",625.00,W,N,A,-,N,,,,,,,,,,Y,2,0,1,2,A,-,07,21658,,N,B,C,A,A,H,-,A,D,0,,,Y,,Y,,A,01,1,0,0,0,0,0,0,0,1,"- ","- ",38.839118957519531,-121.30921173095703,PLACER,UNINCORPORATED,-121.30913543701172,38.839099884033203
90719120,2018,2018-05-03,9220,2018-04-24,1142,016654,,2,1,9,3100,0,1,1,,2,282,"I-80 W/B",SR-193,2640.00,E,N,A,-,Y,,,80,,,,,,W,Y,2,0,1,2,A,-,07,21658,A,N,B,C,A,A,H,-,A,D,0,,,,,Y,,-,"- ",1,0,0,0,0,0,0,0,0,"- ","- ",38.881141662597656,-121.10910034179688,PLACER,UNINCORPORATED,-121.10911560058594,38.881187438964844
9073616,2020,2020-08-18,3105,2020-04-30,0106,1147,,4,5,5,3105,0,0,0,,0,003,"S RIVERSIDE AV","RT 80",0.00,,Y,A,-,N,,,,,,,,,,Y,2,0,1,1,A,-,03,22350,,N,E,I,A,A,A,H,C,A,0,,,,,Y,,A,01,1,0,0,0,0,0,0,0,0,"- ","- ",38.744338989257812,-121.2530517578125,PLACER,ROSEVILLE,-121.29036712646484,38.724910736083984
90736499,2018,2018-05-29,9220,2018-05-18,1245,013856,,5,1,9,3100,0,3,5,,2,070,"CITRUS COLONY RD.","DUSTY LN.",77.00,E,N,A,-,N,,,,,,,,,,Y,2,0,1,1,A,-,08,22107,,N,E,I,A,A,H,-,A,D,0,,,,,Y,,A,01,1,0,0,0,0,0,0,0,0,"- ","- ",38.839450836181641,-121.2080078125,PLACER,UNINCORPORATED,-121.20802307128906,38.839469909667969
90737718,2018,2018-05-30,9220,2018-05-27,1415,017818,,7,2,9,3100,0,2,4,,2,062,"FORESTHILL RD","DRIVERS FLAT RD",3960.00,S,N,A,-,N,,,,,,,,,,Y,2,0,1,1,C,-,18,,,N,H,H,A,A,H,-,A,D,0,,,Y,,Y,,-,"- ",1,0,0,0,0,0,0,0,1,"- ","- ",38.971839904785156,-120.94596099853516,PLACER,UNINCORPORATED,-120.95599365234375,38.962024688720703
90738522,2018,2018-05-31,9220,2018-05-30,1525,016685,,3,2,2,3103,0,1,3,,1,265,"SR-65 N/B TO LINCOLN BOULEVARD","LINCOLN BOULEVARD",481.00,S,N,B,-,Y,,,65,,,,R,,N,Y,2,0,1,1,A,-,08,22107,,N,F,A,A,A,H,-,A,D,0,,,Y,,Y,,C,02,1,0,0,0,0,0,0,0,1,"- ","- ",38.864200592041016,-121.29969787597656,PLACER,LINCOLN,-121.29969787597656,38.864200592041016
9074152,2020,2020-10-30,3104,2020-05-26,1445,617,42,2,5,4,3104,0,0,0,,0,001,"SIERRA COLLEGE BL","SHRIBER RD",125.00,S,N,A,-,N,,,,,,,,,,N,2,0,1,2,A,-,08,22107,,N,B,C,A,A,H,-,A,D,0,,,Y,,Y,,A,01,1,0,0,0,0,0,0,0,1,"- ","- ",38.798210144042969,-121.20559692382812,PLACER,ROCKLIN,-121.20553588867188,38.799095153808594
9074347,2020,2020-07-15,3105,2020-03-04,2500,1123,,3,5,5,3105,0,0,0,,0,003,"MELODY LN","CIRBY WY",0.00,,Y,A,D,N,,,,,,,,,,,2,0,1,2,A,-,12,21453,A,N,A,C,A,A,H,-,A,A,0,,,Y,,Y,,C,02,1,0,0,0,0,0,0,0,1,"- ","- ",38.729328155517578,-121.29212188720703,PLACER,ROSEVILLE,-121.29210662841797,38.729339599609375
90746269,2018,2018-06-12,9220,2018-06-01,0020,017397,,5,3,9,3100,0,2,4,,1,013,"WALERGA RD","SPRINGHILL DR.",550.00,N,N,A,-,N,,,,,,,,,,Y,2,0,1,1,A,-,01,23152,A,N,E,I,A,A,H,-,C,D,0,,,,,Y,Y,A,01,1,0,0,0,0,0,0,0,0,"- ","- ",38.749420166015625,-121.35880279541016,PLACER,UNINCORPORATED,-121.35886383056641,38.749347686767578
90751746,2018,2018-06-20,9221,2018-06-11,2005,013932,,1,2,9,3100,0,3,5,,2,070,"OLD GRASS VALLEY RD","SR 174",1056.00,N,N,A,-,N,,,,,,,,,,Y,2,0,1,1,A,-,01,23152,A,N,E,I,A,A,H,-,A,D,0,,,,,Y,Y,D,22,1,0,0,0,0,0,0,0,0,"- ","- ",39.120731353759766,-120.95249176025391,PLACER,UNINCORPORATED,-120.95244598388672,39.120975494384766
90758404,2018,2018-06-28,9220,2018-05-03,1356,015168,,4,1,9,3100,0,2,4,,2,064,"FORESTHILL ROAD","GEORGIA ROAD",518.00,W,N,A,-,N,,,,,,,,,,Y,1,1,0,1,A,-,08,22107,,N,E,I,A,A,H,-,A,D,0,,,,,Y,,A,01,0,0,0,0,0,0,0,0,0,"- ","- ",39.067298889160156,-120.74829864501953,PLACER,UNINCORPORATED,-120.74818420410156,39.067184448242188
90763004,2018,2018-07-05,9220,2018-06-27,1252,013997,,3,1,9,3100,0,1,3,,1,249,"SR-49 (GRASS VALLEY HWY)","QUARTZ DRIVE",201.00,N,N,A,-,Y,,,49,,,,,,,Y,2,0,4,3,A,-,03,22350,,N,C,C,A,A,H,-,A,A,0,,,,,Y,,D,22,1,3,0,0,0,0,0,0,0,"- ","- ",38.948040008544922,-121.09916687011719,PLACER,UNINCORPORATED,-121.09907531738281,38.948070526123047
90763590,2018,2018-07-05,9220,2018-06-28,1605,017375,,4,2,9,3100,0,1,3,,1,249,"SR-49 N/B","ATWOOD RD",4.00,W,N,A,-,Y,,,49,,,,,,N,N,2,0,1,2,A,-,11,21950,B,N,G,B,B,A,H,-,A,A,0,Y,,,,Y,,N,60,1,0,0,0,1,0,0,0,0,"- ","- ",38.935020446777344,-121.09307098388672,PLACER,UNINCORPORATED,-121.09312438964844,38.934970855712891
90766103,2018,2018-07-10,9221,2018-06-27,1740,019671,,3,2,9,3100,0,1,1,,2,385,"I-80 E/B","ALTA BONNYNOOK RD",1056.00,W,N,A,-,Y,,,80,,,,,,E,N,2,0,1,1,C,-,18,,,N,D,H,A,A,H,-,A,D,0,,,Y,,Y,,-,"- ",1,0,0,0,0,0,0,0,1,"- ","- ",39.191680908203125,-120.81858062744141,PLACER,UNINCORPORATED,-120.81858062744141,39.191684722900391
90767678,2018,2018-07-12,9220,2018-07-01,1705,016682,,7,2,9,3100,0,1,1,,2,283,"I-80 W/B","DRY CREEK RD.",317.00,E,N,A,-,Y,,,80,,,,,,W,Y,2,0,1,1,A,-,08,22107,,N,E,I,A,A,H,-,A,D,0,,,,,Y,,A,01,1,0,0,0,0,0,0,0,0,"- ","- ",38.963031768798828,-121.02433013916016,PLACER,UNINCORPORATED,-121.02436065673828,38.963081359863281
90772629,2018,2018-07-19,9220,2018-07-08,1105,016668,,7,1,5,3105,0,1,1,,2,281,"I-80 E/B","DOUGLAS BLVD.",958.00,E,N,A,-,Y,,,80,,,,,,E,Y,2,0,3,2,A,-,08,22107,,N,D,C,A,A,H,-,A,D,0,,,,,Y,,D,22,1,0,2,0,0,0,0,0,0,"- ","- ",38.747100830078125,-121.26846313476562,PLACER,ROSEVILLE,-121.26859283447266,38.747188568115234
90772695,2018,2018-07-19,9220,2018-07-16,1205,014699,,1,1,3,3101,0,3,5,,2,050,"ERIN DR","TRACY LN",75.00,E,N,A,-,N,,,,,,,,,,Y,2,0,1,2,A,-,08,22100,B,N,D,C,A,A,H,-,A,D,0,,,Y,,Y,,A,01,1,0,0,0,0,0,0,0,1,"- ","- ",38.931598663330078,-121.08280181884766,PLACER,AUBURN,-121.08280944824219,38.931575775146484
90776212,2018,2018-07-25,9220,2018-07-10,2145,016481,,2,2,9,3100,0,2,4,,2,021,"SIERRA COLLEGE BOULEVARD","OLYMPUS DRIVE",0.00,,Y,A,-,N,,,,,,,,,,Y,2,0,4,2,A,-,01,23152,A,N,A,C,A,A,H,-,C,A,0,,,,,Y,Y,A,01,2,0,2,0,0,0,0,0,0,"- ","- ",38.409881591796875,-121.73249053955078,PLACER,UNINCORPORATED,-121.22653961181641,38.750381469726562
9078069,2020,2021-01-25,3105,2020-03-20,0637,1150,,5,5,5,3105,0,0,0,,0,001,"DOUGLAS BL","EAST ROSEVILLE PKWY",0.00,,Y,A,-,N,,,,,,,,,,Y,2,0,1,2,A,-,01,23153,B,N,C,C,A,A,H,-,C,A,0,,,,,Y,Y,A,01,1,0,0,0,0,0,0,0,0,"- ","- ",,,PLACER,ROSEVILLE,-121.2359619140625,38.744049072265625
90806736,2018,2018-09-06,9220,2018-08-31,1339,015242,,5,1,9,3100,0,2,4,,2,022,"SEENO AVE","DOUGLAS BLVD",0.00,,Y,A,-,N,,,,,,,,,,N,2,0,1,2,A,-,05,21650,,N,H,G,A,A,H,-,A,D,0,,Y,,,Y,,L,04,1,0,0,0,0,0,1,0,0,"- ","- ",38.744041442871094,-121.21080017089844,PLACER,UNINCORPORATED,-121.21070861816406,38.743938446044922
90817359,2018,2018-09-20,9222,2018-09-02,1622,018593,,7,2,9,3100,0,2,4,,2,017,"SQUAW VALLEY RD.","CHRISTY HILL LN",500.00,W,N,A,-,N,,,,,,,,,,Y,2,0,1,1,A,-,08,22107,,N,E,I,A,A,H,-,A,D,0,,,,,Y,,A,01,1,0,0,0,0,0,0,0,0,"- ","- ",39.198520660400391,-120.23027801513672,PLACER,UNINCORPORATED,-120.23096466064453,39.198520660400391
90817570,2018,2018-09-20,9220,2018-09-15,2015,017818,,6,2,9,3100,0,3,5,,2,070,"MCCOURTNEY RD","RIOSA RD",1300.00,N,N,A,-,N,,,,,,,,,,Y,2,0,2,1,A,-,01,23152,A,N,E,I,A,A,H,-,D,D,0,,,,,Y,Y,D,22,1,1,0,0,0,0,0,0,0,"- ","- ",38.988368988037109,-121.2840576171875,PLACER,UNINCORPORATED,-121.28404235839844,38.988338470458984
90819995,2018,2018-09-24,9220,2018-07-29,2500,013466,,7,4,9,3100,0,3,5,,2,050,"OLD AIRPORT ROAD","COLONEL BUD ANDERSON ROAD",528.00,S,N,A,-,N,,,,,,,,,,Y,1,1,0,1,A,-,08,22107,,N,F,A,A,A,H,-,D,D,0,,,Y,,Y,,C,02,0,0,0,0,0,0,0,1,0,"- ","- ",38.949699401855469,-121.07225036621094,PLACER,UNINCORPORATED,-121.07308197021484,38.950542449951172
9082562,2020,2020-05-20,3104,2020-02-28,2221,308,11,5,5,4,3104,0,0,0,,0,004,"BLUE OAKS BL","LONE TREE BL",0.00,,Y,A,-,N,,,,,,,,,,Y,2,0,2,2,A,-,09,21453,C,N,A,C,A,A,H,-,C,A,0,,,,,Y,,A,07,1,1,0,0,0,0,0,0,0,"- ","- ",38.7958984375,-121.29158782958984,PLACER,ROCKLIN,-121.29178619384766,38.795970916748047
90837768,2018,2018-10-17,9221,2018-10-08,1140,018530,,1,1,9,3100,0,1,1,,2,385,"I-80 W/B","CRYSTAL SPRINGS RD",2640.00,W,N,A,-,Y,,,80,,,,,,W,Y,2,0,1,2,A,-,03,22350,,N,C,C,A,A,H,-,A,D,0,,,,,Y,,A,01,1,0,0,0,0,0,0,0,0,"- ","- ",39.204509735107422,-120.79493713378906,PLACER,UNINCORPORATED,-120.79498291015625,39.204563140869141