CASE_ID,ACCIDENT_YEAR,PROC_DATE,JURIS,COLLISION_DATE,COLLISION_TIME,OFFICER_ID,REPORTING_DISTRICT,DAY_OF_WEEK,CHP_SHIFT,POPULATION,CNTY_CITY_LOC,SPECIAL_COND,BEAT_TYPE,CHP_BEAT_TYPE,CITY_DIVISION_LAPD,CHP_BEAT_CLASS,BEAT_NUMBER,PRIMARY_RD,SECONDARY_RD,DISTANCE,DIRECTION,INTERSECTION,WEATHER_1,WEATHER_2,STATE_HWY_IND,CALTRANS_COUNTY,CALTRANS_DISTRICT,STATE_ROUTE,ROUTE_SUFFIX,POSTMILE_PREFIX,POSTMILE,LOCATION_TYPE,RAMP_INTERSECTION,SIDE_OF_HWY,TOW_AWAY,COLLISION_SEVERITY,NUMBER_KILLED,NUMBER_INJURED,PARTY_COUNT,PRIMARY_COLL_FACTOR,PCF_CODE_OF_VIOL,PCF_VIOL_CATEGORY,PCF_VIOLATION,PCF_VIOL_SUBSECTION,HIT_AND_RUN,TYPE_OF_COLLISION,MVIW,PED_ACTION,ROAD_SURFACE,ROAD_COND_1,ROAD_COND_2,LIGHTING,CONTROL_DEVICE,CHP_ROAD_TYPE,PEDESTRIAN_ACCIDENT,BICYCLE_ACCIDENT,MOTORCYCLE_ACCIDENT,TRUCK_ACCIDENT,NOT_PRIVATE_PROPERTY,ALCOHOL_INVOLVED,STWD_VEHTYPE_AT_FAULT,CHP_VEHTYPE_AT_FAULT,COUNT_SEVERE_INJ,COUNT_VISIBLE_INJ,COUNT_COMPLAINT_PAIN,COUNT_PED_KILLED,COUNT_PED_INJURED,COUNT_BICYCLIST_KILLED,COUNT_BICYCLIST_INJURED,COUNT_MC_KILLED,COUNT_MC_INJURED,PRIMARY_RAMP,SECONDARY_RAMP,LATITUDE,LONGITUDE,COUNTY,CITY,POINT_X,POINT_Y
90839907,2018,2018-10-19,9220,2018-10-14,2025,015242,,7,2,9,3100,0,1,3,,1,249,"SR-49 N/B","DRY CREEK RD.",123.00,N,N,A,-,Y,,,49,,,,,,N,Y,2,0,2,2,A,-,09,21804,A,N,D,C,A,A,H,-,C,D,0,,,Y,,Y,,A,01,1,1,0,0,0,0,0,0,2,"- ","- ",38.95684814453125,-121.10133361816406,PLACER,UNINCORPORATED,-121.10137176513672,38.956840515136719
90840146,2018,2018-10-19,9220,2018-10-14,2230,017534,,7,3,9,3100,0,2,4,,2,064,"FORESTHILL RD","MICHIGAN BLUFF RD",3000.00,E,N,A,-,N,,,,,,,,,,Y,2,0,2,1,A,-,03,22350,,N,E,I,A,A,H,-,D,D,0,,,,,Y,,A,01,1,0,1,0,0,0,0,0,0,"- ","- ",39.061370849609375,-121.75591278076172,PLACER,UNINCORPORATED,-120.75630950927734,39.06060791015625
90848855,2018,2018-12-26,9221,2018-09-27,2057,018213,,4,2,9,3100,0,1,1,,2,385,"I-80 E/B","RIDGE RD",1564.00,E,N,A,-,Y,,,80,,,,,,E,Y,1,1,0,2,C,-,18,,,F,H,A,A,A,H,-,D,D,0,,,Y,,Y,,-,"- ",0,0,0,0,0,0,0,1,0,"- ","- ",39.188129425048828,-120.82646179199219,PLACER,UNINCORPORATED,-120.82646179199219,39.188117980957031
90855132,2018,2018-11-07,9220,2018-11-04,0045,013299,,7,3,9,3100,0,1,3,,1,265,"SR-65 NORTHBOUND","TWELVE BRIDGES DR",1608.00,S,N,A,-,Y,,,,,,,,,,Y,2,0,2,2,A,-,01,23152,A,N,C,C,A,A,H,-,C,D,0,,,,,Y,Y,A,01,1,0,1,0,0,0,0,0,0,"- ","- ",38.847328186035156,-121.29952239990234,PLACER,UNINCORPORATED,-121.29959869384766,38.851039886474609
90861284,2018,2018-11-15,9220,2018-10-10,0603,016654,,3,1,9,3100,0,2,4,,1,011,"WATT AVENUE","DYER LANE",2213.00,N,N,A,-,N,,,,,,,,,,Y,1,1,0,2,A,-,11,21956,A,N,G,B,E,A,H,-,D,D,0,Y,,,,Y,,N,60,0,0,0,1,0,0,0,0,0,"- ","- ",38.740989685058594,-121.39251708984375,PLACER,UNINCORPORATED,-121.39263916015625,38.742195129394531
90862554,2018,2018-11-19,9221,2018-11-16,1420,017669,,5,2,9,3100,0,1,1,,2,384,"I-80 E/B","UNION PACIFIC RAILROAD OVER CROSSING",5280.00,W,N,A,-,Y,,,80,,,,,,E,Y,2,0,1,1,A,-,08,22107,,N,E,I,A,A,H,-,A,D,0,,,,,Y,,A,01,1,0,0,0,0,0,0,0,0,"- ","- ",39.097541809082031,-120.94921112060547,PLACER,UNINCORPORATED,-120.94924926757812,39.097545623779297
90867059,2018,2018-11-26,9222,2018-11-23,1805,017907,,5,2,9,3100,0,1,3,,1,015,"SR-28 (NORTH LAKE BOULEVARD)","COON STREET",135.00,E,N,B,C,Y,,,,,,,,,,N,2,0,1,2,A,-,11,21954,A,N,G,B,D,B,H,-,D,D,0,Y,,,,Y,,N,60,1,0,0,0,1,0,0,0,0,"- ","- ",39.148521423339844,-120.11795043945312,PLACER,UNINCORPORATED,,
90872533,2018,2018-11-30,9220,2018-11-24,1005,018122,,6,1,9,3100,0,3,5,,2,030,"VIRGINIA TOWN ROAD","DANIEL DR",230.00,W,N,B,C,N,,,,,,,,,,Y,2,0,2,1,A,-,08,22107,,N,E,J,A,B,H,-,A,D,0,,,,,Y,,A,01,1,0,1,0,0,0,0,0,0,"- ","- ",38.097438812255859,-121.24324035644531,PLACER,UNINCORPORATED,-121.2432861328125,38.8974609375
90873068,2018,2018-12-03,9220,2018-11-25,1630,15060,,7,2,5,3105,0,1,1,,2,281,"I-80 W/B","ROSEVILLE PKY",50.00,W,N,A,-,Y,,,80,,,,,,W,Y,2,0,1,1,A,-,01,23152,A,N,E,I,A,A,H,-,A,D,0,,,,,Y,Y,A,01,1,0,0,0,0,0,0,0,0,"- ","- ",38.762588500976562,-121.25881195068359,PLACER,ROSEVILLE,-121.25883483886719,38.762607574462891
90873069,2018,2018-12-03,9220,2018-11-25,1425,015042,,7,2,9,3100,0,2,4,,2,058,"DRY CREEK ROAD E/B","BLUE GRASS DR",935.00,E,N,A,-,N,,,,,,,,,,Y,2,0,2,1,A,-,08,22107,,N,F,I,A,A,H,-,A,D,0,,,,,Y,,A,01,2,0,0,0,0,0,0,0,0,"- ","- ",38.962150573730469,-122.08454132080078,PLACER,UNINCORPORATED,-121.085205078125,38.962566375732422
90890479,2018,2018-12-26,9220,2018-12-16,0035,014438,,7,3,4,3104,0,1,1,,2,282,"I-80 WESTBOUND","SIERRA COLLEGE BLVD.",1820.00,E,N,A,-,Y,,,80,,,,,,W,Y,2,0,2,1,A,-,01,23152,A,N,E,I,A,A,H,-,D,D,0,,,,,Y,Y,D,22,2,0,0,0,0,0,0,0,0,"- ","- ",38.806228637695312,-121.20157623291016,PLACER,ROCKLIN,-121.20162963867188,38.806293487548828
90891667,2018,2018-12-27,9220,2018-12-14,2250,016682,,5,3,9,3100,0,2,4,,1,013,"WALERGA RD.","FARRIER WAY",922.00,N,N,C,-,N,,,,,,,,,,Y,2,0,2,1,A,-,01,23152,A,N,F,I,A,B,H,-,D,D,0,,,,,Y,Y,A,07,1,1,0,0,0,0,0,0,0,"- ","- ",38.751758575439453,-121.35845947265625,PLACER,UNINCORPORATED,-121.36463928222656,38.745281219482422
90895042,2018,2018-12-31,9221,2018-12-20,1545,017669,,4,2,9,3100,0,1,3,,1,374,"STATE ROUTE 174","HILL DRIVE",100.00,S,N,B,-,Y,,,174,,,,,,,Y,2,0,2,2,A,-,05,21460,A,N,A,C,A,A,H,-,A,D,0,,,,,Y,,A,01,1,1,0,0,0,0,0,0,0,"- ","- ",39.112499237060547,-120.94989776611328,PLACER,UNINCORPORATED,-120.95005035400391,39.11248779296875
90902807,2019,2019-01-11,9220,2019-01-03,0635,017397,,4,1,9,3100,0,1,1,,2,281,"I-80 W/B","TAYLOR RD",500.00,E,N,A,-,Y,,,,,,,,,,Y,2,0,2,3,A,-,07,21658,A,N,B,C,A,A,H,-,D,D,0,,,,,Y,,A,07,1,1,0,0,0,0,0,0,0,"- ","- ",38.766220092773438,-121.255126953125,PLACER,UNINCORPORATED,-121.25453186035156,38.766441345214844
90907236,2019,2019-01-18,9220,2019-01-10,0730,015272,,4,1,9,3100,0,2,4,,2,062,"FORESTHILL RD","UPPER LAKE CLEMENTINE RD",3168.00,W,N,A,-,N,,,,,,,,,,Y,2,0,1,1,A,-,03,22350,,N,E,I,A,B,H,-,A,D,0,,,,,Y,,D,22,1,0,0,0,0,0,0,0,0,"- ","- ",38.576000213623047,-120.58219909667969,PLACER,UNINCORPORATED,-121.01222991943359,38.930397033691406
90909548,2019,2019-01-23,9222,2019-01-07,1134,019233,,1,1,9,3100,0,1,3,,1,011,"SR-89 (W. LAKE BLVD.)","SEQUOIA AVE.",450.00,S,N,B,-,Y,,,89,,,,,,,Y,2,0,2,2,A,-,01,23152,F,N,A,C,A,B,H,-,A,D,0,,,,,Y,,A,07,1,1,0,0,0,0,0,0,0,"- ","- ",39.150398254394531,-120.14557647705078,PLACER,UNINCORPORATED,-120.14554595947266,39.150402069091797
90911083,2019,2019-01-24,9220,2019-01-22,0840,017534,,2,1,5,3105,0,1,1,,2,281,"INTERSTATE 80, WESTBOUND","STATE ROUTE 65",730.00,W,N,A,-,Y,,,80,,,,,,W,Y,2,0,2,2,A,-,03,22350,,N,C,C,A,A,H,-,A,D,0,,,,,Y,,A,01,1,0,1,0,0,0,0,0,0,"- ","- ",38.768699645996094,-121.25102233886719,PLACER,ROSEVILLE,-121.25096130371094,38.768608093261719
90924324,2019,2019-02-12,9222,2019-02-09,1420,019333,,6,2,9,3100,0,1,3,,1,014,SR-28,"OLD COUNTY ROAD",300.00,W,N,D,-,Y,,,28,,,,,,,Y,2,0,1,3,A,-,03,22350,,N,D,C,A,C,H,-,A,D,0,,,,,Y,,A,07,1,0,0,0,0,0,0,0,0,"- ","- ",39.197910308837891,-120.09905242919922,PLACER,UNINCORPORATED,-120.09903717041016,39.197895050048828
90941058,2019,2019-03-06,9221,2019-02-25,1830,021216,,1,2,9,3100,0,1,1,,2,385,"I-80 W/B","DRUM FOREBAY RD",4224.00,W,N,D,-,Y,,,80,,,,,,W,Y,2,0,2,3,A,-,03,22350,,N,C,C,A,C,G,-,D,D,0,,,,Y,Y,,D,22,1,1,0,0,0,0,0,0,0,"- ","- ",39.227840423583984,-120.7625732421875,PLACER,UNINCORPORATED,-120.7625732421875,39.227848052978516
9094282,2020,2020-07-28,3105,2020-04-04,0005,1094,,6,5,5,3105,0,0,0,,0,003,"CIRBY WY","SALMON DR",250.00,W,N,A,-,N,,,,,,,,,,Y,2,0,1,1,-,-,"- ",,,N,F,I,A,A,H,-,C,A,0,,,,,Y,,A,07,1,0,0,0,0,0,0,0,0,"- ","- ",,,PLACER,ROSEVILLE,-121.27696990966797,38.729488372802734
90945379,2019,2019-03-13,9220,2019-03-06,1100,016668,,3,1,9,3100,0,1,1,,2,283,"I-80 E/B","BELL RD",337.00,W,N,C,-,Y,,,80,,,,,,E,Y,2,0,1,1,A,-,03,22350,,N,E,I,A,B,H,-,A,D,0,,,,,Y,,A,01,1,0,0,0,0,0,0,0,0,"- ","- ",38.944530487060547,-121.04708099365234,PLACER,UNINCORPORATED,-121.04701995849609,38.9444580078125
90955547,2019,2019-03-28,9220,2019-03-20,1515,014611,,3,2,9,3100,0,2,4,,2,022,"DOUGLAS BLVD","BARTON RD",700.00,W,N,B,-,N,,,,,,,,,,Y,2,0,2,2,A,-,03,22350,,N,C,C,A,B,H,-,A,D,0,,,,,Y,,A,01,1,0,1,0,0,0,0,0,0,"- ","- ",38.743938446044922,-121.191650390625,PLACER,UNINCORPORATED,-121.19164276123047,38.744136810302734
90966256,2019,2019-04-11,9220,2019-04-07,1935,017534,,7,2,9,3100,0,2,4,,2,027,"AUBURN FOLSOM ROAD","ANN PLACE",25.00,S,N,A,-,N,,,,,,,,,,N,2,0,1,2,A,-,03,22350,,N,C,C,A,A,H,-,B,D,0,,,Y,,Y,,C,02,1,0,0,0,0,0,0,0,1,"- ","- ",38.734519958496094,-121.17066192626953,PLACER,UNINCORPORATED,-121.17054748535156,38.734519958496094
90967398,2019,2019-04-15,9222,2019-04-08,1515,019294,,1,2,9,3100,0,1,3,,2,012,"SR 89 SOUTH","ALPINE MEADOWS ROAD",4752.00,S,N,A,-,Y,,,89,,,,,,,Y,2,0,2,2,A,-,01,23152,A,N,A,C,A,A,H,-,A,D,0,,,,,Y,Y,D,22,1,0,1,0,0,0,0,0,0,"- ","- ",39.175628662109375,-120.18953704833984,PLACER,UNINCORPORATED,-120.18952941894531,39.175632476806641
90972049,2019,2019-04-22,9220,2019-03-15,1315,015272,,5,1,9,3100,0,2,4,,2,027,"AUBURN FOLSOM RD","CAVITT STALLMAN RD",842.00,S,N,A,-,N,,,,,,,,,,Y,2,0,1,3,A,-,08,22103,,F,D,C,A,A,H,-,A,D,0,,,Y,,Y,,A,01,1,0,0,0,0,0,0,0,1,"- ","- ",38.764278411865234,-121.16414642333984,PLACER,UNINCORPORATED,-121.16407775878906,38.764453887939453
90988026,2019,2019-05-14,9220,2019-05-01,1228,013997,,3,1,9,3100,0,2,4,,2,054,"LUTHER ROAD",SR-49,279.00,E,N,A,-,N,,,,,,,,,,Y,2,0,1,1,A,-,08,22107,,N,E,I,A,A,H,-,A,D,0,,,Y,,Y,,C,02,1,0,0,0,0,0,0,0,1,"- ","- ",38.927490234375,-121.08553314208984,PLACER,UNINCORPORATED,-121.08579254150391,38.927654266357422
90993299,2019,2019-05-21,9220,2019-05-07,1255,016682,,2,1,9,3100,0,3,5,,2,010,"INDUSTRIAL AVE","CYBER COURT",921.00,N,N,A,-,N,,,,,,,,,,Y,2,0,2,2,A,-,01,23152,F,N,A,C,A,A,H,-,A,D,0,,,,Y,Y,,A,01,2,0,0,0,0,0,0,0,0,"- ","- ",38.829021453857422,-121.30706024169922,PLACER,UNINCORPORATED,-121.30714416503906,38.825229644775391
90993882,2019,2019-05-22,9221,2019-05-16,0550,018530,,4,3,9,3100,0,1,1,,2,384,"I-80 W/B",SR-174,528.00,W,N,C,-,Y,,,80,,,,,,W,Y,2,0,1,1,A,-,03,22350,,N,E,I,A,B,H,-,A,D,0,,,,,Y,,A,01,1,0,0,0,0,0,0,0,0,"- ","- ",39.093299865722656,-120.95030212402344,PLACER,UNINCORPORATED,-120.95017242431641,39.093238830566406
91011208,2019,2019-06-17,9221,2019-06-07,1027,014763,,5,1,9,3100,0,1,1,,2,388,"I-80 WESTBOUND","HAMPSHIRE ROCKS RD",2112.00,W,N,A,-,Y,,,80,,,,,,W,Y,2,0,1,1,A,-,17,21662,A,N,E,I,A,A,H,-,A,D,0,,,,,Y,,A,07,1,0,0,0,0,0,0,0,0,"- ","- ",39.312099456787109,-120.50440979003906,PLACER,UNINCORPORATED,-120.50440979003906,39.312114715576172
91015020,2019,2019-06-21,9220,2019-06-11,1255,013997,,2,1,9,3100,0,1,1,,2,283,"I-80 WB OFF-RAMP TO AUBURN RAVINE ROAD","AUBURN RAVINE ROAD",37.00,E,N,A,-,Y,,,80,,,,R,,W,Y,2,0,4,2,C,-,18,,,N,C,C,A,A,H,-,A,D,0,,,,,Y,,-,"- ",2,2,0,0,0,0,0,0,0,"- ","- ",38.923690795898438,-121.05787658691406,PLACER,UNINCORPORATED,-121.05787658691406,38.923690795898438
91025006,2019,2019-07-05,9221,2019-06-25,2140,018376,,2,2,9,3100,0,1,1,,2,385,"I-80 W/B","ALPINE MEADOWS RD",528.00,E,N,A,-,Y,,,80,,,,,,W,Y,2,0,1,2,A,-,08,22107,,N,C,E,A,A,H,-,C,D,0,,,,Y,Y,,D,22,1,0,0,0,0,0,0,0,0,"- ","- ",39.150901794433594,-120.89649963378906,PLACER,UNINCORPORATED,-120.89647674560547,39.150848388671875
91026965,2019,2019-07-09,9222,2019-06-29,1137,017091,,6,1,9,3100,0,1,3,,1,013,"STATE ROUTE 89","CABIN CREEK ROAD",0.00,,Y,A,B,Y,,,89,,,,,,,Y,2,0,1,2,A,-,01,23152,A,F,B,C,A,A,H,-,A,D,0,,,Y,,Y,Y,B,01,1,0,0,0,0,0,0,0,1,"- ","- ",39.278438568115234,-120.2069091796875,PLACER,UNINCORPORATED,-120.20692443847656,39.278438568115234
91033632,2019,2019-07-18,9220,2019-03-26,1510,017818,,2,2,9,3100,0,2,4,,2,064,"FORESTHILL RD","PONDEROSA WAY",670.00,E,N,B,-,N,,,,,,,,,,Y,1,1,0,1,A,-,08,22107,,N,E,I,A,A,H,-,A,D,0,,,,,Y,,A,01,0,0,0,0,0,0,0,0,0,"- ","- ",38.998580932617188,-120.91858673095703,PLACER,UNINCORPORATED,-120.91818237304688,38.998519897460938
91054575,2019,2019-08-19,9220,2019-08-08,1728,017863,,4,2,9,3100,0,1,1,,2,283,"I-80 E/B","HEATHER GLEN RD. OVERCROSSING",2112.00,W,N,A,-,Y,,,,,,,,,,Y,2,0,2,1,A,-,08,22107,,N,F,A,A,A,H,-,A,D,0,,,,,Y,,B,08,2,0,0,0,0,0,0,0,0,"- ","- ",39.013111114501953,-121.98967742919922,PLACER,UNINCORPORATED,,
91059092,2019,2019-08-26,9220,2019-08-13,2100,017027,,2,2,9,3100,0,3,5,,2,030,"GLADDING RD","WEST WISE ROAD",3133.00,S,N,A,-,N,,,,,,,,,,N,2,0,1,2,A,-,11,21956,A,N,G,B,E,A,H,-,D,D,0,Y,,,,Y,,N,60,1,0,0,0,1,0,0,0,0,"- ","- ",38.926460266113281,-121.29335784912109,PLACER,UNINCORPORATED,-121.29351043701172,38.917896270751953
91070443,2019,2019-09-09,9220,2019-09-03,0655,016429,,2,1,9,3100,0,3,5,,2,070,"ROCK SPRINGS RD",I-80,0.00,,Y,A,-,N,,,,,,,,,,Y,2,0,1,1,A,-,08,22107,,N,E,I,A,A,H,-,A,D,0,,,,,Y,,D,22,1,0,0,0,0,0,0,0,0,"- ","- ",38.504199981689453,-121.091796875,PLACER,UNINCORPORATED,-121.15512847900391,38.845218658447266
9107986,2022,2022-12-05,3105,2022-10-05,0858,178,,3,5,5,3105,0,0,0,,0,006,"FOOTHILL BL","JUNCTION BL",402.00,N,N,A,-,N,,,,,,,,,,Y,2,0,1,2,A,-,00,22107,I,N,C,C,A,A,H,-,A,A,0,,,,,Y,,A,07,1,0,0,0,0,0,0,0,0,"- ","- ",,,PLACER,ROSEVILLE,-121.30996704101562,38.760280609130859
91089726,2019,2019-10-03,9220,2019-09-18,2315,017375,,3,3,9,3100,0,2,4,,2,062,"FORESTHILL ROAD","PORTOFINO ROAD",528.00,W,N,A,-,N,,,,,,,,,,Y,1,1,0,1,A,-,08,22107,,N,E,I,A,B,H,-,D,D,0,,,,,Y,,A,01,0,0,0,0,0,0,0,0,0,"- ","- ",38.978488922119141,-120.94161987304688,PLACER,UNINCORPORATED,-120.94089508056641,38.979583740234375
91093972,2019,2019-10-09,9220,2019-09-28,0720,013997,,6,1,9,3100,0,3,5,,2,060,"UNKNOWN DIRT ROAD","DEADWOOD ROAD",4224.00,W,N,B,-,N,,,,,,,,,,Y,2,0,2,1,A,-,08,22107,,N,F,A,A,A,H,-,A,D,0,,,,,Y,,D,22,2,0,0,0,0,0,0,0,0,"- ","- ",39.097560882568359,-120.67263031005859,PLACER,UNINCORPORATED,,
91096598,2019,2019-10-14,9221,2019-10-05,1723,017979,,6,2,9,3100,0,1,1,,2,388,"I-80 E/B","HAMPSHIRE ROCKS RD",6864.00,E,N,A,-,Y,,,80,,,,,,E,Y,2,0,1,1,A,-,08,22107,,N,E,I,A,A,H,-,A,D,0,,,,,Y,Y,D,22,1,0,0,0,0,0,0,0,0,"- ","- ",39.313709259033203,-120.47638702392578,PLACER,UNINCORPORATED,-120.47638702392578,39.313667297363281
91096788,2019,2019-10-14,9221,2019-09-14,1614,016391,,6,2,9,3100,0,3,5,,2,070,"YANKEE JIM'S ROAD","GILLIS HILL RD",10560.00,E,N,A,-,N,,,,,,,,,,Y,2,0,5,1,A,-,01,23152,A,N,F,A,A,A,H,-,A,D,0,,,,,Y,Y,A,07,2,3,0,0,0,0,0,0,0,"- ","- ",39.060020446777344,-120.94100952148438,PLACER,UNINCORPORATED,-120.94102478027344,39.060016632080078
91099471,2019,2019-10-17,9221,2019-08-15,1300,017777,,4,1,9,3100,0,1,1,,2,385,"I-80 W/B","DRUM FOREBAY RD",1801.00,W,N,A,-,Y,,,80,,,,,,W,Y,1,1,2,1,A,-,08,22107,,N,E,I,A,A,H,-,A,D,0,,,,,Y,,D,22,2,0,0,0,0,0,0,0,0,"- ","- ",39.23345947265625,-120.75620269775391,PLACER,UNINCORPORATED,-120.75617218017578,39.233425140380859
91099938,2019,2019-10-17,9220,2019-10-06,0912,013997,,7,1,9,3100,0,2,4,,2,064,"FORESTHILL ROAD","PONDEROSA WAY",528.00,E,N,A,-,N,,,,,,,,,,Y,2,0,1,1,A,-,03,22350,,N,F,A,A,A,H,-,A,D,0,,,Y,,Y,,C,02,1,0,0,0,0,0,0,0,1,"- ","- ",38.998691558837891,-120.91678619384766,PLACER,UNINCORPORATED,-120.91868591308594,38.998512268066406
91100808,2019,2019-10-18,9220,2019-10-13,0335,017818,,7,3,9,3100,0,3,5,,2,060,"TODD VALLEY RD","GREEN LEAF LANE",190.00,N,N,A,-,N,,,,,,,,,,Y,2,0,1,1,A,-,01,23152,A,N,E,I,A,A,H,-,D,D,0,,,,,Y,Y,A,01,1,0,0,0,0,0,0,0,0,"- ","- ",38.989921569824219,-120.88288116455078,PLACER,UNINCORPORATED,-120.88282012939453,38.989959716796875
91113782,2019,2019-11-05,9220,2019-10-03,0045,017397,,4,3,5,3105,0,1,1,,2,281,"I-80 W/B","DOUGLAS BLVD",1995.00,W,N,A,-,Y,,,80,,,,,,W,Y,1,1,2,2,A,-,11,21954,A,N,G,B,E,A,H,-,D,D,0,Y,,,,Y,,N,60,0,2,0,1,0,0,0,0,0,"- ","- ",38.736808776855469,-121.27731323242188,PLACER,ROSEVILLE,-121.27734375,38.736850738525391
91114183,2019,2020-01-07,9220,2019-10-22,0535,013794,,2,3,9,3100,0,1,3,,1,249,SR-49,"UNION PACIFIC TRAIN O/C",215.00,N,N,A,-,Y,,,49,,,,,,,Y,1,1,1,2,A,-,05,21460,A,N,A,C,A,A,D,-,C,D,0,,,,,Y,,A,08,1,0,0,0,0,0,0,0,0,"- ","- ",38.931808471679688,-121.09040832519531,PLACER,UNINCORPORATED,-121.09036254882812,38.931850433349609
91120625,2019,2019-11-14,9220,2019-10-19,1702,016391,,6,2,9,3100,0,3,5,,2,060,"FORESTHILL ROAD","DRIVERS FLAT ROAD",6336.00,E,N,A,-,N,,,,,,,,,,Y,2,0,1,1,A,-,01,23152,A,N,F,A,A,A,H,-,A,D,0,,,Y,,Y,Y,C,02,1,0,0,0,0,0,0,0,1,"- ","- ",39.978050231933594,-120.94242095947266,PLACER,UNINCORPORATED,-120.9429931640625,38.977840423583984
91120690,2019,2019-11-14,9220,2019-10-21,1405,013465,,1,2,2,3103,0,1,3,,1,265,"SR-65 N/B OFF TO LINCOLN BLVD","LINCOLN BLVD",335.00,S,N,A,-,Y,,,65,,,,R,,N,Y,2,0,1,1,A,-,08,22107,,N,E,I,A,A,H,-,A,D,0,,,,,Y,,A,01,1,0,0,0,0,0,0,0,0,"- ","- ",38.864498138427734,-121.300048828125,PLACER,LINCOLN,-121.300048828125,38.864498138427734
91123044,2019,2019-11-18,9220,2019-11-11,1540,013465,,1,2,9,3100,0,3,5,,2,030,"GLADDING RD","RIOSA RD",1901.00,S,N,A,-,N,,,,,,,,,,Y,2,0,1,1,A,-,08,22107,,N,F,I,A,A,H,-,A,D,0,,,,,Y,,D,22,1,0,0,0,0,0,0,0,0,"- ","- ",38.979251861572266,-121.29335021972656,PLACER,UNINCORPORATED,-121.29338836669922,38.979591369628906
91123055,2019,2019-11-18,9220,2019-10-09,1603,017863,,3,2,9,3100,0,2,4,,2,056,"BELL RD.","CARRIAGE HILL LN",500.00,E,N,A,-,N,,,,,,,,,,Y,2,0,3,6,A,-,03,22350,,N,C,C,A,A,H,-,A,B,0,,,,Y,Y,,F,26,2,1,0,0,0,0,0,0,0,"- ","- ",38.946758270263672,-121.05403900146484,PLACER,UNINCORPORATED,-121.05402374267578,38.94683837890625
9112613,2020,2020-10-12,3105,2020-02-01,1454,1056,,6,5,5,3105,0,0,0,,0,006,"WOODCREEK OAKS BL","PARKSIDE WY",10.00,,N,A,-,N,,,,,,,,,,Y,2,0,1,2,A,-,10,21950,A,N,G,B,-,A,H,-,A,A,0,Y,,,,Y,,A,01,1,0,0,0,1,0,0,0,0,"- ","- ",,,PLACER,ROSEVILLE,-121.32859802246094,38.799240112304688
91135797,2019,2019-12-04,9220,2019-11-26,1705,013465,,2,2,9,3100,0,3,5,,2,010,"PFE RD","ANTELOPE RD",1162.00,E,N,B,C,N,,,,,,,,,,Y,2,0,1,1,A,-,08,22107,,N,E,I,A,B,H,-,D,D,0,,,,Y,Y,Y,F,55,1,0,0,0,0,0,0,0,0,"- ","- ",38.729110717773438,-121.32347106933594,PLACER,UNINCORPORATED,-121.32350158691406,38.729217529296875
91146373,2019,2019-12-18,9220,2019-12-14,2140,020224,,6,2,9,3100,0,3,5,,2,050,"BELL RD","SKYLINE DR",1050.00,S,N,B,C,N,,,,,,,,,,Y,2,0,3,3,A,-,01,23153,A,N,A,C,A,B,H,-,D,D,0,,,,,Y,Y,A,01,1,2,0,0,0,0,0,0,0,"- ","- ",38.945491790771484,-121.05753326416016,PLACER,UNINCORPORATED,-121.06494140625,38.944580078125
91149155,2019,2019-12-20,9220,2019-12-07,1015,019040,,6,1,9,3100,0,2,4,,2,062,"FORESTHILL RD","UPPER LAKE CLEMENTINE RD",20.00,W,N,B,-,N,,,,,,,,,,Y,2,0,3,4,A,-,03,22350,,N,C,C,E,B,H,-,A,D,0,Y,,,,Y,,A,01,1,1,1,0,2,0,0,0,0,"- ","- ",38.954280853271484,-121.96868133544922,PLACER,UNINCORPORATED,-121.00334167480469,38.934909820556641
91158683,2019,2020-01-03,9220,2019-12-28,1215,018768,,6,1,9,3100,0,3,5,,2,060,"S/B SR-65","W/B I-80",450.00,N,N,A,-,Y,,,,,,,,,,Y,2,0,3,3,A,-,03,22350,,N,C,C,A,A,H,-,A,D,0,,,,,Y,,A,01,1,0,2,0,0,0,0,0,0,"- ","- ",38.771141052246094,-121.25083923339844,PLACER,UNINCORPORATED,,
91166947,2020,2020-01-16,9220,2020-01-03,1314,018768,,5,1,9,3100,0,1,3,,1,267,"STATE ROUTE 65 (S/B)","NELSON LN",0.00,,Y,B,-,Y,,,65,,,,,,,Y,1,1,0,2,A,-,03,22350,,N,C,C,A,A,H,-,A,A,0,,,,Y,Y,,A,01,0,0,0,0,0,0,0,0,0,"- ","- ",38.885871887207031,-121.34017181396484,PLACER,UNINCORPORATED,-121.34017181396484,38.885868072509766
91170209,2019,2020-01-22,9220,2019-10-11,2500,015168,,5,4,9,3100,0,3,5,,2,010,"WALERGA ROAD","SPRINGHILL ROAD",1286.00,S,N,A,-,N,,,,,,,,,,Y,1,1,0,1,A,-,08,22107,,N,E,I,A,A,H,-,D,D,0,,,Y,,Y,,C,02,0,0,0,0,0,0,0,1,0,"- ","- ",38.444698333740234,-121.21489715576172,PLACER,UNINCORPORATED,-121.36386871337891,38.746295928955078