CASE_ID,ACCIDENT_YEAR,PROC_DATE,JURIS,COLLISION_DATE,COLLISION_TIME,OFFICER_ID,REPORTING_DISTRICT,DAY_OF_WEEK,CHP_SHIFT,POPULATION,CNTY_CITY_LOC,SPECIAL_COND,BEAT_TYPE,CHP_BEAT_TYPE,CITY_DIVISION_LAPD,CHP_BEAT_CLASS,BEAT_NUMBER,PRIMARY_RD,SECONDARY_RD,DISTANCE,DIRECTION,INTERSECTION,WEATHER_1,WEATHER_2,STATE_HWY_IND,CALTRANS_COUNTY,CALTRANS_DISTRICT,STATE_ROUTE,ROUTE_SUFFIX,POSTMILE_PREFIX,POSTMILE,LOCATION_TYPE,RAMP_INTERSECTION,SIDE_OF_HWY,TOW_AWAY,COLLISION_SEVERITY,NUMBER_KILLED,NUMBER_INJURED,PARTY_COUNT,PRIMARY_COLL_FACTOR,PCF_CODE_OF_VIOL,PCF_VIOL_CATEGORY,PCF_VIOLATION,PCF_VIOL_SUBSECTION,HIT_AND_RUN,TYPE_OF_COLLISION,MVIW,PED_ACTION,ROAD_SURFACE,ROAD_COND_1,ROAD_COND_2,LIGHTING,CONTROL_DEVICE,CHP_ROAD_TYPE,PEDESTRIAN_ACCIDENT,BICYCLE_ACCIDENT,MOTORCYCLE_ACCIDENT,TRUCK_ACCIDENT,NOT_PRIVATE_PROPERTY,ALCOHOL_INVOLVED,STWD_VEHTYPE_AT_FAULT,CHP_VEHTYPE_AT_FAULT,COUNT_SEVERE_INJ,COUNT_VISIBLE_INJ,COUNT_COMPLAINT_PAIN,COUNT_PED_KILLED,COUNT_PED_INJURED,COUNT_BICYCLIST_KILLED,COUNT_BICYCLIST_INJURED,COUNT_MC_KILLED,COUNT_MC_INJURED,PRIMARY_RAMP,SECONDARY_RAMP,LATITUDE,LONGITUDE,COUNTY,CITY,POINT_X,POINT_Y
91173047,2020,2020-01-24,9220,2020-01-10,0855,017620,,5,1,9,3100,0,1,3,,1,249,SR-49,"JOEGER RD",1222.00,N,N,A,-,Y,,,49,,,,,,,Y,1,1,1,2,A,-,09,21804,A,N,D,C,A,A,H,-,A,D,0,,,,,Y,,A,01,0,1,0,0,0,0,0,0,0,"- ","- ",38.964698791503906,-121.10399627685547,PLACER,UNINCORPORATED,-121.10418701171875,38.964687347412109
91178449,2020,2020-02-03,9220,2020-01-26,0240,017397,,7,3,9,3100,0,1,3,,1,249,"SR-49 N/B (GRASS VALLEY HIGHWAY)","LUTHER RD",450.00,N,N,C,-,Y,,,49,,,,,,N,Y,2,0,1,1,A,-,08,22107,,N,E,I,A,B,H,-,D,D,0,,,,,Y,,A,01,1,0,0,0,0,0,0,0,0,"- ","- ",38.928569793701172,-121.08744812011719,PLACER,UNINCORPORATED,-121.08757019042969,38.928470611572266
91179660,2020,2020-02-04,9221,2020-01-28,1125,016634,,2,1,9,3100,0,1,1,,2,386,"I-80 E/B","NYACK RD.",1607.00,E,N,B,C,Y,,,80,,,,,,E,Y,2,0,2,1,A,-,03,22350,,N,E,I,A,B,H,-,A,D,0,,,,Y,Y,,G,25,2,0,0,0,0,0,0,0,0,"- ","- ",39.295680999755859,-120.67510986328125,PLACER,UNINCORPORATED,-120.67507171630859,39.295646667480469
91190967,2020,2020-02-21,9220,2020-02-11,1900,016481,,2,2,9,3100,0,2,4,,2,027,"AUBURN FOLSOM ROAD","CAVITT STALLMAN RD",385.00,S,N,A,-,N,,,,,,,,,,Y,2,0,3,2,A,-,09,21801,A,N,A,C,A,A,H,-,D,A,0,,,,,Y,,A,01,1,0,2,0,0,0,0,0,0,"- ","- ",38.290988922119141,-121.59100341796875,PLACER,UNINCORPORATED,-121.16363525390625,38.765651702880859
91201437,2020,2020-03-04,9220,2020-02-29,0738,019148,,6,1,9,3100,0,1,3,,1,249,SR-49,"LUTHER RD.",0.00,,Y,A,-,Y,,,49,,,,,,,N,2,0,1,2,A,-,11,21954,A,N,G,B,D,A,H,-,A,A,0,Y,,,,Y,,N,60,1,0,0,0,1,0,0,0,0,"- ","- ",38.9273681640625,-121.08645629882812,PLACER,UNINCORPORATED,-121.08657073974609,38.927276611328125
91206388,2020,2020-03-11,9220,2020-02-29,1600,014611,,6,2,2,3103,0,3,5,,2,070,"SIERRA COLLEGE BLVD",SR-193,40.00,N,N,A,-,N,,,,,,,,,,N,2,0,1,1,A,-,01,23152,A,N,E,I,A,A,H,-,A,A,0,,,Y,,Y,Y,C,02,1,0,0,0,0,0,0,0,1,"- ","- ",38.886539459228516,-121.23799896240234,PLACER,LINCOLN,-121.23800659179688,38.886531829833984
91206999,2020,2020-03-12,9220,2020-03-07,0718,019148,,6,1,9,3100,0,3,5,,2,010,"FIDDYMENT RD","SUNSET BLVD. W",2085.00,S,N,B,-,N,,,,,,,,,,Y,2,0,2,1,A,-,08,22107,,N,E,I,A,A,H,-,A,D,0,,,,,Y,,A,01,2,0,0,0,0,0,0,0,0,"- ","- ",38.818698883056641,-121.34934997558594,PLACER,UNINCORPORATED,-121.34931945800781,38.818824768066406
91213946,2020,2020-03-25,9220,2020-03-15,1320,013794,,7,1,5,3105,0,1,3,,1,265,"I-80 (E/B) FROM SR-65 (S/B)","SR-65 O/C",1584.00,E,N,B,C,Y,,,80,,,,R,,,Y,2,0,1,1,A,-,08,22107,,N,E,I,A,B,H,-,A,D,0,,,,,Y,,A,01,1,0,0,0,0,0,0,0,0,"- ","- ",38.772659301757812,-121.24379730224609,PLACER,ROSEVILLE,-121.24379730224609,38.772659301757812
91214197,2020,2020-03-23,9220,2020-03-18,0807,013997,,3,1,9,3100,0,2,4,,2,062,"FORESTHILL ROAD","DRIVERS FLAT ROAD",10560.00,W,N,B,C,N,,,,,,,,,,Y,2,0,1,1,A,-,03,22350,,N,E,I,A,A,H,-,A,D,0,,,,,Y,,D,22,1,0,0,0,0,0,0,0,0,"- ","- ",38.953708648681641,-120.96910858154297,PLACER,UNINCORPORATED,-120.96916198730469,38.953739166259766
91223959,2020,2020-04-10,9222,2020-04-02,1605,017550,,4,2,9,3100,0,1,3,,1,015,SR-28,"CALEDONIA CIR",75.00,E,N,A,-,Y,,,28,,,,,,,Y,2,0,2,2,A,-,05,21460,A,N,A,C,A,A,H,-,A,D,0,,,,,Y,,A,07,1,1,0,0,0,0,0,0,0,"- ","- ",39.227481842041016,-120.07634735107422,PLACER,UNINCORPORATED,-120.07657623291016,39.226646423339844
91225221,2020,2020-04-14,9220,2020-03-16,1935,016391,,1,2,9,3100,0,2,4,,2,046,"BELL ROAD","NEW AIRPORT ROAD",0.00,,Y,C,-,N,,,,,,,,,,Y,2,0,3,2,A,-,12,21453,A,F,D,C,A,B,H,-,D,A,0,,,,,Y,,A,01,1,1,1,0,0,0,0,0,0,"- ","- ",38.942150115966797,-121.07929992675781,PLACER,UNINCORPORATED,-121.07927703857422,38.942230224609375
9122722,2020,2020-10-05,3104,2020-07-12,0225,300,42,7,5,4,3104,0,0,0,,0,001,"GRANITE DR","SIERRA COLLEGE BL",1056.00,W,N,A,-,N,,,,,,,,,,Y,2,0,1,1,A,-,01,23152,A,N,E,I,A,A,H,-,C,D,0,,,,,Y,Y,A,01,1,0,0,0,0,0,0,0,0,"- ","- ",38.806549072265625,-121.20555114746094,PLACER,ROCKLIN,-121.20918273925781,38.806430816650391
91228295,2020,2020-04-21,9221,2020-04-14,2055,017881,,2,2,9,3100,0,1,1,,2,386,"I-80 E/B","LAKE VALLEY RD",3652.00,W,N,A,-,Y,,,80,,,,,,E,Y,2,0,1,1,A,-,01,23152,A,N,F,I,A,A,H,-,D,D,0,,,,,Y,Y,A,07,1,0,0,0,0,0,0,0,0,"- ","- ",39.313808441162109,-120.62644958496094,PLACER,UNINCORPORATED,-120.62642669677734,39.313774108886719
91228493,2020,2022-03-08,9220,2020-04-17,2325,018768,,5,3,9,3100,0,3,5,,2,070,"WELLS AVE","COUNTRY RD",73.00,N,N,B,-,N,,,,,,,,,,Y,2,0,1,1,A,-,01,23152,A,N,E,I,A,A,H,-,D,D,0,,,,,Y,Y,A,01,1,0,0,0,0,0,0,0,0,"- ","- ",38.785411834716797,-121.16414642333984,PLACER,UNINCORPORATED,-121.16432189941406,38.785331726074219
91230310,2020,2020-04-28,9222,2020-04-18,1535,017550,,6,2,9,3100,0,1,3,,1,015,"AGATE RD.",SR-28,31.00,N,N,A,-,N,,,,,,,,,,Y,2,0,1,3,A,-,01,23152,A,M,D,E,A,A,H,-,A,D,0,,,,,Y,Y,D,22,1,0,0,0,0,0,0,0,0,"- ","- ",39.235549926757812,-120.070556640625,PLACER,UNINCORPORATED,-120.0704345703125,39.235588073730469
91230806,2020,2020-04-29,9222,2020-04-21,0014,019294,,2,3,9,3100,0,1,3,,1,016,"SR 267","TIGER AVENUE",3.00,S,N,A,-,Y,,,267,,,,,,,Y,2,0,1,1,A,-,01,23152,A,N,E,I,A,A,H,-,C,D,0,,,,,Y,Y,A,07,1,0,0,0,0,0,0,0,0,"- ","- ",39.245880126953125,-120.03028106689453,PLACER,UNINCORPORATED,-120.03038787841797,39.245864868164062
91234117,2020,2020-05-05,9221,2020-04-27,1920,021216,,1,2,9,3100,0,3,5,,2,070,"MT. HOWELL ROAD","PLACER HILLS ROAD",135.00,E,N,A,-,N,,,,,,,,,,Y,2,0,1,2,A,-,05,21460,A,N,A,C,A,A,H,-,B,D,0,,,,,Y,,A,01,1,0,0,0,0,0,0,0,0,"- ","- ",39.067989349365234,-120.97830200195312,PLACER,UNINCORPORATED,-120.97822570800781,39.0679931640625
91239570,2020,2020-12-01,9220,2020-05-11,1743,017863,,1,2,3,3101,0,1,1,,2,283,"I-80 W/B","ELM AVE. OVERCROSSING",342.00,W,N,B,-,Y,,,80,,,,,,W,Y,2,0,2,1,A,-,01,23152,F,N,E,I,A,A,H,-,A,D,0,,,,,Y,,A,01,1,1,0,0,0,0,0,0,0,"- ","- ",38.902500152587891,-121.07257080078125,PLACER,AUBURN,-121.07244110107422,38.902381896972656
91249373,2020,2020-06-08,9222,2020-05-25,0930,019294,,1,1,9,3100,0,1,3,,1,016,"SR 267","HIGHLANDS VIEW ROAD",1584.00,S,N,A,-,Y,,,267,,,,,,,N,2,0,1,1,A,-,03,22350,,N,E,J,A,A,H,-,A,D,0,,Y,,,Y,,L,04,1,0,0,0,0,0,1,0,0,"- ","- ",39.271579742431641,-120.09555053710938,PLACER,UNINCORPORATED,-120.09555816650391,39.271533966064453
91250216,2020,2020-06-10,9220,2020-05-30,1050,013466,,6,1,9,3100,0,3,5,,2,070,"CHILI HILL RD.","DOE RUN LN.",1584.00,E,N,B,-,N,,,,,,,,,,N,2,0,1,1,A,-,08,22107,,N,H,A,A,A,H,-,A,D,0,,Y,,,Y,,L,04,1,0,0,0,0,0,1,0,0,"- ","- ",38.896389007568359,-121.13861083984375,PLACER,UNINCORPORATED,-121.13947296142578,38.896736145019531
9126235,2020,2020-10-15,3101,2020-07-05,2129,254,AUBUR,7,5,3,3101,0,0,0,,0,,"AUBURN FOLSOM RD","HERDAL DR",297.00,S,N,A,-,N,,,,,,,,,,Y,2,0,1,1,A,-,01,23152,A,N,E,I,A,A,H,-,C,A,0,,,,,Y,Y,A,01,1,0,0,0,0,0,0,0,0,"- ","- ",,,PLACER,AUBURN,-121.08037567138672,38.877651214599609
91262432,2020,2020-07-02,9220,2020-06-25,1210,013794,,4,1,9,3100,0,1,1,,2,283,"I-80 E/B","BELL ROAD O/C",650.00,W,N,A,-,Y,,,80,,,,,,E,Y,2,0,1,1,A,-,08,22107,,N,E,I,A,A,H,-,A,D,0,,,,,Y,,A,07,1,0,0,0,0,0,0,0,0,"- ","- ",38.943698883056641,-121.04782867431641,PLACER,UNINCORPORATED,-121.04787445068359,38.943752288818359
91270941,2019,2020-07-20,9220,2019-10-15,1905,017863,,2,2,9,3100,0,2,4,,2,064,"FORESTHILL RD.","DEADWOOD RD.",2006.00,W,N,A,-,N,,,,,,,,,,Y,1,1,2,1,A,-,01,23152,A,N,E,I,A,A,H,-,D,D,0,,,,,Y,Y,A,07,2,0,0,0,0,0,0,0,0,"- ","- ",39.175949096679688,-120.63584136962891,PLACER,UNINCORPORATED,-120.63558959960938,39.175956726074219
91272679,2020,2020-07-22,9220,2020-07-17,0106,017863,,5,3,9,3100,0,1,1,,2,282,"I-80 W/B","ROCK SPRINGS RD. UNDERCROSSING",1584.00,E,N,A,-,Y,,,80,,,,,,W,Y,2,0,2,3,A,-,03,22350,,N,A,C,E,A,C,-,D,D,0,Y,,,,Y,,A,01,1,1,0,0,1,0,0,0,0,"- ","- ",38.848499298095703,-121.151123046875,PLACER,UNINCORPORATED,-121.15113830566406,38.848526000976562
91281221,2020,2020-08-05,9220,2020-07-24,1225,015272,,5,1,5,3105,0,1,3,,1,265,"SR-65 S/B","PLEASANT GROVE BLVD",750.00,S,N,A,-,Y,,,,,,,,,,Y,2,0,1,3,A,-,03,22350,,N,C,C,A,A,H,-,A,D,0,,,,,Y,,A,01,1,0,0,0,0,0,0,0,0,"- ","- ",38.123458862304688,-121.12345886230469,PLACER,ROSEVILLE,-121.28190612792969,38.785335540771484
91283365,2020,2020-08-10,9220,2020-08-06,1025,018768,,4,1,9,3100,0,1,3,,1,249,SR-49,"LOCKSLEY LN",20.00,S,N,A,-,Y,,,49,,,,,,,Y,2,0,2,3,A,-,03,22350,,N,C,C,A,A,H,-,A,A,0,,,,,Y,,A,01,1,0,1,0,0,0,0,0,0,"- ","- ",38.950168609619141,-121.09992980957031,PLACER,UNINCORPORATED,-121.09989929199219,38.950180053710938
91293986,2020,2020-08-27,9220,2020-08-11,2050,015272,,2,2,4,3104,0,1,3,,1,265,"SR-65 N/B","SUNSET BLVD",1908.00,S,N,A,-,Y,,,,,,,,,,Y,2,0,1,1,A,-,08,22107,,N,E,I,A,A,H,-,D,D,0,,,,,Y,,A,01,1,0,0,0,0,0,0,0,0,"- ","- ",38.123458862304688,-121.12345886230469,PLACER,ROCKLIN,-121.30003356933594,38.812122344970703
91296440,2020,2020-08-31,9220,2020-08-24,1135,018768,,1,1,9,3100,0,3,5,,2,010,"SOUTH LOOP RD","SUNSET BLVD",720.00,S,N,B,F,N,,,,,,,,,,Y,2,0,1,2,A,-,08,22107,,N,B,C,A,A,H,-,A,D,0,,,,,Y,,A,01,1,0,0,0,0,0,0,0,0,"- ","- ",38.815139770507812,-121.3043212890625,PLACER,UNINCORPORATED,-121.30430603027344,38.815284729003906
91298995,2020,2020-09-04,9220,2020-08-22,0020,014282,,6,3,9,3100,0,2,4,,2,042,"MOUNT VERNON RD","MEYER LN",1056.00,W,N,A,F,N,,,,,,,,,,Y,2,0,1,1,A,-,01,23152,A,N,F,A,A,A,H,-,D,D,0,,,Y,,Y,Y,C,02,1,0,0,0,0,0,0,0,1,"- ","- ",38.941421508789062,-121.14913177490234,PLACER,UNINCORPORATED,-121.14820861816406,38.941307067871094
91305279,2020,2020-09-15,9221,2020-08-17,1805,017979,,1,2,9,3100,0,1,1,,2,385,"I-80 W/B","BAXTER RD. O/C",6336.00,E,N,A,-,Y,,,80,,,,,,W,Y,2,0,1,1,A,-,01,23152,A,N,E,I,A,A,H,-,A,D,0,,,,,Y,Y,A,01,1,0,0,0,0,0,0,0,0,"- ","- ",39.227828979492188,-120.76251983642578,PLACER,UNINCORPORATED,-120.76255035400391,39.227867126464844
91309571,2020,2020-09-23,9220,2020-09-02,1615,013975,,3,2,9,3100,0,2,4,,2,027,"AUBURN FOLSOM RD","BEALS POINT",0.00,,Y,A,-,N,,,,,,,,,,N,2,0,1,2,A,-,17,21451,A,N,D,G,A,A,H,-,A,A,0,,Y,,,Y,,A,01,1,0,0,0,0,0,1,0,0,"- ","- ",38.719200134277344,-121.17479705810547,PLACER,UNINCORPORATED,-121.17545318603516,38.71923828125
91316026,2020,2020-10-01,9220,2020-09-28,2232,013997,,1,3,9,3100,0,2,4,,2,046,"BELL ROAD","COPPER PENNY LN",687.00,E,N,A,-,N,,,,,,,,,,Y,2,0,1,1,A,-,01,23152,A,N,E,I,A,A,H,-,D,D,0,,,,,Y,Y,A,01,1,0,0,0,0,0,0,0,0,"- ","- ",38.946601867675781,-121.12358856201172,PLACER,UNINCORPORATED,-121.12339019775391,38.946403503417969
91318518,2020,2020-11-09,9220,2020-09-21,0658,016685,,1,1,9,3100,0,1,3,,1,249,"SR-49 S/B","MASTERS COURT",100.00,N,N,A,-,Y,,,49,,,,,,S,Y,2,0,2,3,A,-,08,22107,,N,A,C,A,A,H,-,A,D,0,,,,Y,Y,,A,01,1,1,0,0,0,0,0,0,0,"- ","- ",38.937400817871094,-121.09559631347656,PLACER,UNINCORPORATED,-121.09539794921875,38.937507629394531
91318691,2020,2020-10-06,9221,2020-09-25,1015,017125,,5,1,9,3100,0,1,1,,2,388,"I-80 E/B","CISCO ROAD OVERCROSSING",3168.00,E,N,A,-,Y,,,80,,,,,,E,Y,2,0,2,1,A,-,08,22107,,N,E,I,A,A,H,-,A,D,0,,,,,Y,,A,01,1,1,0,0,0,0,0,0,0,"- ","- ",39.305191040039062,-120.53585052490234,PLACER,UNINCORPORATED,-120.53586578369141,39.30511474609375
91327035,2020,2020-10-20,9220,2020-08-16,1755,017482,,7,2,9,3100,0,3,5,,2,040,"MOUNT VERNON RD","MILLERTOWN RD",228.00,W,N,A,-,N,,,,,,,,,,Y,1,1,0,1,A,-,08,22107,,N,E,I,A,A,H,-,A,D,0,,,,,Y,,A,07,0,0,0,0,0,0,0,0,0,"- ","- ",38.912761688232422,-121.09427642822266,PLACER,UNINCORPORATED,-121.09421539306641,38.912792205810547
91327466,2020,2020-10-20,9220,2020-10-12,1000,015231,,1,1,9,3100,0,3,5,,2,030,"RIOSA ROAD (EASTBOUND)","ANDRESSEN RD",10.00,E,N,A,-,N,,,,,,,,,,Y,2,0,1,1,A,-,03,22350,,N,F,A,A,A,H,-,A,D,0,,,,Y,Y,,F,27,1,0,0,0,0,0,0,0,0,"- ","- ",38.984699249267578,-121.36759948730469,PLACER,UNINCORPORATED,-121.36770629882812,38.984737396240234
91338243,2020,2020-11-03,9220,2020-10-22,1109,016657,,4,1,4,3104,0,1,1,,2,281,"I-80 E/B","SIERRA COLLEGE BLVD",1469.00,W,N,A,-,Y,,,80,,,,,,E,Y,2,0,2,2,A,-,01,23152,F,N,C,C,A,A,H,-,A,D,0,,,,,Y,Y,D,22,1,1,0,0,0,0,0,0,0,"- ","- ",38.798358917236328,-121.21076965332031,PLACER,ROCKLIN,-121.21077728271484,38.798366546630859
91340091,2020,2020-11-05,9221,2020-08-16,0610,017777,,7,1,9,3100,0,1,1,,2,385,"I-80 W/B","MONTE VISTA O/C",3168.00,W,N,A,-,Y,,,80,,,,,,W,Y,1,1,0,1,A,-,08,22107,,N,F,A,A,A,H,-,B,D,0,,,,,Y,,A,07,0,0,0,0,0,0,0,0,0,"- ","- ",39.187568664550781,-120.84264373779297,PLACER,UNINCORPORATED,-120.84271240234375,39.187732696533203
91343895,2020,2021-02-03,9220,2020-10-27,2500,017397,,2,4,9,3100,0,1,1,,2,282,"I-80 W/B TO SR-193","OPHIR RD",616.00,E,N,A,-,Y,,,80,,,,R,,W,Y,1,1,0,1,A,-,08,22107,,N,E,I,A,A,H,-,D,D,0,,,,,Y,,D,22,0,0,0,0,0,0,0,0,0,"- ","- ",38.878631591796875,-121.12415313720703,PLACER,UNINCORPORATED,-121.12415313720703,38.878631591796875
91351315,2020,2020-11-23,9220,2020-11-13,2000,017375,,5,2,9,3100,0,3,5,,2,050,"BELL RD","QUARTZ DR",755.00,E,N,C,-,N,,,,,,,,,,N,2,0,1,2,A,-,11,21954,A,N,G,B,D,B,H,-,D,D,0,Y,,,,Y,,N,60,1,0,0,0,1,0,0,0,0,"- ","- ",38.942508697509766,-121.09152984619141,PLACER,UNINCORPORATED,-121.09166717529297,38.942436218261719
91368553,2020,2020-12-16,9221,2020-12-13,1646,019020,,7,2,9,3100,0,1,1,,2,386,"I-80 E/B","NYACK RD",1584.00,W,N,B,D,Y,,,80,,,,,,E,Y,2,0,2,1,A,-,03,22350,,N,E,I,A,C,H,-,B,D,0,,,,,Y,,A,07,1,0,1,0,0,0,0,0,0,"- ","- ",39.291759490966797,-120.68557739257812,PLACER,UNINCORPORATED,-120.68556976318359,39.291702270507812
91381331,2020,2021-01-05,9220,2020-12-07,1145,016682,,1,1,9,3100,0,1,3,,1,265,"SR-65 N/B","BLUE OAKS BLVD.",623.00,S,N,A,-,Y,,,65,,,,,,N,Y,2,0,1,2,A,-,01,23152,F,N,F,I,A,A,H,-,A,D,0,,,,,Y,,A,01,1,0,0,0,0,0,0,0,0,"- ","- ",38.794700622558594,-121.29644012451172,PLACER,UNINCORPORATED,-121.29647827148438,38.794666290283203
91392176,2020,2021-01-21,9220,2020-10-24,2317,016685,,6,3,9,3100,0,3,5,,2,010,"FIDDYMENT ROAD","W. SUNSET BLVD",3038.00,S,N,B,-,N,,,,,,,,,,Y,1,1,2,2,A,-,05,21650,,F,A,C,A,A,H,-,D,D,0,,,,,Y,,A,01,2,0,0,0,0,0,0,0,0,"- ","- ",38.816478729248047,-121.34935760498047,PLACER,UNINCORPORATED,-121.34933471679688,38.816207885742188
91392678,2020,2021-01-22,9220,2020-11-01,0255,016685,,7,3,9,3100,0,3,5,,2,010,"ATHENS AVENUE","INDUSTRIAL AVENUE",228.00,W,N,A,-,Y,,,,,,,,,,N,1,1,0,2,D,-,00,,,F,G,B,E,A,H,-,D,D,0,Y,,,,Y,,-,"- ",0,0,0,1,0,0,0,0,0,"- ","- ",38.839099884033203,-121.30780029296875,PLACER,UNINCORPORATED,-121.3077392578125,38.839099884033203
91392691,2021,2021-01-22,9220,2021-01-18,0655,015197,,1,1,9,3100,0,1,1,,2,282,"I-80 E/B","GILARDI RD",1584.00,W,N,A,-,Y,,,80,,,,,,E,Y,2,0,2,2,A,-,03,22350,,N,C,C,A,A,H,-,B,D,0,,,,,Y,,A,01,1,0,1,0,0,0,0,0,0,"- ","- ",38.850330352783203,-121.1485595703125,PLACER,UNINCORPORATED,-121.14860534667969,38.850387573242188
91394110,2021,2021-01-26,9220,2021-01-14,2210,013997,,4,3,9,3100,0,2,4,,2,064,"FORESTHILL ROAD","TODD VALLEY RD",480.00,W,N,A,-,N,,,,,,,,,,Y,2,0,1,1,A,-,08,22107,,N,E,I,A,A,H,-,D,D,0,,,,,Y,,A,07,1,0,0,0,0,0,0,0,0,"- ","- ",38.9989013671875,-120.87673950195312,PLACER,UNINCORPORATED,-120.87648773193359,38.998748779296875
91405550,2021,2021-02-09,9220,2021-02-02,1152,013997,,2,1,3,3101,0,1,1,,2,282,"I-80 WESTBOUND",SR-49,0.00,,N,B,C,Y,,,80,,,,,,W,Y,2,0,1,2,A,-,03,22350,,N,D,C,A,B,H,-,A,D,0,,,,Y,Y,,D,22,1,0,0,0,0,0,0,0,0,"- ","- ",38.899089813232422,-121.07623291015625,PLACER,AUBURN,-121.07614898681641,38.898998260498047
91414559,2021,2021-02-24,9220,2021-01-03,0745,016682,,7,1,9,3100,0,3,5,,2,030,"VIRGINIATOWN RD","DANIELS DR",16.00,W,N,A,-,N,,,,,,,,,,Y,2,0,2,1,A,-,08,22107,,N,E,I,A,A,H,-,A,D,0,,,,,Y,,A,01,2,0,0,0,0,0,0,0,0,"- ","- ",38.897441864013672,-121.24257659912109,PLACER,UNINCORPORATED,-121.24253845214844,38.897468566894531
91416855,2020,2021-02-26,9220,2020-10-21,1603,019969,,3,2,9,3100,0,1,3,,1,249,"SR-49 S/B","KEMPER RD",640.00,S,N,A,-,Y,,,49,,,,,,S,N,2,0,1,2,A,-,08,22107,,F,G,B,E,A,H,-,A,D,0,Y,,,,Y,,-,99,1,0,0,0,1,0,0,0,0,"- ","- ",38.930679321289062,-121.08966064453125,PLACER,UNINCORPORATED,-121.08950042724609,38.930812835693359
91438059,2021,2021-03-29,9220,2021-03-21,1910,15060,,7,2,9,3100,0,2,4,,2,026,"CAVITT STALLMAN RD","SHADOW OAKS LN",10.00,W,N,A,-,N,,,,,,,,,,Y,2,0,1,2,A,-,05,21460,A,N,C,C,A,A,H,-,D,D,0,,,Y,,Y,,C,02,1,0,0,0,0,0,0,0,1,"- ","- ",38.763111114501953,-121.20760345458984,PLACER,UNINCORPORATED,-121.20756530761719,38.763118743896484
91438456,2021,2021-03-29,9220,2021-03-21,2150,016031,,7,2,9,3100,0,1,1,,2,282,"I-80 E/B","KING RD",1056.00,E,N,A,-,Y,,,80,,,,,,E,Y,2,0,1,2,A,-,03,22350,,N,C,C,A,A,H,-,D,A,0,,,,Y,Y,,A,07,1,0,0,0,0,0,0,0,0,"- ","- ",38.827571868896484,-121.17597961425781,PLACER,UNINCORPORATED,-121.17597198486328,38.827560424804688
91439605,2021,2021-03-30,9221,2021-03-20,1326,015950,,6,1,9,3100,0,1,1,,2,386,"I-80 WESTBOUND","CARPENTER FLAT ROAD",6336.00,E,N,D,-,Y,,,80,,,,,,W,Y,2,0,1,4,A,-,03,22350,,N,C,C,A,C,H,-,A,D,0,,,,Y,Y,,E,22,1,0,0,0,0,0,0,0,0,"- ","- ",39.309738159179688,-120.64073181152344,PLACER,UNINCORPORATED,-120.64070892333984,39.309703826904297
91439635,2021,2021-03-30,9221,2021-03-20,1327,015950,,6,1,9,3100,0,1,1,,2,386,"I-80 WESTBOUND","CARPENTER FLAT ROAD",6336.00,E,N,D,-,Y,,,80,,,,,,W,Y,2,0,2,2,A,-,03,22350,,N,C,C,A,C,H,-,A,D,0,,,,,Y,,A,01,1,0,1,0,0,0,0,0,0,"- ","- ",39.309738159179688,-120.64073181152344,PLACER,UNINCORPORATED,-120.64070892333984,39.309703826904297
91442099,2021,2021-04-02,9221,2021-03-25,2030,017669,,4,2,9,3100,0,3,5,,2,070,"PLACER HILLS ROAD","CANA LANE",550.00,N,N,A,-,N,,,,,,,,,,Y,2,0,2,2,A,-,05,21460,A,N,A,C,A,A,H,-,D,D,0,,,,,Y,,D,22,1,1,0,0,0,0,0,0,0,"- ","- ",39.073478698730469,-120.97295379638672,PLACER,UNINCORPORATED,-120.97299194335938,39.073432922363281
9144814,2020,2020-09-21,3104,2020-07-02,0830,226,71,4,5,4,3104,0,0,0,,0,001,"SIERRA COLLEGE BL","STADIUM ENTRANCE DR",427.00,,N,A,-,N,,,,,,,,,,Y,2,0,4,2,A,-,01,23152,F,N,A,C,A,A,H,-,A,D,0,,,,,Y,,D,22,1,2,1,0,0,0,0,0,0,"- ","- ",37.788681030273438,-121.20614624023438,PLACER,ROCKLIN,,
91449705,2020,2021-04-13,9221,2020-11-22,1744,018530,,7,2,9,3100,0,1,1,,2,388,"I-80 W/B","CISCO RD",4752.00,E,N,B,-,Y,,,80,,,,,,W,Y,1,1,0,2,A,-,03,22350,,F,G,B,E,A,H,-,D,D,0,Y,,,,Y,,-,99,0,0,0,1,0,0,0,0,0,"- ","- ",39.305980682373047,-120.53156280517578,PLACER,UNINCORPORATED,-120.53154754638672,39.305950164794922
9145598,2020,2021-02-20,3105,2020-12-03,1743,1123,,4,5,5,3105,0,0,0,,0,002,"COLOMA WY","SUNRISE AV",275.00,E,N,A,-,N,,,,,,,,,,N,2,0,1,2,A,-,11,21954,A,N,G,B,D,A,A,H,C,A,0,Y,,,,Y,Y,N,60,1,0,0,0,1,0,0,0,0,"- ","- ",,,PLACER,ROSEVILLE,-121.27104949951172,38.736774444580078