CASE_ID,ACCIDENT_YEAR,PROC_DATE,JURIS,COLLISION_DATE,COLLISION_TIME,OFFICER_ID,REPORTING_DISTRICT,DAY_OF_WEEK,CHP_SHIFT,POPULATION,CNTY_CITY_LOC,SPECIAL_COND,BEAT_TYPE,CHP_BEAT_TYPE,CITY_DIVISION_LAPD,CHP_BEAT_CLASS,BEAT_NUMBER,PRIMARY_RD,SECONDARY_RD,DISTANCE,DIRECTION,INTERSECTION,WEATHER_1,WEATHER_2,STATE_HWY_IND,CALTRANS_COUNTY,CALTRANS_DISTRICT,STATE_ROUTE,ROUTE_SUFFIX,POSTMILE_PREFIX,POSTMILE,LOCATION_TYPE,RAMP_INTERSECTION,SIDE_OF_HWY,TOW_AWAY,COLLISION_SEVERITY,NUMBER_KILLED,NUMBER_INJURED,PARTY_COUNT,PRIMARY_COLL_FACTOR,PCF_CODE_OF_VIOL,PCF_VIOL_CATEGORY,PCF_VIOLATION,PCF_VIOL_SUBSECTION,HIT_AND_RUN,TYPE_OF_COLLISION,MVIW,PED_ACTION,ROAD_SURFACE,ROAD_COND_1,ROAD_COND_2,LIGHTING,CONTROL_DEVICE,CHP_ROAD_TYPE,PEDESTRIAN_ACCIDENT,BICYCLE_ACCIDENT,MOTORCYCLE_ACCIDENT,TRUCK_ACCIDENT,NOT_PRIVATE_PROPERTY,ALCOHOL_INVOLVED,STWD_VEHTYPE_AT_FAULT,CHP_VEHTYPE_AT_FAULT,COUNT_SEVERE_INJ,COUNT_VISIBLE_INJ,COUNT_COMPLAINT_PAIN,COUNT_PED_KILLED,COUNT_PED_INJURED,COUNT_BICYCLIST_KILLED,COUNT_BICYCLIST_INJURED,COUNT_MC_KILLED,COUNT_MC_INJURED,PRIMARY_RAMP,SECONDARY_RAMP,LATITUDE,LONGITUDE,COUNTY,CITY,POINT_X,POINT_Y
91468889,2021,2021-05-10,9220,2021-05-03,1445,017027,,1,2,9,3100,0,2,4,,2,056,"BELL ROAD","QUARTZ DR",0.00,,Y,A,-,N,,,,,,,,,,Y,2,0,3,4,A,-,08,22107,,N,B,C,A,A,H,-,A,A,0,,,,,Y,,A,01,1,1,1,0,0,0,0,0,0,"- ","- ",38.942401885986328,-121.09427642822266,PLACER,UNINCORPORATED,-121.09429168701172,38.942386627197266
91471036,2021,2021-05-12,9220,2021-05-08,1901,017863,,6,2,9,3100,0,2,4,,2,072,"WISE RD.","DOTY CREEK",630.00,W,N,A,-,N,,,,,,,,,,Y,2,0,3,2,A,-,01,23152,A,N,D,C,A,A,H,-,A,A,0,,,,,Y,Y,D,22,1,2,0,0,0,0,0,0,0,"- ","- ",38.930381774902344,-121.21877288818359,PLACER,UNINCORPORATED,,
91476660,2020,2021-05-19,9220,2020-12-26,1741,017375,,6,2,9,3100,0,2,4,,1,014,"PFE ROAD","VIKING PLACE",556.00,W,N,A,-,N,,,,,,,,,,N,1,1,0,2,A,-,11,21956,A,F,G,B,E,A,H,-,D,D,0,Y,,,,Y,,N,60,0,0,0,1,0,0,0,0,0,"- ","- ",38.729198455810547,-121.32308959960938,PLACER,UNINCORPORATED,-121.32305145263672,38.729225158691406
91476837,2021,2021-05-19,9220,2021-02-14,1603,017027,,7,2,9,3100,0,2,4,,2,064,"FORESTHILL ROAD","HAPPY PINES DR",520.00,W,N,B,C,N,,,,,,,,,,Y,1,1,0,2,C,-,18,,,N,H,A,A,B,H,-,A,D,0,,,,,Y,,-,"- ",0,0,0,0,0,0,0,0,0,"- ","- ",39.001411437988281,-120.89246368408203,PLACER,UNINCORPORATED,-120.89238739013672,39.001449584960938
91477861,2021,2021-05-27,9221,2021-05-05,2325,018624,,3,3,9,3100,0,1,1,,2,385,"EASTBOUND I-80","ALTA BONNYNOOK RD",1500.00,E,N,A,-,Y,,,80,,,,,,,Y,2,0,1,2,A,-,01,23152,A,M,D,C,A,A,H,-,D,D,0,,,,Y,Y,Y,A,01,1,0,0,0,0,0,0,0,0,"- ","- ",39.203029632568359,-120.80172729492188,PLACER,UNINCORPORATED,-120.80173492431641,39.203014373779297
91484814,2021,2021-05-28,9220,2021-05-15,0330,016657,,6,3,9,3100,0,1,3,,1,267,SR-65,"LEVEE RD",464.00,N,N,A,-,Y,,,65,,,,,,,Y,2,0,2,1,A,-,01,23153,A,N,F,A,A,A,H,-,D,D,0,,,,,Y,Y,A,07,2,0,0,0,0,0,0,0,0,"- ","- ",38.998600006103516,-121.40413665771484,PLACER,UNINCORPORATED,-121.40416717529297,38.998558044433594
91489538,2021,2021-06-04,9220,2021-05-15,0041,017375,,6,3,9,3100,0,1,1,,2,282,I-80,"BRACE ROAD",6.00,E,N,A,-,Y,,,,,,,,,,Y,2,0,1,2,A,-,01,23152,A,N,C,C,A,A,H,-,D,D,0,,,,Y,Y,Y,D,22,1,0,0,0,0,0,0,0,0,"- ","- ",38.810470581054688,-121.19670867919922,PLACER,UNINCORPORATED,-121.19670867919922,38.810420989990234
91490699,2021,2021-07-13,9220,2021-05-24,1850,017863,,1,2,9,3100,0,2,4,,2,064,"FORESTHILL RD.","ANDERSON RD",2640.00,N,N,A,-,N,,,,,,,,,,Y,2,0,1,1,A,-,01,23152,A,N,F,A,A,A,H,-,A,D,0,,,Y,,Y,Y,C,02,1,0,0,0,0,0,0,0,1,"- ","- ",39.060321807861328,-120.75647735595703,PLACER,UNINCORPORATED,-120.75624847412109,39.060741424560547
91492963,2021,2021-06-09,9220,2021-05-28,2310,019148,,5,3,4,3104,0,1,1,,2,281,"I-80 W/B","ROCKLIN RD.",910.00,W,N,A,-,Y,,,80,,,,,,W,Y,2,0,2,2,A,-,01,23152,A,N,C,C,A,A,H,-,C,D,0,,,Y,,Y,Y,C,02,1,0,1,0,0,0,0,0,1,"- ","- ",38.786548614501953,-121.22506713867188,PLACER,ROCKLIN,-121.22509002685547,38.786571502685547
91495073,2021,2021-06-11,9221,2021-06-05,1430,019565,,6,2,9,3100,0,1,1,,2,384,"I-80 W/B","UNION PACIFIC RAILROAD OVERCROSSING",1900.00,E,N,A,-,Y,,,80,,,,,,W,Y,2,0,1,2,A,-,07,21658,A,N,B,2,A,A,H,-,A,D,0,,,,,Y,,A,01,1,0,0,0,0,0,0,0,0,"- ","- ",39.128280639648438,-120.93737030029297,PLACER,UNINCORPORATED,-120.9373779296875,39.128280639648438
91496307,2021,2021-06-14,9220,2021-06-05,1245,017534,,6,1,9,3100,0,2,4,,2,062,"MOSHIRON DRIVE","FORESTHILL ROAD",0.00,,Y,A,-,N,,,,,,,,,,Y,2,0,1,2,A,-,09,21802,A,N,D,C,A,A,H,-,A,A,0,,,Y,,Y,,A,07,1,0,0,0,0,0,0,0,1,"- ","- ",38.9976806640625,-121.92008972167969,PLACER,UNINCORPORATED,-120.92013549804688,38.997711181640625
91498257,2021,2021-07-12,9220,2021-04-23,2045,15060,,5,2,5,3105,0,1,1,,2,281,"I-80 E/B","TAYLOR RD.",35.00,W,N,A,-,Y,,,80,,,,,,E,Y,1,1,0,2,A,-,01,23152,A,N,D,C,A,A,H,-,C,D,0,,,,Y,Y,Y,A,01,0,0,0,0,0,0,0,0,0,"- ","- ",38.765411376953125,-121.25560760498047,PLACER,ROSEVILLE,-121.25565338134766,38.765476226806641
91508652,2021,2021-06-29,9220,2021-06-17,1923,017375,,4,2,9,3100,0,2,4,,2,042,"MOUNT VERNON RD","MEARS RD",941.00,W,N,A,-,N,,,,,,,,,,Y,2,0,1,1,A,-,03,22350,,N,E,I,A,A,H,-,A,D,0,,,,,Y,,J,43,1,0,0,0,0,0,0,0,0,"- ","- ",38.948688507080078,-121.16172790527344,PLACER,UNINCORPORATED,-121.16165161132812,38.948692321777344
91522444,2021,2021-07-16,9220,2021-07-06,1835,013997,,2,2,9,3100,0,1,S,,2,059,"SR-49 N/B (EL DORADO STREET)","LINCOLN WAY",3696.00,S,N,A,-,Y,,,49,,,,,,N,Y,2,0,1,1,A,-,08,22107,,N,E,I,A,A,H,-,A,D,0,,,Y,,Y,,C,02,1,0,0,0,0,0,0,0,1,"- ","- ",38.901908874511719,-121.05593109130859,PLACER,UNINCORPORATED,-121.05603790283203,38.90191650390625
91527309,2021,2021-07-23,9220,2021-07-13,2155,017863,,2,2,9,3100,0,1,3,,1,265,"SR-65 N/B TO PLEASANT GROVE BLVD.","PLEASANT GROVE BLVD.",528.00,S,N,A,-,Y,,,,,,,,,,Y,2,0,1,1,A,-,03,22350,,N,F,A,A,A,H,-,D,D,0,,,Y,,Y,,C,02,1,0,0,0,0,0,0,0,1,"- ","- ",38.786140441894531,-121.28163146972656,PLACER,UNINCORPORATED,-121.28244018554688,38.785820007324219
91527373,2021,2021-07-23,9220,2021-07-18,0950,015961,,7,1,9,3100,0,2,4,,2,077,"AUBURN FOLSOM RD","OX BOW LANE",43.00,S,N,A,-,N,,,,,,,,,,Y,2,0,1,1,C,-,18,,,N,H,H,A,A,H,-,A,D,0,,,Y,,Y,,-,"- ",1,0,0,0,0,0,0,0,1,"- ","- ",38.823188781738281,-121.25096130371094,PLACER,UNINCORPORATED,-121.12517547607422,38.823108673095703
91533889,2021,2021-07-30,9220,2021-05-04,0629,015917,,2,1,9,3100,0,3,5,,2,010,"ATHENS AVE","CASINO HOTEL DRIVEWAY",0.00,,Y,A,-,N,,,,,,,,,,Y,2,0,3,2,A,-,08,22107,,N,B,C,A,A,H,-,A,D,0,,,,,Y,,A,01,1,0,2,0,0,0,0,0,0,"- ","- ",38.839241027832031,-121.30919647216797,PLACER,UNINCORPORATED,-121.31395721435547,38.839042663574219
91534850,2021,2021-08-02,9220,2021-07-24,1902,017027,,6,2,9,3100,0,1,1,,2,283,"I-80 W/B","DRY CREEK ROAD",2640.00,E,N,A,-,Y,,,80,,,,,,W,Y,2,0,1,1,A,-,03,22350,,N,F,A,A,A,H,-,A,D,0,,,Y,,Y,,C,02,1,0,0,0,0,0,0,0,1,"- ","- ",38.961811065673828,-121.02654266357422,PLACER,UNINCORPORATED,-121.02650451660156,38.961753845214844
91535612,2021,2021-08-03,9220,2021-07-24,0200,019148,,6,3,9,3100,0,2,4,,2,064,"FINNING MILL RD","HOLLOW LOGGING RD.",2640.00,N,N,A,-,N,,,,,,,,,,Y,2,0,2,1,A,-,01,23152,A,N,E,J,A,A,H,-,D,D,0,,,,,Y,Y,A,07,1,1,0,0,0,0,0,0,0,"- ","- ",39.094070434570312,-120.77751922607422,PLACER,UNINCORPORATED,,
91538547,2021,2021-08-06,9222,2021-07-31,2020,017907,,6,2,9,3100,0,1,3,,1,015,"SR-28 (NORTH LAKE BOULEVARD)","ESTATES DR",441.00,E,N,A,-,Y,,,28,,,,,,,Y,2,0,1,6,A,-,03,22350,,N,C,E,A,A,H,-,C,D,0,,,,,Y,,A,01,1,0,0,0,0,0,0,0,0,"- ","- ",39.240760803222656,-120.05712127685547,PLACER,UNINCORPORATED,-120.05712127685547,39.240798950195312
91552738,2021,2021-08-24,9221,2021-08-16,2102,019565,,1,2,9,3100,0,1,1,,2,384,"I-80 E/B","CAPE HORN U/C",3168.00,W,N,A,-,Y,,,80,,,,,,E,Y,2,0,2,2,A,-,03,22350,,N,C,C,A,A,H,-,D,D,0,,,,Y,Y,,D,22,1,1,0,0,0,0,0,0,0,"- ","- ",39.13616943359375,-120.93000793457031,PLACER,UNINCORPORATED,-120.93003082275391,39.136180877685547
91552761,2021,2021-11-02,9220,2021-08-20,2324,019148,,5,3,9,3100,0,2,4,,1,012,"BASELINE RD.","COUNTRY ACRES LN.",5440.00,E,N,A,G,N,,,,,,,,,,Y,2,0,3,2,A,-,01,23152,A,F,B,C,A,A,H,-,D,D,0,,,,,Y,Y,-,"- ",1,2,0,0,0,0,0,0,0,"- ","- ",38.751708984375,-121.41352081298828,PLACER,UNINCORPORATED,-121.41357421875,38.751701354980469
91555196,2021,2021-10-07,9220,2021-07-24,0120,018768,,6,3,9,3100,0,1,1,,2,282,"INTERSTATE 80 WESTBOUND TO PENRYN ROAD","PENRYN ROAD",471.00,E,N,A,-,Y,,,80,,,,R,,W,Y,1,1,0,1,A,-,01,23152,A,N,E,I,A,A,H,-,C,D,0,,,Y,,Y,Y,C,02,0,0,0,0,0,0,0,1,0,"- ","- ",38.835781097412109,-121.16677856445312,PLACER,UNINCORPORATED,-121.16677856445312,38.835781097412109
91558049,2021,2021-08-30,9220,2021-08-18,2055,013997,,3,2,9,3100,0,2,4,,2,064,"FORESTHILL ROAD","RACETRACK STREET",0.00,,Y,A,-,N,,,,,,,,,,Y,2,0,2,2,A,-,03,22350,,N,A,C,A,A,H,-,D,D,0,,,Y,,Y,,C,02,1,1,0,0,0,0,0,0,1,"- ","- ",39.019290924072266,-120.82585906982422,PLACER,UNINCORPORATED,-120.82604217529297,39.019294738769531
91558783,2021,2021-08-30,9221,2021-08-26,1705,019020,,4,2,9,3100,0,3,5,,2,070,"ROLLINS LAKE RD","DRIVEWAY TO 27407 ROLLINS LAKE RD.",368.00,E,N,A,-,N,,,,,,,,,,N,2,0,1,1,A,-,03,22350,,N,E,I,A,A,H,-,A,D,0,,,Y,,Y,,C,02,1,0,0,0,0,0,0,0,1,"- ","- ",39.144580841064453,-120.92527770996094,PLACER,UNINCORPORATED,-120.94564056396484,39.126209259033203
91560661,2021,2021-09-01,9220,2021-08-29,2115,015197,,7,2,9,3100,0,1,1,,2,281,SR-193,"TAYLOR RD",1584.00,W,N,A,-,Y,,,193,,,,,,,Y,2,0,1,2,A,-,08,22107,,N,E,I,A,A,H,-,D,D,0,,,,,Y,,A,07,1,0,0,0,0,0,0,0,0,"- ","- ",38.876491546630859,-121.154296875,PLACER,UNINCORPORATED,-121.154296875,38.876502990722656
91563500,2021,2021-09-06,9220,2021-09-01,2023,019148,,3,2,9,3100,0,1,3,,1,267,"SR-65 N/B","RIOSA RD.",0.00,,Y,A,-,Y,,,65,,,,,,N,Y,2,0,3,2,A,-,09,21453,C,N,A,C,A,A,H,-,C,A,0,,,,,Y,,A,07,2,1,0,0,0,0,0,0,0,"- ","- ",38.978950500488281,-121.38246154785156,PLACER,UNINCORPORATED,-121.38254547119141,38.978908538818359
91566770,2021,2021-09-09,9220,2021-07-02,1415,013465,,5,2,9,3100,0,3,5,,2,030,"SHERIDAN-LINCOLN BLVD","GLADDING RD",3221.00,N,N,A,-,N,,,,,,,,,,Y,2,0,1,2,A,-,08,22107,,N,C,C,A,A,H,-,A,D,0,,,,Y,Y,,D,22,1,0,0,0,0,0,0,0,0,"- ","- ",38.904499053955078,-121.30570983886719,PLACER,UNINCORPORATED,-121.30564117431641,38.905063629150391
91568441,2021,2021-09-13,9220,2021-09-05,2020,017762,,7,2,9,3100,0,2,4,,2,051,"PLACER HILLS RD.","WHISPERING PINES RD",194.00,S,N,A,-,N,,,,,,,,,,Y,2,0,1,1,A,-,08,22107,,N,E,J,A,A,H,-,D,D,0,,,,,Y,Y,D,22,1,0,0,0,0,0,0,0,0,"- ","- ",39.031780242919922,-121.00459289550781,PLACER,UNINCORPORATED,-121.00460815429688,39.031650543212891
9156845,2020,2021-02-25,3105,2020-12-08,1641,1131,,2,5,5,3105,0,0,0,,0,006,"FOOTHILL BL","PILGRIMS DR",526.00,S,N,A,-,N,,,,,,,,,,Y,2,0,1,2,A,-,09,21804,A,N,D,C,A,A,H,-,A,D,0,,,Y,,Y,,A,01,1,0,0,0,0,0,0,0,1,"- ","- ",38.753768920898438,-121.30996704101562,PLACER,ROSEVILLE,-121.30970001220703,38.753978729248047
91568647,2021,2021-09-13,9221,2021-09-04,1720,017669,,6,2,9,3100,0,3,5,,2,070,"ALTA RESERVOIR RD","ALTA BONNYNOOK ROAD",2640.00,E,N,A,-,N,,,,,,,,,,N,2,0,1,1,A,-,03,22350,,N,F,A,A,A,H,-,A,D,0,,,Y,,Y,,C,03,1,0,0,0,0,0,0,0,1,"- ","- ",39.215011596679688,-120.7860107421875,PLACER,UNINCORPORATED,-120.7874755859375,39.213512420654297
91569555,2021,2021-09-14,9220,2021-09-01,2024,019148,,3,2,9,3100,0,1,3,,1,267,"SR-65 N/B","RIOSA RD.",0.00,,Y,A,-,Y,,,65,,,,,,N,Y,2,0,4,2,A,-,03,22350,,N,A,C,A,A,H,-,C,A,0,,,,,Y,,A,01,1,3,0,0,0,0,0,0,0,"- ","- ",38.979118347167969,-121.38253021240234,PLACER,UNINCORPORATED,-121.38262176513672,38.979080200195312
91574290,2021,2022-07-08,9220,2021-09-05,1845,016657,,7,2,9,3100,0,1,3,,1,267,SR-65,"WISE RD",380.00,S,N,A,-,Y,,,65,,,,,,,Y,2,0,2,2,A,-,03,22350,,N,C,C,A,A,H,-,B,A,0,,,,,Y,,D,22,1,0,1,0,0,0,0,0,0,"- ","- ",38.925258636474609,-121.36833190917969,PLACER,UNINCORPORATED,-121.36835479736328,38.925262451171875
91574900,2021,2021-09-20,9220,2021-04-03,0045,016031,,6,3,2,3103,0,1,3,,1,265,"SR-65 N/B TO LINCOLN BLVD.","LINCOLN BLVD",420.00,S,N,A,-,Y,,,65,,,,R,,N,Y,2,0,4,1,A,-,01,23152,A,N,E,I,A,A,H,-,D,D,0,,,,,Y,Y,A,01,3,1,0,0,0,0,0,0,0,"- ","- ",38.864700317382812,-121.29982757568359,PLACER,LINCOLN,-121.29982757568359,38.864700317382812
91579050,2021,2021-09-24,9222,2021-09-10,1200,015913,,5,1,9,3100,0,1,3,,1,016,SR-267,"HIGHLANDS VIEW RD.",2112.00,S,N,A,-,Y,,,267,,,,,,,Y,2,0,1,2,A,-,21,22106,,N,D,C,A,A,H,-,A,D,0,,,,Y,Y,,A,01,1,0,0,0,0,0,0,0,0,"- ","- ",39.273601531982422,-120.10002899169922,PLACER,UNINCORPORATED,-120.10012054443359,39.273517608642578
91585899,2021,2021-10-01,9220,2021-09-25,1258,015491,,6,1,9,3100,0,1,3,,2,293,"STATE ROUTE 193","STAGECOACH LANE",365.00,E,N,A,-,Y,,,193,,,,,,,Y,2,0,1,2,A,-,06,21750,,N,B,C,A,A,H,-,A,A,0,,,Y,,Y,,C,02,1,0,0,0,0,0,0,0,1,"- ","- ",38.886451721191406,-121.24362945556641,PLACER,UNINCORPORATED,-121.24362945556641,38.886516571044922
91586171,2021,2021-10-01,9221,2021-09-26,0650,015950,,7,1,9,3100,0,1,1,,2,384,"I-80 WESTBOUND","CAPE HORN ROAD",2640.00,W,N,A,-,Y,,,80,,,,,,W,Y,2,0,1,1,A,-,03,22350,,N,E,I,A,A,H,-,B,A,0,,,Y,,Y,,C,02,1,0,0,0,0,0,0,0,1,"- ","- ",39.138389587402344,-120.92861175537109,PLACER,UNINCORPORATED,-120.92857360839844,39.138343811035156
91591049,2021,2021-10-07,9221,2021-09-04,1545,015950,,6,2,9,3100,0,3,5,,2,070,"MAGRA ROAD","RIVER RIDGE ROAD",2640.00,E,N,A,-,N,,,,,,,,,,Y,1,1,0,1,A,-,03,22350,,N,E,I,A,A,H,-,A,A,0,,,,,Y,Y,A,01,0,0,0,0,0,0,0,0,0,"- ","- ",39.156108856201172,-120.87528228759766,PLACER,UNINCORPORATED,-120.87491607666016,39.156929016113281
91620892,2021,2021-11-09,9221,2021-11-06,1605,019869,,6,2,9,3100,0,1,1,,2,386,"INTERSTATE 80 EASTBOUND","OLD NYACK ROAD",3168.00,W,N,B,C,Y,,,80,,,,,,E,N,2,0,2,2,A,-,03,22350,,N,B,C,A,B,H,-,A,D,0,,,,,Y,,A,01,2,0,0,0,0,0,0,0,0,"- ","- ",39.290210723876953,-120.68979644775391,PLACER,UNINCORPORATED,-120.68977355957031,39.290157318115234
91639377,2021,2021-12-01,9220,2021-11-23,1440,017397,,2,2,9,3100,0,3,5,,2,050,"LOCKSLEY LN","SR-49 (GRASS VALLEY HIGHWAY)",1725.00,E,N,A,-,N,,,,,,,,,,N,2,0,3,2,A,-,09,21801,A,N,D,C,A,A,H,-,A,D,0,,,,,Y,,D,22,1,2,0,0,0,0,0,0,0,"- ","- ",38.950321197509766,-121.09368133544922,PLACER,UNINCORPORATED,-121.09388732910156,38.950271606445312
91643667,2021,2021-12-06,9220,2021-11-26,1720,019621,,5,2,5,3105,0,1,1,,2,281,"I-80 W/B","DOUGLAS BOULEVARD",1056.00,W,N,A,-,Y,,,80,,,,,,W,N,2,0,1,3,A,-,03,22350,,N,B,C,A,A,H,-,D,A,0,,,Y,Y,Y,,C,02,1,0,0,0,0,0,0,0,1,"- ","- ",38.742031097412109,-121.27223968505859,PLACER,ROSEVILLE,-121.272216796875,38.742015838623047
91653897,2021,2021-12-16,9220,2021-10-23,1608,017482,,6,2,9,3100,0,3,5,,2,050,"NEW AIRPORT RD",SR-49,598.00,E,N,B,C,N,,,,,,,,,,Y,1,1,1,2,A,-,05,21460,A,N,A,C,A,B,H,-,A,D,0,,,,,Y,,A,07,1,0,0,0,0,0,0,0,0,"- ","- ",38.933521270751953,-121.08905792236328,PLACER,UNINCORPORATED,-121.08919525146484,38.933395385742188
91659169,2021,2021-12-22,9220,2021-12-13,0430,016657,,1,3,9,3100,0,2,4,,2,064,"FORESTHILL RD","DRIVERS FLAT ROAD",2787.00,E,N,B,C,N,,,,,,,,,,Y,2,0,2,1,A,-,08,22107,,N,F,A,A,B,H,-,D,D,0,,,,,Y,,D,22,1,0,1,0,0,0,0,0,0,"- ","- ",38.971538543701172,-120.94806671142578,PLACER,UNINCORPORATED,-120.95679473876953,38.965087890625
9166119,2020,2020-12-07,3105,2020-09-17,2131,1147,,4,5,5,3105,0,0,0,,0,003,"CIRBY OAKS WY","SAN SIMEON DR",0.00,,Y,A,-,N,,,,,,,,,,Y,2,0,1,2,A,-,09,21453,C,N,A,C,A,A,H,-,C,A,0,,,Y,,Y,,A,07,1,0,0,0,0,0,0,0,1,"- ","- ",38.729461669921875,-121.27906036376953,PLACER,ROSEVILLE,-121.27905,38.729480000000002
91666397,2021,2021-12-30,9220,2021-12-17,0955,015197,,5,1,9,3100,0,2,4,,2,024,"EUREKA RD","GREYHAWK DR.",0.00,,Y,A,-,N,,,,,,,,,,Y,2,0,1,2,A,-,09,21802,A,N,D,C,A,A,H,-,A,A,0,,,,,Y,,A,01,1,0,0,0,0,0,0,0,0,"- ","- ",38.736579895019531,-121.22044372558594,PLACER,UNINCORPORATED,-121.22001647949219,38.736656188964844
91668159,2021,2022-01-03,9220,2021-12-17,0755,016685,,5,1,9,3100,0,3,5,,2,050,"DRY CREEK ROAD","BLACK OAK ROAD",340.00,E,N,A,-,N,,,,,,,,,,N,2,0,1,1,A,-,03,22350,,N,E,I,A,C,H,-,A,D,0,,,,,Y,,D,22,1,0,0,0,0,0,0,0,0,"- ","- ",38.960041046142578,-121.06729888916016,PLACER,UNINCORPORATED,-121.06735229492188,38.960002899169922
91671093,2021,2022-01-05,9220,2021-12-29,1900,017397,,3,2,9,3100,0,3,5,,2,020,"SUNRISE BLVD","KENSINGTON DR.",175.00,S,N,B,-,N,,,,,,,,,,Y,2,0,4,2,A,-,09,21804,A,N,D,C,A,A,H,-,C,D,0,,,,,Y,,A,01,1,3,0,0,0,0,0,0,0,"- ","- ",38.722141265869141,-121.27207183837891,PLACER,UNINCORPORATED,-121.27207183837891,38.726680755615234
91679293,2022,2022-01-17,9220,2022-01-09,1419,017027,,7,2,9,3100,0,3,5,,2,040,"WISE RD","KRAG LN",1200.00,W,N,A,-,N,,,,,,,,,,Y,2,0,1,1,A,-,01,23152,A,N,E,I,A,A,H,-,A,A,0,,,,,Y,Y,D,22,1,0,0,0,0,0,0,0,0,"- ","- ",38.914821624755859,-121.1605224609375,PLACER,UNINCORPORATED,-121.16014862060547,38.914558410644531
91689353,2022,2022-01-31,9220,2022-01-09,0200,019040,,7,3,3,3101,0,1,1,,2,283,"I-80 E/B",SR-49,500.00,E,N,A,-,Y,,,,,,,,,,Y,2,0,2,2,A,-,01,23152,A,M,B,C,A,A,H,-,C,D,0,,,,Y,Y,Y,A,01,1,1,0,0,0,0,0,0,0,"- ","- ",38.900279998779297,-121.17462158203125,PLACER,AUBURN,-121.07373046875,38.900962829589844
91689361,2022,2022-01-31,9220,2022-01-23,1618,017027,,7,2,9,3100,0,1,3,,1,249,"BELL ROAD",SR-49,0.00,,Y,A,-,Y,PLA,,49,,,6.377,H,,L,Y,2,0,3,2,A,-,09,21453,C,N,A,C,A,A,H,-,A,A,0,,,,,Y,,A,07,1,2,0,0,0,0,0,0,0,"- ","- ",38.941951751708984,-121.09716033935547,PLACER,UNINCORPORATED,-121.09714508056641,38.941951751708984
91720915,2022,2022-03-11,9220,2022-03-03,1330,015060,,4,1,9,3100,0,3,5,,2,070,"BAXTER GRADE RD","WISE RD.",1000.00,N,N,A,-,N,,,,,,,,,,Y,2,0,1,1,A,-,08,22107,,N,E,I,A,A,H,-,A,D,0,,,,,Y,,A,08,1,0,0,0,0,0,0,0,0,"- ","- ",38.926769256591797,-121.16713714599609,PLACER,UNINCORPORATED,-121.16715240478516,38.926776885986328
91721518,2022,2022-03-14,9220,2022-03-05,1915,019373,,6,2,9,3100,0,3,5,,2,030,"NICOLAUS RD","MAVERICK LN",0.00,,Y,A,-,N,,,,,,,,,,N,2,0,2,2,A,-,01,23153,A,N,C,C,A,A,H,-,D,D,0,,,,,Y,Y,A,01,1,1,0,0,0,0,0,0,0,"- ","- ",38.897281646728516,-121.400390625,PLACER,UNINCORPORATED,-121.400390625,38.897262573242188
91721793,2022,2022-03-14,9220,2022-01-31,0625,015491,,1,1,4,3104,0,1,3,,1,265,"STATE ROUTE 65 NORTHBOUND","WHITNEY RANCH PARKWAY",1720.00,S,N,A,-,Y,PLA,,65,,R,10.189,H,,R,N,1,1,0,2,A,-,11,21954,A,N,G,B,E,A,H,-,D,D,0,Y,,Y,,Y,,N,60,0,0,0,1,0,0,0,0,0,"- ","- ",38.826011657714844,-121.29978942871094,PLACER,ROCKLIN,-121.29987335205078,38.826015472412109
91730811,2022,2022-03-24,9220,2022-03-14,1425,019133,,1,2,9,3100,0,1,1,,2,283,"APPLEGATE RD","I80 W/B FROM HEATHER GLENN OFF-RAMP",29.50,S,N,A,-,Y,,,,,,,,,,Y,2,0,1,1,A,-,08,22107,,N,E,I,A,A,H,-,A,A,0,,,,Y,Y,,F,78,1,0,0,0,0,0,0,0,0,"- ","- ",38.018760681152344,-121.98294830322266,PLACER,UNINCORPORATED,,
91735451,2021,2022-03-28,9220,2021-09-11,1830,019621,,6,2,9,3100,0,2,4,,2,032,"W. WISE RD","SHERIDAN LINCOLN BLVD",485.00,W,N,A,-,N,,,,,,,,,,Y,1,2,0,1,A,-,01,23152,A,N,E,I,A,A,H,-,A,A,0,,,,,Y,Y,A,07,0,0,0,0,0,0,0,0,0,"- ","- ",38.926410675048828,-121.33898162841797,PLACER,UNINCORPORATED,-121.33893585205078,38.926471710205078
91765549,2022,2022-05-05,9220,2022-04-25,1930,017027,,1,2,9,3100,0,2,4,,2,042,"MOUNT VERNON ROAD","HARRIS RD",528.00,E,N,A,-,N,,,,,,,,,,Y,2,0,2,1,A,-,03,22350,,N,E,J,A,A,H,-,A,D,0,,,,,Y,,A,01,2,0,0,0,0,0,0,0,0,"- ","- ",38.918590545654297,-121.10946655273438,PLACER,UNINCORPORATED,-121.11041259765625,38.918704986572266