CASE_ID,ACCIDENT_YEAR,PROC_DATE,JURIS,COLLISION_DATE,COLLISION_TIME,OFFICER_ID,REPORTING_DISTRICT,DAY_OF_WEEK,CHP_SHIFT,POPULATION,CNTY_CITY_LOC,SPECIAL_COND,BEAT_TYPE,CHP_BEAT_TYPE,CITY_DIVISION_LAPD,CHP_BEAT_CLASS,BEAT_NUMBER,PRIMARY_RD,SECONDARY_RD,DISTANCE,DIRECTION,INTERSECTION,WEATHER_1,WEATHER_2,STATE_HWY_IND,CALTRANS_COUNTY,CALTRANS_DISTRICT,STATE_ROUTE,ROUTE_SUFFIX,POSTMILE_PREFIX,POSTMILE,LOCATION_TYPE,RAMP_INTERSECTION,SIDE_OF_HWY,TOW_AWAY,COLLISION_SEVERITY,NUMBER_KILLED,NUMBER_INJURED,PARTY_COUNT,PRIMARY_COLL_FACTOR,PCF_CODE_OF_VIOL,PCF_VIOL_CATEGORY,PCF_VIOLATION,PCF_VIOL_SUBSECTION,HIT_AND_RUN,TYPE_OF_COLLISION,MVIW,PED_ACTION,ROAD_SURFACE,ROAD_COND_1,ROAD_COND_2,LIGHTING,CONTROL_DEVICE,CHP_ROAD_TYPE,PEDESTRIAN_ACCIDENT,BICYCLE_ACCIDENT,MOTORCYCLE_ACCIDENT,TRUCK_ACCIDENT,NOT_PRIVATE_PROPERTY,ALCOHOL_INVOLVED,STWD_VEHTYPE_AT_FAULT,CHP_VEHTYPE_AT_FAULT,COUNT_SEVERE_INJ,COUNT_VISIBLE_INJ,COUNT_COMPLAINT_PAIN,COUNT_PED_KILLED,COUNT_PED_INJURED,COUNT_BICYCLIST_KILLED,COUNT_BICYCLIST_INJURED,COUNT_MC_KILLED,COUNT_MC_INJURED,PRIMARY_RAMP,SECONDARY_RAMP,LATITUDE,LONGITUDE,COUNTY,CITY,POINT_X,POINT_Y
91765630,2022,2022-05-05,9220,2022-04-08,1205,016657,,5,1,9,3100,0,2,4,,2,066,"MOSQUITO RIDGE ROAD","ROBINSON FLAT ROAD",2750.00,E,N,A,-,N,,,,,,,,,,Y,1,1,0,1,A,-,08,22107,,N,E,I,A,A,H,-,A,D,0,,,Y,,Y,,C,02,0,0,0,0,0,0,0,1,0,"- ","- ",39.107948303222656,-120.52924346923828,PLACER,UNINCORPORATED,-120.52934265136719,39.107879638671875
91768685,2022,2022-05-10,9220,2022-05-04,1935,019133,,3,2,9,3100,0,1,1,,2,283,"I-80 W/B","W PAOLI LANE",528.00,W,N,A,-,Y,,,,,,,,,,Y,2,0,1,1,A,-,01,23152,A,N,E,8,A,A,H,-,B,D,0,,,,,Y,Y,A,01,1,0,0,0,0,0,0,0,0,"- ","- ",39.032859802246094,-121.97596740722656,PLACER,UNINCORPORATED,-120.97596740722656,39.033729553222656
91770980,2022,2022-05-12,9220,2022-05-04,2035,017375,,3,2,9,3100,0,1,1,,2,282,"I-80 W/B","NEWCASTLE RD",1584.00,E,N,A,-,Y,PLA,,80,,,14.143,H,,L,N,2,0,1,2,A,-,11,21954,A,N,G,B,E,A,H,-,D,D,0,Y,,,Y,Y,,N,60,1,0,0,0,1,0,0,0,0,"- ","- ",38.877410888671875,-121.12892150878906,PLACER,UNINCORPORATED,-121.12889862060547,38.877388000488281
9177906,2020,2021-01-21,3104,2020-10-20,1430,617,9,2,5,4,3104,0,0,0,,0,004,"ATHERTON RD","MENLO DR",894.00,W,N,A,-,N,,,,,,,,,,Y,2,0,1,2,A,-,09,21801,A,N,D,C,A,-,H,-,A,D,0,,,Y,,Y,,A,01,1,0,0,0,0,0,0,0,1,"- ","- ",38.81494140625,-121.29546356201172,PLACER,ROCKLIN,-121.29764556884766,38.814849853515625
91781706,2022,2022-05-26,9220,2022-05-22,1315,018785,,7,1,9,3100,0,3,5,,2,040,"ERIN DRIVE","CANAL STREET",0.00,,Y,A,-,N,,,,,,,,,,N,2,0,2,1,A,-,03,22350,,N,F,A,A,A,H,-,A,A,0,,,Y,,Y,,C,02,2,0,0,0,0,0,0,0,2,"- ","- ",38.931640625,-121.08429718017578,PLACER,UNINCORPORATED,-121.08420562744141,38.931541442871094
91786660,2022,2022-06-02,9220,2022-05-17,2215,019040,,2,3,9,3100,0,1,1,,2,283,"I-80 E/B TO BELL RD.","BELL RD",100.00,W,N,A,-,Y,,,,,,,,,,N,2,0,1,2,A,-,13,22515,A,N,G,B,A,A,H,-,D,D,0,,,,Y,Y,,D,22,1,0,0,0,0,0,0,0,0,"- ","- ",38.944679260253906,-121.04592895507812,PLACER,UNINCORPORATED,-121.04592895507812,38.944679260253906
91788776,2022,2022-06-06,9220,2022-05-27,1225,018785,,5,1,9,3100,0,2,4,,2,064,"FORESTHILL ROAD","OLD FORESTHILL ROAD",1584.00,W,N,A,-,N,,,,,,,,,,N,2,0,2,1,A,-,08,22107,,N,E,I,A,A,H,-,A,D,0,,,,,Y,,A,01,2,0,0,0,0,0,0,0,0,"- ","- ",38.931098937988281,-121.01007843017578,PLACER,UNINCORPORATED,-121.04926300048828,38.922393798828125
91791249,2022,2022-06-08,9220,2022-06-01,2005,017375,,3,2,9,3100,0,1,S,,2,059,"SR-49 (EL DORADO ST)","OLD FORESTHILL ROAD",2640.00,N,N,A,-,Y,PLA,,49,,,0.581,H,,R,Y,2,0,1,1,A,-,08,22107,,N,F,I,A,A,H,-,A,D,0,,,,,Y,,A,07,1,0,0,0,0,0,0,0,0,"- ","- ",38.909309387207031,-121.04530334472656,PLACER,UNINCORPORATED,-121.04527282714844,38.909320831298828
91791924,2022,2022-06-09,9221,2022-06-05,2123,017979,,7,2,9,3100,0,1,1,,2,386,"I-80 W/B","DRUM FOREBAY RD. O/C",6864.00,E,N,B,-,Y,PLA,,80,,,50.288,H,,L,Y,2,0,2,2,A,-,08,22107,,F,C,C,A,A,H,-,D,D,0,,,,,Y,,-,99,1,1,0,0,0,0,0,0,0,"- ","- ",39.251659393310547,-120.73998260498047,PLACER,UNINCORPORATED,-120.739990234375,39.251667022705078
91796026,2022,2022-06-15,9220,2022-06-13,1610,017027,,1,2,9,3100,0,3,5,,2,050,"LUTHER RD","SHOCKLEY RD",0.00,,Y,A,-,N,,,,,,,,,,Y,2,0,1,2,A,-,09,21802,A,N,D,C,A,A,H,-,A,A,0,,,Y,,Y,,A,01,1,0,0,0,0,0,0,0,1,"- ","- ",38.927898406982422,-121.06611633300781,PLACER,UNINCORPORATED,-121.06618499755859,38.927898406982422
91803831,2022,2022-06-27,9220,2022-06-17,1323,018785,,5,1,9,3100,0,1,3,,1,249,SR-49,"MASTERS COURT",5.00,N,N,A,-,Y,PLA,,49,,,6.055,H,,R,Y,2,0,6,3,A,-,08,22107,,N,B,C,A,A,H,-,A,D,0,,,,,Y,,A,07,1,2,3,0,0,0,0,0,0,"- ","- ",38.937408447265625,-121.09539031982422,PLACER,UNINCORPORATED,-121.09525299072266,38.937469482421875
91814061,2022,2022-07-11,9220,2022-06-27,2245,018768,,1,3,9,3100,0,2,4,,2,077,"AUBURN FOLSOM RD","LEES LANE",69.00,S,N,A,-,N,,,,,,,,,,Y,1,1,0,1,A,-,08,22107,,N,E,I,A,A,H,-,D,D,0,,,,,Y,,D,22,0,0,0,0,0,0,0,0,0,"- ","- ",38.861049652099609,-121.10262298583984,PLACER,UNINCORPORATED,-121.10251617431641,38.861118316650391
91815975,2022,2022-07-13,9221,2022-07-01,1452,018530,,5,2,9,3100,0,1,1,,2,384,"WB I80 EAST OF SECRET TOWN ROAD","ALPINE OVER-CROSSING",2640.00,E,N,A,-,Y,PLA,,80,,,39.697,H,,R,Y,2,0,2,2,A,-,03,22350,,N,C,C,A,A,H,-,A,D,0,,,,Y,Y,,E,22,1,1,0,0,0,0,0,0,0,"- ","- ",39.159538269042969,-120.87651824951172,PLACER,UNINCORPORATED,-120.87648773193359,39.159515380859375
91818103,2022,2022-07-15,9220,2022-07-03,0115,019148,,7,3,9,3100,0,3,5,,2,070,"INDIAN HILL RD.","GLENVIEW RD",1620.00,W,N,A,-,N,,,,,,,,,,N,2,0,1,1,A,-,01,23152,A,N,E,I,A,A,H,-,D,D,0,,,Y,,Y,Y,C,02,1,0,0,0,0,0,0,0,1,"- ","- ",38.873069763183594,-121.11933898925781,PLACER,UNINCORPORATED,-121.11662292480469,38.872188568115234
91824560,2022,2022-07-27,9220,2022-07-21,1625,017027,,4,2,9,3100,0,2,4,,2,023,"BARTON RD","CAROLINDA DRIVE",55.00,N,N,A,-,N,,,,,,,,,,Y,2,0,2,2,A,-,01,23152,A,N,A,C,A,A,H,-,A,D,0,,,,,Y,Y,A,01,2,0,0,0,0,0,0,0,0,"- ","- ",38.752109527587891,-121.18940734863281,PLACER,UNINCORPORATED,-121.18938446044922,38.752002716064453
91826348,2022,2022-07-27,9220,2022-07-21,1938,016752,,4,2,9,3100,0,1,3,,2,293,SR-193,"HIDDEN ACRES LN",301.00,E,N,A,-,N,,,,,,,,,,N,2,0,1,1,A,-,08,22107,,N,F,I,A,A,H,-,A,D,0,,,Y,,Y,,C,02,1,0,0,0,0,0,0,0,1,"- ","- ",38.891288757324219,-121.19242095947266,PLACER,UNINCORPORATED,-121.19242095947266,38.891338348388672
91828905,2022,2022-07-29,9221,2022-04-26,1749,017979,,2,2,9,3100,0,1,1,,2,384,"I-80 W/B","GOLD RUN RD. O/C (AKA MAGRA RD.)",7392.00,W,N,A,-,Y,PLA,,80,,,39.975,H,,L,Y,1,1,0,1,A,-,08,22107,,N,F,A,A,A,H,-,A,D,0,,,Y,,Y,Y,C,02,0,0,0,0,0,0,0,1,0,"- ","- ",39.163478851318359,-120.87557220458984,PLACER,UNINCORPORATED,-120.87554931640625,39.163482666015625
91835125,2022,2022-08-08,9220,2022-07-15,1330,017863,,5,1,9,3100,0,3,5,,2,060,"MICHIGAN BLUFF RD.","SCHOOL ST.",60.00,S,N,A,-,N,,,,,,,,,,Y,2,0,2,2,A,-,01,23152,F,N,A,C,A,A,H,-,A,D,0,,,,,Y,,D,22,2,0,0,0,0,0,0,0,0,"- ","- ",39.041030883789062,-120.73490142822266,PLACER,UNINCORPORATED,-120.73491668701172,39.040988922119141
91843825,2022,2022-08-18,9220,2022-07-12,1500,017375,,2,2,9,3100,0,2,4,,2,062,"FORESTHILL ROAD","DRIVERS FLAT ROAD",5280.00,W,N,A,-,N,,,,,,,,,,Y,1,1,4,2,A,-,05,21460,A,N,A,C,A,A,H,-,A,D,0,,,,,Y,,A,01,2,2,0,0,0,0,0,0,0,"- ","- ",38.967830657958984,-120.95423126220703,PLACER,UNINCORPORATED,-120.94361114501953,38.975082397460938
91854672,2022,2022-08-31,9220,2022-08-28,1500,017818,,7,2,9,3100,0,3,5,,2,060,"MOSQUITO RIDGE RD","FOREST ROAD 23",31680.00,E,N,A,-,N,,,,,,,,,,N,2,0,1,1,A,-,03,22350,,N,F,A,A,A,H,-,A,D,0,,,Y,,Y,,C,02,1,0,0,0,0,0,0,0,1,"- ","- ",39.051799774169922,-120.63485717773438,PLACER,UNINCORPORATED,,
91856138,2022,2022-09-02,9220,2022-08-27,1447,017863,,6,2,9,3100,0,2,4,,2,062,"FORESTHILL RD.","LAKE CLEMENTINE RD.",1056.00,E,N,A,-,N,,,,,,,,,,N,2,0,1,1,A,-,01,23152,A,N,E,I,A,A,H,-,A,A,0,,,,,Y,Y,A,07,1,0,0,0,0,0,0,0,0,"- ","- ",38.936309814453125,-121.00009155273438,PLACER,UNINCORPORATED,-121.00003814697266,38.936485290527344
91870239,2022,2022-09-21,9221,2022-09-18,0400,017297,,7,3,9,3100,0,1,1,,2,386,"I-80 E/B","WHITMORE ROAD",849.00,W,N,B,C,Y,PLA,,80,,,50.589,H,,R,Y,2,0,1,1,A,-,03,22350,,N,E,I,A,B,H,-,C,D,0,,,,,Y,,A,01,1,0,0,0,0,0,0,0,0,"- ","- ",39.254421234130859,-120.73458862304688,PLACER,UNINCORPORATED,-120.73455810546875,39.254364013671875
91879128,2022,2022-09-30,9220,2022-07-21,2210,016657,,4,3,9,3100,0,1,3,,2,293,"STATE ROUTE 193","DUTCH COURT",60.00,W,N,A,-,Y,PLA,,193,,,6.948,H,,R,Y,1,2,0,1,A,-,03,22350,,N,E,I,A,A,H,-,D,D,0,,,,,Y,,A,01,0,0,0,0,0,0,0,0,0,"- ","- ",38.884471893310547,-121.17415618896484,PLACER,UNINCORPORATED,-121.1741943359375,38.884452819824219
91879193,2022,2022-09-30,9220,2022-09-25,1245,017397,,7,1,9,3100,0,1,1,,2,282,"I-80 W/B","GILARDI RD",120.00,E,N,A,-,Y,PLA,,80,,,12.325,H,,L,Y,2,0,2,1,A,-,03,22350,,N,F,0,A,A,H,-,A,D,0,,,Y,,Y,,C,02,2,0,0,0,0,0,0,0,2,"- ","- ",38.854801177978516,-121.14354705810547,PLACER,UNINCORPORATED,-121.14352416992188,38.854778289794922
91901078,2022,2022-10-27,9220,2022-10-26,1530,017027,,3,2,9,3100,0,2,4,,2,077,"AUBURN FOLSOM RD","SHIRLAND TRACT RD",0.00,,Y,A,-,N,,,,,,,,,,Y,2,0,2,2,A,-,09,21802,A,N,D,G,A,A,H,-,A,A,0,,Y,,,Y,,L,04,1,1,0,0,0,0,1,0,0,"- ","- ",38.855461120605469,-121.10122680664062,PLACER,UNINCORPORATED,-121.10118865966797,38.855464935302734
91905710,2022,2022-10-31,9220,2022-10-22,1255,016031,,6,1,9,3100,0,1,1,,2,282,"I-80 W/B","ROCK SPRINGS RD",1056.00,W,N,A,-,Y,PLA,,80,,,11.182,H,,L,Y,2,0,2,2,A,-,08,22107,,N,B,C,A,A,H,-,A,D,0,,,,,Y,,D,22,1,0,1,0,0,0,0,0,0,"- ","- ",38.842868804931641,-121.15798187255859,PLACER,UNINCORPORATED,-121.15799713134766,38.842884063720703
91911459,2022,2022-11-07,9220,2022-11-01,1330,017375,,2,1,9,3100,0,1,1,,2,283,"I-80 W/B","HEATHER GLEN DR",1584.00,W,N,C,-,Y,PLA,,80,,,27.013,H,,L,Y,2,0,1,1,A,-,03,22350,,N,E,I,A,B,F,-,A,D,0,,,,,Y,,A,07,1,0,0,0,0,0,0,0,0,"- ","- ",39.015419006347656,-120.98834991455078,PLACER,UNINCORPORATED,-120.98854827880859,39.015548706054688
91917104,2022,2022-11-14,9220,2022-10-26,0635,015491,,3,1,9,3100,0,3,5,,2,010,"SUNSET BOULEVARD WEST","SUTTER/PLACER COUNTY LINE",950.00,E,N,A,-,N,,,,,,,,,,N,2,0,2,2,A,-,08,22107,,N,A,C,A,A,H,-,B,D,0,,,,,Y,,A,07,2,0,0,0,0,0,0,0,0,"- ","- ",38.824321746826172,-121.46656799316406,PLACER,UNINCORPORATED,,
91922517,2022,2022-11-21,9220,2022-11-15,2333,016657,,2,3,9,3100,0,3,5,,2,010,"SUNSET BLVD W","AMORUSO WAY",1379.00,W,N,A,-,N,,,,,,,,,,Y,2,0,1,1,A,-,08,22107,,N,E,I,A,A,H,-,D,D,0,,,,,Y,,A,01,1,0,0,0,0,0,0,0,0,"- ","- ",38.824378967285156,-121.39581298828125,PLACER,UNINCORPORATED,-121.39575958251953,38.824337005615234
91925203,2022,2022-11-23,9222,2022-07-26,0623,016340,,2,1,9,3100,0,1,3,,1,014,"STATE ROUTE 28","GROVE STREET",459.00,W,N,A,-,Y,PLA,,28,,,0.413,H,,R,Y,1,1,1,3,A,-,01,23152,F,N,C,C,A,A,H,-,A,D,0,,,,,Y,,M,96,0,0,1,0,0,0,0,0,0,"- ","- ",39.17108154296875,-120.14093780517578,PLACER,UNINCORPORATED,-120.14084625244141,39.171005249023438
91928105,2022,2022-11-28,9220,2022-11-22,0925,018785,,2,1,9,3100,0,3,5,,2,070,"GILARDI ROAD","HERITAGE LANE",32.00,W,N,A,-,N,,,,,,,,,,N,2,0,1,1,A,-,08,22107,,N,H,A,A,A,H,-,A,D,0,,Y,,,Y,,L,04,1,0,0,0,0,0,1,0,0,"- ","- ",38.854148864746094,-121.15376281738281,PLACER,UNINCORPORATED,-121.15361022949219,38.854179382324219
91930142,2022,2022-11-30,9222,2022-11-19,1047,019548,,6,1,9,3100,0,1,3,,1,016,"STATE ROUTE 267","COMMONWEALTH DR",40.00,S,N,A,-,Y,PLA,,267,,,8.946,H,,R,N,2,0,1,2,A,-,11,21954,A,N,G,B,D,A,H,-,B,D,0,Y,,,,Y,,-,"- ",1,0,0,0,1,0,0,0,0,"- ","- ",39.250560760498047,-120.03485107421875,PLACER,UNINCORPORATED,-120.03478240966797,39.250598907470703
91932427,2022,2022-12-02,9220,2022-11-18,1520,017818,,5,2,5,3105,0,1,3,,1,265,"SR-65 S/B FROM PLEASANT GROVE BLVD W/B",SR-65,0.00,,Y,A,-,Y,,,,,,,,,,N,2,0,1,1,A,-,08,22107,,N,F,A,A,A,H,-,A,D,0,,,Y,,Y,,C,02,1,0,0,0,0,0,0,0,1,"- ","- ",38.785770416259766,-121.28529357910156,PLACER,ROSEVILLE,,
91935678,2022,2022-12-06,9221,2022-12-04,2110,018740,,7,2,9,3100,0,1,1,,2,386,"I-80 E/B","EMIGRANT GAP U/C",792.00,E,N,D,-,Y,PLA,,80,,R,56.243,H,,R,Y,2,0,1,2,A,-,01,23153,A,N,B,C,A,C,H,-,D,A,0,,,,Y,Y,Y,A,07,1,0,0,0,0,0,0,0,0,"- ","- ",39.302860260009766,-120.65798950195312,PLACER,UNINCORPORATED,-120.65794372558594,39.302749633789062
91936050,2022,2022-12-07,9220,2022-12-01,1635,017818,,4,2,9,3100,0,2,4,,2,064,"FORESTHILL RD","RANGE RD.",295.00,N,N,B,C,N,,,,,,,,,,Y,2,0,1,1,A,-,08,22107,,N,C,J,A,B,H,-,D,D,0,,,,,Y,,A,01,1,0,0,0,0,0,0,0,0,"- ","- ",38.941421508789062,-120.98854827880859,PLACER,UNINCORPORATED,,
91939836,2022,2022-12-12,9220,2022-12-08,1711,018785,,4,2,9,3100,0,2,4,,2,022,"DOUGLAS BOULEVARD E/B","SEENO AVENUE",30.00,W,N,B,C,N,,,,,,,,,,N,2,0,1,2,A,-,01,23152,A,F,B,D,A,B,D,-,C,A,0,,,,,Y,Y,A,01,1,0,0,0,0,0,0,0,0,"- ","- ",38.743770599365234,-121.21099090576172,PLACER,UNINCORPORATED,-121.2108154296875,38.743934631347656
91954562,2022,2022-12-28,9220,2022-12-26,2115,017027,,1,2,9,3100,0,1,3,,1,249,SR-49,"BELL RD",3.00,S,N,B,C,Y,PLA,,49,,,6.370,H,,R,N,2,0,1,2,A,-,11,21954,A,N,G,B,B,B,H,-,C,A,0,Y,,,,Y,,N,60,1,0,0,0,1,0,0,0,0,"- ","- ",38.941848754882812,-121.09715270996094,PLACER,UNINCORPORATED,-121.09696960449219,38.941883087158203
91969869,2022,2023-01-17,9222,2022-10-25,0910,019548,,2,1,9,3100,0,1,3,,1,014,"STATE ROUTE 28","OLD COUNTY ROAD",528.00,E,N,A,-,Y,PLA,,28,,,3.663,H,,R,Y,1,1,0,2,A,-,05,21460,A,N,B,C,A,A,H,-,A,A,0,,,,Y,Y,,D,22,0,0,0,0,0,0,0,0,0,"- ","- ",39.199459075927734,-120.09635162353516,PLACER,UNINCORPORATED,-120.09632873535156,39.199459075927734
92006737,2023,2023-03-01,9222,2023-02-21,1600,017091,,2,2,9,3100,0,1,3,,1,013,"STATE ROUTE 89","OLYMPIC VALLEY RD",1848.00,N,N,B,D,Y,PLA,,89," "," ",14.132,H,,R,Y,2,0,1,2,A,-,05,21650,,N,A,2,A,C,H,-,A,D,0,,,,,Y,,A,07,1,0,0,0,0,0,0,0,0,"- ","- ",39.210601806640625,-120.19862365722656,PLACER,UNINCORPORATED,-120.19856262207031,39.210617065429688
92012971,2023,2023-03-08,9220,2023-02-26,"800 ",019465,,7,1,9,3100,0,3,5,,2,020,"AUBURN FOLSOM ROAD","MUIR WAY",686.00,S,N,B,-,N,,,,,,,,,,Y,2,0,4,3,A,-,08,22107,,N,F,C,A,B,H,-,A,D,0,,,,,Y,,A,01,1,3,0,0,0,0,0,0,0,"- ","- ",38.726970672607422,-121.17529296875,PLACER,UNINCORPORATED,-121.17514801025391,38.726982116699219
92014946,2022,2023-03-10,9220,2022-11-25,1010,017762,,5,1,9,3100,0,2,4,,2,056,"BELL ROAD","QUARTZ DRIVE",1309.00,E,N,A,-,N,,,,,,,,,,N,1,1,0,2,A,-,08,22107,,N,G,B,E,A,H,-,A,D,0,Y,,,,Y,,A,01,0,0,0,1,0,0,0,0,0,"- ","- ",38.942581176757812,-121.08973693847656,PLACER,UNINCORPORATED,-121.08969116210938,38.942462921142578
92023852,2022,2023-03-21,9220,2022-12-13,0203,019621,,2,3,9,3100,0,3,5,,2,020,"SUNRISE BLVD","KENSINGTON DRIVE",375.00,S,N,A,-,N,,,,,,,,,,Y,1,1,0,2,A,-,11,21954,A,N,G,B,D,A,H,-,C,D,0,Y,,,,Y,,N,60,0,0,0,1,0,0,0,0,0,"- ","- ",38.721519470214844,-121.27205657958984,PLACER,UNINCORPORATED,-121.27206420898438,38.726131439208984
92035700,2023,2023-04-03,9221,2023-03-24,"820 ",019869,,5,1,9,3100,0,1,1,,2,386,"INTERSTATE 80","BLUE CANYON RD",5755.00,W,N,B,-,Y,PLA,,80," "," ",52.292,H,,R,Y,2,0,1,1,A,-,08,22107,,N,E,J,A,B,H,-,A,D,0,,,,,Y,,A,07,1,0,0,0,0,0,0,0,0,"- ","- ",39.27191162109375,-120.71417999267578,PLACER,UNINCORPORATED,-120.71427154541016,39.271953582763672
92042399,2023,2023-04-11,9220,2023-04-06,1642,016752,,4,2,9,3100,0,2,4,,2,075,"TAYLOR RD","OLD STATE HIGHWAY",792.00,E,N,B,-,N,,,,,,,,,,Y,2,0,1,2,A,-,05,21460,A,N,A,C,A,A,H,-,A,D,0,,,,Y,Y,,F,27,1,0,0,0,0,0,0,0,0,"- ","- ",38.875858306884766,-121.13549041748047,PLACER,UNINCORPORATED,-121.13534545898438,38.875865936279297
92046417,2023,2023-04-17,9220,2023-04-12,1920,020072,,3,2,9,3100,0,1,3,,1,265,"SR-65 N/B","FERRARI RANCH RD",4752.00,N,N,A,-,Y,PLA,,65," ",R,14.290,H,,R,Y,2,0,1,2,A,-,01,23152,A,N,B,C,A,A,H,-,A,D,0,,,Y,,Y,Y,C,02,1,0,0,0,0,0,0,0,1,"- ","- ",38.880229949951172,-121.31887054443359,PLACER,UNINCORPORATED,-121.31887054443359,38.880233764648438
92049609,2023,2023-04-20,9220,2023-04-10,"503 ",016657,,1,3,9,3100,0,1,3,,1,249,"SR-49 (GRASS VALLEY HIGHWAY)","HUMMINGBIRD LN",175.00,S,N,A,-,Y,PLA,,49," ",R,10.984,H,,R,Y,1,1,0,1,A,-,08,22107,,N,F,0,A,A,C,-,D,D,0,,,,,Y,,A,07,0,0,0,0,0,0,0,0,0,"- ","- ",39.006549835205078,-121.10646820068359,PLACER,UNINCORPORATED,-121.10633850097656,39.006523132324219
92051697,2023,2023-04-24,9220,2023-02-04,1215,017762,,6,1,9,3100,0,1,1,,2,282,"I-80 E/B","NEWCASTLE UNION PACIFIC OVERCROSSING",1284.00,E,N,B,-,Y,PLA,,80," "," ",14.148,H,,R,Y,1,1,9,7,A,-,01,23152,A,N,B,C,A,A,H,-,A,D,0,,,,,Y,Y,D,22,0,6,3,0,0,0,0,0,0,"- ","- ",38.877391815185547,-121.12870788574219,PLACER,UNINCORPORATED,-121.128662109375,38.877342224121094
92051920,2023,2023-04-24,9220,2023-04-15,"110 ",019830,,6,3,2,3103,0,1,3,,1,265,"SR-65 N/B OFF RAMP TO LINCOLN BLVD","LINCOLN BLVD.",366.00,S,N,A,-,Y,,,,,,,,,,Y,2,0,1,1,A,-,01,23152,A,N,E,I,A,A,H,-,C,D,0,,,Y,,Y,Y,C,02,1,0,0,0,0,0,0,0,1,"- ","- ",38.864940643310547,-121.30001068115234,PLACER,LINCOLN,-121.30001068115234,38.864940643310547
9205389,2020,2021-02-12,3105,2020-11-24,1006,1121,,2,5,5,3105,0,0,0,,0,006,"PLEASANT GROVE BL","FOOTHILLS BL",0.00,,Y,A,-,N,,,,,,,,,,Y,2,0,1,1,D,-,00,,,N,F,A,A,A,H,-,A,A,0,,,Y,,Y,,-,"- ",1,0,0,0,0,0,0,0,1,"- ","- ",38.772609710693359,-121.31285858154297,PLACER,ROSEVILLE,-121.31288146972656,38.772609710693359
92059947,2023,2023-05-03,9220,2023-04-11,1535,015917,,2,2,9,3100,0,2,4,,2,058,"DRY CREEK RD","BLACK OAK RD",340.00,E,N,A,-,N,,,,,,,,,,Y,2,0,2,2,A,-,05,21650,,N,A,C,A,A,H,-,A,D,0,,,,,Y,,A,07,1,1,0,0,0,0,0,0,0,"- ","- ",38.960330963134766,-121.06771087646484,PLACER,UNINCORPORATED,-121.06735229492188,38.960002899169922
9206308,2021,2021-03-17,3100,2021-01-13,0655,62,,3,5,2,3106,0,0,0,,0,LOP,"SWETZER RD","KING RD",0.00,,Y,A,-,N,,,,,,,,,,N,2,0,1,2,A,-,10,21950,A,N,G,B,B,A,H,-,B,A,0,Y,,,,Y,,-,,1,0,0,0,1,0,0,0,0,"- ","- ",,,PLACER,LOOMIS,-121.19239044189453,38.825126647949219
92067695,2023,2023-05-12,9220,2023-05-04,1744,017027,,4,2,9,3100,0,1,3,,1,249,"SR-49 (GRASS VALLEY HIGHWAY)","LONE STAR RD",528.00,S,N,B,-,Y,PLA,,49," ",R,10.140,H,,R,Y,2,0,2,2,A,-,01,23152,F,N,A,C,A,B,H,-,A,D,0,,,,,Y,,A,07,2,0,0,0,0,0,0,0,0,"- ","- ",38.994869232177734,-121.11058044433594,PLACER,UNINCORPORATED,-121.11045837402344,38.994819641113281
92077486,2023,2023-05-25,9220,2023-05-18,"340 ",019040,,4,3,5,3105,0,1,1,,2,281,"I-80 E/B","DOUGLAS BLVD",1200.00,W,N,D,-,Y,PLA,,80," "," ",1.526,H,,R,Y,2,0,1,2,A,-,01,23152,A,N,C,C,A,A,H,-,C,D,0,,,Y,,Y,Y,C,02,1,0,0,0,0,0,0,0,1,"- ","- ",38.738590240478516,-121.27516174316406,PLACER,ROSEVILLE,-121.27513122558594,38.738567352294922
9208906,2021,2021-03-16,3105,2021-01-02,1207,1062,,6,5,5,3105,0,0,0,,0,004,"VINEYARD RD","BRADY LN",0.00,,Y,C,-,N,,,,,,,,,,Y,2,0,1,2,A,-,12,22450,A,N,D,C,A,B,H,-,A,A,0,,,,,Y,,D,22,1,0,0,0,0,0,0,0,0,"- ","- ",38.743839263916016,-121.31376647949219,PLACER,ROSEVILLE,-121.31372833251953,38.743846893310547
92093452,2023,2023-06-14,9220,2023-06-09,2145,018548,,5,2,9,3100,0,3,5,,2,060,"FORESTHILL RD","TODD VALLEY RD",0.00,,Y,A,-,N,,,,,,,,,,Y,2,0,1,1,A,-,01,23152,A,N,A,J,A,A,H,-,D,D,0,,,,,Y,Y,A,01,1,0,0,0,0,0,0,0,0,"- ","- ",38.998069763183594,-120.87526702880859,PLACER,UNINCORPORATED,-120.87491607666016,38.998260498046875
92102363,2023,2023-06-26,9222,2023-06-15,2100,019294,,4,2,9,3100,0,3,5,,2,010,"BEAR STREET","SR 28",32.00,N,N,B,-,N,,,,,,,,,,N,2,0,2,2,D,-,00,,,N,B,G,A,A,H,-,C,D,0,,Y,,,Y,,-,"- ",1,1,0,0,0,0,2,0,0,"- ","- ",39.237018585205078,-120.02451324462891,PLACER,UNINCORPORATED,-120.02474975585938,39.236934661865234