CASE_ID,ACCIDENT_YEAR,PROC_DATE,JURIS,COLLISION_DATE,COLLISION_TIME,OFFICER_ID,REPORTING_DISTRICT,DAY_OF_WEEK,CHP_SHIFT,POPULATION,CNTY_CITY_LOC,SPECIAL_COND,BEAT_TYPE,CHP_BEAT_TYPE,CITY_DIVISION_LAPD,CHP_BEAT_CLASS,BEAT_NUMBER,PRIMARY_RD,SECONDARY_RD,DISTANCE,DIRECTION,INTERSECTION,WEATHER_1,WEATHER_2,STATE_HWY_IND,CALTRANS_COUNTY,CALTRANS_DISTRICT,STATE_ROUTE,ROUTE_SUFFIX,POSTMILE_PREFIX,POSTMILE,LOCATION_TYPE,RAMP_INTERSECTION,SIDE_OF_HWY,TOW_AWAY,COLLISION_SEVERITY,NUMBER_KILLED,NUMBER_INJURED,PARTY_COUNT,PRIMARY_COLL_FACTOR,PCF_CODE_OF_VIOL,PCF_VIOL_CATEGORY,PCF_VIOLATION,PCF_VIOL_SUBSECTION,HIT_AND_RUN,TYPE_OF_COLLISION,MVIW,PED_ACTION,ROAD_SURFACE,ROAD_COND_1,ROAD_COND_2,LIGHTING,CONTROL_DEVICE,CHP_ROAD_TYPE,PEDESTRIAN_ACCIDENT,BICYCLE_ACCIDENT,MOTORCYCLE_ACCIDENT,TRUCK_ACCIDENT,NOT_PRIVATE_PROPERTY,ALCOHOL_INVOLVED,STWD_VEHTYPE_AT_FAULT,CHP_VEHTYPE_AT_FAULT,COUNT_SEVERE_INJ,COUNT_VISIBLE_INJ,COUNT_COMPLAINT_PAIN,COUNT_PED_KILLED,COUNT_PED_INJURED,COUNT_BICYCLIST_KILLED,COUNT_BICYCLIST_INJURED,COUNT_MC_KILLED,COUNT_MC_INJURED,PRIMARY_RAMP,SECONDARY_RAMP,LATITUDE,LONGITUDE,COUNTY,CITY,POINT_X,POINT_Y
92113005,2023,2023-07-10,9220,2023-07-08,1938,019373,,6,2,9,3100,0,3,5,,2,060,"OLD FORESTHILL ROAD","FORESTHILL RD",3168.00,S,N,A,-,N,,,,,,,,,,N,2,0,1,1,A,-,03,22350,,N,E,I,A,A,H,-,A,D,0,,,Y,,Y,,C,02,1,0,0,0,0,0,0,0,1,"- ","- ",38.927211761474609,-121.00742340087891,PLACER,UNINCORPORATED,-121.05465698242188,38.923267364501953
9211624,2020,2021-02-18,3103,2020-12-15,1152,BROGE,L6,2,5,2,3103,0,0,0,,0,0L4,"E JOINER PKWY","DEL WEBB BL",0.00,,Y,A,-,N,,,,,,,,,,Y,1,1,1,2,A,-,08,22107,,N,B,C,A,A,H,-,A,D,0,,,,,Y,,M,96,1,0,0,0,0,0,0,0,0,"- ","- ",38.869281768798828,-121.29164123535156,PLACER,LINCOLN,-121.29165649414062,38.869289398193359
9211686,2020,2022-06-18,3105,2020-11-29,1810,1059,,7,5,5,3105,0,0,0,,0,004,"FOOTHILL BL","DENIO LP",1095.00,S,N,A,-,N,,,,,,,,,,Y,1,1,0,2,A,-,01,23152,G,F,B,C,A,A,H,-,D,A,0,,,Y,,Y,Y,C,02,0,0,0,0,0,0,0,1,0,"- ","- ",38.737380981445312,-121.30534362792969,PLACER,ROSEVILLE,-121.30322265625,38.736061096191406
92122780,2023,2023-07-21,9221,2023-07-07,1800,017669,,5,2,9,3100,0,3,5,,2,070,"MAGRA ROAD","RIVER RIDGE ROAD",5280.00,E,N,A,-,N,,,,,,,,,,N,2,0,1,1,C,-,18,,,N,H,H,A,A,H,-,A,D,0,,,Y,,Y,,-,"- ",1,0,0,0,0,0,0,0,1,"- ","- ",39.164348602294922,-120.87454986572266,PLACER,UNINCORPORATED,-120.87447357177734,39.164104461669922
92127702,2023,2023-07-27,9220,2023-07-18,1115,015272,,2,1,9,3100,0,2,4,,2,077,"AUBURN FOLSOM RD","NEWCASTLE RD",0.00,,Y,A,-,N,,,,,,,,,,Y,2,0,1,2,A,-,09,21802,A,N,D,C,A,A,H,-,A,A,0,,,,,Y,,D,22,1,0,0,0,0,0,0,0,0,"- ","- ",38.842758178710938,-121.11634063720703,PLACER,UNINCORPORATED,-121.11640930175781,38.842685699462891
92132211,2023,2023-07-31,9222,2023-07-23,1625,019294,,7,2,9,3100,0,1,3,,1,014,"SR 28","OLD COUNTY ROAD",350.00,W,N,A,-,Y,PLA,,28," "," ",3.476,H,,R,N,2,0,1,2,A,-,08,22107,,F,B,G,A,A,H,-,A,D,0,,Y,,,Y,Y,-,99,1,0,0,0,0,0,1,0,0,"- ","- ",39.197738647460938,-120.09909057617188,PLACER,UNINCORPORATED,-120.09912109375,39.197757720947266
92135234,2023,2023-08-03,9220,2023-07-31,1430,019133,,1,2,9,3100,0,2,4,,2,022,"DOUGLAS BLVD","SEENO AVE",859.00,W,N,A,-,N,,,,,,,,,,N,2,0,2,1,A,-,08,22107,,N,E,I,A,A,H,-,A,D,0,,,,,Y,,A,07,1,1,0,0,0,0,0,0,0,"- ","- ",38.743911743164062,-121.21381378173828,PLACER,UNINCORPORATED,-121.21371459960938,38.743850708007812
92139913,2023,2023-08-09,9220,2023-07-24,1225,017762,,1,1,9,3100,0,3,5,,2,040,"JOEGER RD.","LYNN LN.",0.00,,Y,A,-,N,,,,,,,,,,Y,2,0,1,2,A,-,05,21460,A,N,D,C,A,A,H,-,A,A,0,,,Y,,Y,,C,02,1,0,0,0,0,0,0,0,1,"- ","- ",38.937789916992188,-121.13231658935547,PLACER,UNINCORPORATED,-121.13056945800781,38.939418792724609
92140563,2023,2023-08-10,9222,2023-08-04,2215,022255,,5,3,9,3100,0,3,5,,2,010,"LANNY LN.","RUSSELL ROAD",255.00,E,N,A,-,N,,,,,,,,,,N,2,0,1,1,A,-,01,23152,A,N,F,A,A,A,H,-,D,D,0,,,Y,,Y,Y,C,02,1,0,0,0,0,0,0,0,1,"- ","- ",39.206371307373047,-120.21955871582031,PLACER,UNINCORPORATED,-120.2196044921875,39.20635986328125
92141790,2022,2023-08-11,9222,2022-09-26,2244,018515,,1,3,9,3100,0,1,3,,1,015,SR-28,"SAHARA DRIVE",13.00,E,N,A,-,Y,PLA,,28,,,6.550,H,,R,N,1,1,0,4,A,-,01,23153,A,N,G,1,E,A,D,-,C,A,0,Y,,,Y,Y,Y,A,01,0,0,0,1,0,0,0,0,0,"- ","- ",39.228950500488281,-120.07073974609375,PLACER,UNINCORPORATED,-120.07064056396484,39.228916168212891
92147436,2023,2023-08-18,9220,2023-06-16,1225,017762,,5,1,9,3100,0,2,4,,2,064,"FORESTHILL ROAD","GRAY EAGLE LANE",1056.00,W,N,A,-,N,,,,,,,,,,Y,1,1,0,1,A,-,08,22107,,N,E,I,A,A,H,-,A,D,0,,,,,Y,,A,07,0,0,0,0,0,0,0,0,0,"- ","- ",39.001010894775391,-120.89627838134766,PLACER,UNINCORPORATED,-120.89562225341797,39.001201629638672
92156254,2023,2023-08-28,9221,2023-08-18,1950,020567,,5,2,9,3100,0,3,5,,2,070,"IOWA HILL ROAD","INDEPENDENCE HILL RD",100.00,N,N,A,-,N,,,,,,,,,,Y,2,0,2,1,A,-,08,22107,,N,E,I,A,A,H,-,B,D,0,,,,,Y,,A,07,2,0,0,0,0,0,0,0,0,"- ","- ",39.115390777587891,-120.84831237792969,PLACER,UNINCORPORATED,-120.84822845458984,39.115459442138672
92171830,2023,2023-09-18,9221,2023-09-09,1735,020567,,6,2,9,3100,0,3,5,,2,070,"RIDGE ROAD (32000 BLOCK)","SACRAMENTO ST",500.00,N,N,A,-,N,,,,,,,,,,Y,2,0,1,1,A,-,01,23152,A,M,E,I,A,A,H,-,A,D,0,,,,,Y,Y,D,22,1,0,0,0,0,0,0,0,0,"- ","- ",39.194149017333984,-120.82997894287109,PLACER,UNINCORPORATED,-120.83008575439453,39.194057464599609
92176242,2023,2023-09-21,9220,2023-08-27,1500,017762,,7,2,9,3100,0,2,4,,2,042,"MOUNT VERNON RD.","VISTA ROBLE DR.",404.00,N,N,A,-,N,,,,,,,,,,Y,2,0,1,2,A,-,08,22107,,N,F,C,A,A,H,-,A,D,0,,,Y,,Y,,C,02,1,0,0,0,0,0,0,0,1,"- ","- ",38.923778533935547,-121.11614990234375,PLACER,UNINCORPORATED,-121.11618041992188,38.923809051513672
92178670,2023,2023-09-25,9220,2023-09-21,1827,017027,,4,2,9,3100,0,1,3,,1,249,"SR-49 (EL DORADO ST)","LINCOLN WAY",5808.00,S,N,A,-,Y,PLA,,49," "," ",1.172,H,,R,N,2,0,1,1,A,-,08,22107,,N,F,A,A,A,H,-,A,D,0,,,Y,,Y,,C,02,1,0,0,0,0,0,0,0,1,"- ","- ",38.906810760498047,-121.05271148681641,PLACER,UNINCORPORATED,-121.052734375,38.906818389892578
92186188,2023,2023-10-02,9220,2023-09-21,"416 ",020990,,4,3,9,3100,0,2,4,,1,013,"WALERGA ROAD","PFE ROAD",1430.00,N,N,A,-,N,,,,,,,,,,N,2,0,1,2,A,-,11,21954,A,N,G,B,D,A,H,-,D,D,0,Y,,,,Y,,N,60,1,0,0,0,1,0,0,0,0,"- ","- ",38.732879638671875,-121.36466217041016,PLACER,UNINCORPORATED,-121.36457061767578,38.732734680175781
92188873,2023,2023-10-03,9220,2023-07-27,1255,017375,,4,1,9,3100,0,2,4,,2,046,"BELL ROAD","HUBBARD ROAD",2640.00,N,N,A,-,N,,,,,,,,,,Y,1,1,0,1,A,-,08,22107,,N,E,I,A,A,H,-,A,D,0,,,,,Y,,A,01,0,0,0,0,0,0,0,0,0,"- ","- ",38.970920562744141,-121.13526916503906,PLACER,UNINCORPORATED,-121.13519287109375,38.970394134521484
92188878,2023,2023-10-03,9220,2023-07-30,2046,019465,,7,2,9,3100,0,1,3,,1,267,SR-65,"RIOSA ROAD",3168.00,N,N,A,-,Y,PLA,,65," ",L,23.883,H,,R,Y,1,4,1,3,A,-,01,23152,G,N,B,C,A,A,H,-,B,D,0,,,,,Y,Y,A,01,0,1,0,0,0,0,0,0,0,"- ","- ",38.988250732421875,-121.38722991943359,PLACER,UNINCORPORATED,-121.38720703125,38.988262176513672
92223395,2023,2023-11-02,9220,2023-10-26,"600 ",016429,,4,1,9,3100,0,2,4,,2,056,"BELL RD","SKYLINE DR",740.00,E,N,E,-,N,,,,,,,,,,Y,1,1,3,2,A,-,05,21460,A,N,A,C,A,B,H,-,C,D,0,,,,,Y,,A,07,1,2,0,0,0,0,0,0,0,"- ","- ",38.945228576660156,-121.05864715576172,PLACER,UNINCORPORATED,-121.0587158203125,38.945247650146484
92229031,2023,2023-11-06,9220,2023-10-19,1225,017762,,4,1,9,3100,0,3,5,,2,040,"MILLERTOWN RD.","MOUNT VERNON RD",37.00,S,N,A,-,N,,,,,,,,,,N,2,0,1,2,A,-,03,22350,,N,A,G,A,A,H,-,A,D,0,,Y,,,Y,,A,01,1,0,0,0,0,0,1,0,0,"- ","- ",38.912128448486328,-121.09365844726562,PLACER,UNINCORPORATED,-121.09364318847656,38.912258148193359
92229153,2023,2023-11-06,9221,2023-10-25,1554,017979,,3,2,9,3100,0,3,5,,2,070,"PLACER HILLS RD.","CANA LANE",300.00,N,N,C,-,N,,,,,,,,,,Y,2,0,3,1,A,-,03,22350,,N,F,J,A,B,H,-,A,A,0,,,,,Y,,D,22,1,1,1,0,0,0,0,0,0,"- ","- ",39.073020935058594,-120.97328186035156,PLACER,UNINCORPORATED,-120.97319030761719,39.072776794433594
92229191,2023,2024-01-25,9222,2023-10-28,1806,019781,,6,2,9,3100,0,1,3,,1,014,SR-28,"ROCKY RIDGE RD",1056.00,W,N,A,-,Y,PLA,,28," "," ",1.264,H,,R,Y,2,0,2,2,A,-,01,23152,A,F,A,C,A,A,H,-,B,D,0,,,,,Y,Y,D,22,2,0,0,0,0,0,0,0,0,"- ","- ",39.179889678955078,-120.13011169433594,PLACER,UNINCORPORATED,-120.13010406494141,39.179885864257812
92234013,2023,2023-11-13,9221,2023-11-02,2340,018624,,4,3,9,3100,0,1,1,,2,388,"W/B I-80 JWO RAINBOW","RAINBOW UNDERCROSSING (DONNER PASS)",4637.00,W,N,A,-,Y,PLA,,80," ",R,65.458,H,,L,Y,2,0,1,1,A,-,01,23152,G,N,E,I,A,A,H,-,D,D,0,,,,,Y,Y,A,01,1,0,0,0,0,0,0,0,0,"- ","- ",39.313518524169922,-120.51522827148438,PLACER,UNINCORPORATED,-120.51515197753906,39.313373565673828
92238089,2023,2023-11-16,9221,2023-07-15,1850,017669,,6,2,9,3100,0,1,1,,2,386,"I-80 E/B","YUBA GAP",3696.00,W,N,A,-,Y,PLA,,80," ",R,58.229,H,,R,Y,1,1,0,2,A,-,01,23152,F,N,C,C,A,A,H,-,A,D,0,,,Y,Y,Y,,C,02,0,0,0,0,0,0,0,1,0,"- ","- ",39.313949584960938,-120.62599182128906,PLACER,UNINCORPORATED,-120.62602233886719,39.313987731933594
92240991,2023,2023-11-20,9220,2023-11-10,2207,019830,,5,3,9,3100,0,3,5,,2,010,"ANTELOPE ROAD","PFE ROAD",528.00,S,N,F,-,N,,,,,,,,,,Y,2,0,1,1,A,-,01,23152,A,N,E,8,A,A,H,-,D,D,0,,,,,Y,Y,D,22,1,0,0,0,0,0,0,0,0,"- ","- ",38.727321624755859,-121.32760620117188,PLACER,UNINCORPORATED,-121.32755279541016,38.727680206298828
92245478,2023,2023-11-27,9220,2023-11-14,"730 ",017027,,2,1,9,3100,0,1,3,,1,249,"SR-49 (GRASS VALLEY HIGHWAY)","MARGUERITE MINE RD",50.00,N,N,A,-,Y,PLA,,49," "," ",4.570,H,,R,Y,2,0,1,2,A,-,03,22350,,N,C,C,A,A,H,-,A,D,0,,,,,Y,,A,07,1,0,0,0,0,0,0,0,0,"- ","- ",38.918941497802734,-121.08129119873047,PLACER,UNINCORPORATED,-121.08125305175781,38.918952941894531
92246486,2023,2023-11-28,9220,2023-11-15,1855,018526,,3,2,9,3100,0,1,3,,1,267,"SR-65 S/B","NICOLAUS ROAD",2904.00,S,N,B,-,Y,PLA,,65," ",R,16.860,H,,L,Y,2,0,2,2,A,-,08,22107,,N,B,2,A,B,H,-,D,D,0,,,,,Y,,A,01,1,1,0,0,0,0,0,0,0,"- ","- ",38.889980316162109,-121.36354827880859,PLACER,UNINCORPORATED,-121.36355590820312,38.889976501464844
92249151,2023,2023-11-30,9222,2023-11-24,1525,019294,,5,2,9,3100,0,1,3,,1,015,"SR 28","STAG DRIVE",536.00,E,N,A,-,Y,PLA,,28," "," ",7.610,H,,R,Y,2,0,6,3,A,-,01,23152,A,M,A,C,A,A,H,-,A,D,0,,,,,Y,Y,A,01,1,5,0,0,0,0,0,0,0,"- ","- ",39.238361358642578,-120.06088256835938,PLACER,UNINCORPORATED,-120.06086730957031,39.238346099853516
92263127,2023,2023-12-15,9221,2023-12-08,1623,019565,,5,2,9,3100,0,3,5,,2,070,"RICHARDSON DR","DRY CREEK RD",95.00,S,N,A,-,N,,,,,,,,,,N,2,0,1,2,A,-,17,21200,,N,B,G,A,A,H,-,A,D,0,,Y,,,Y,Y,L,04,1,0,0,0,0,0,1,0,0,"- ","- ",38.956161499023438,-121.10613250732422,PLACER,UNINCORPORATED,-121.10608673095703,38.956253051757812
92266132,2023,2023-12-19,9220,2023-12-11,1622,021255,,1,2,9,3100,0,2,4,,2,027,"AUBURN FOLSOM ROAD","PARK PLACE",130.00,N,N,A,-,N,,,,,,,,,,Y,2,0,1,2,A,-,09,21801,A,N,D,C,A,A,H,-,A,D,0,,,Y,,Y,,A,01,1,0,0,0,0,0,0,0,1,"- ","- ",38.740779876708984,-121.17053985595703,PLACER,UNINCORPORATED,-121.17062377929688,38.740707397460938
92273517,2023,2023-12-28,9220,2023-12-20,1858,017027,,3,2,9,3100,0,1,3,,1,249,"SR-49 (GRASS VALLEY HWY)","KEMPER RD",425.00,S,N,B,-,Y,PLA,,49," "," ",5.541,H,,R,N,2,0,1,2,A,-,11,21954,A,N,G,B,E,A,H,-,D,D,0,Y,,,,Y,Y,N,60,1,0,0,0,1,0,0,0,0,"- ","- ",38.931209564208984,-121.09004211425781,PLACER,UNINCORPORATED,-121.08980560302734,38.931327819824219
92280492,2023,2024-01-05,9221,2023-12-08,2355,018624,,5,3,9,3100,0,1,1,,2,384,"I-80 E/B","CAPE HORN RD UNDER CROSSING",3432.00,W,N,A,-,Y,PLA,,80," "," ",36.315,H,,R,Y,2,0,3,2,A,-,01,23152,A,N,A,C,A,B,H,-,D,D,0,,,,,Y,Y,D,22,1,2,0,0,0,0,0,0,0,"- ","- ",39.137641906738281,-120.92913055419922,PLACER,UNINCORPORATED,-120.92910766601562,39.137630462646484
92308313,2024,2024-02-07,9220,2024-01-30,2150,018768,,2,2,9,3100,0,3,5,,2,010,"TINKER ROAD","INDUSTRIAL AVE",565.00,E,N,A,-,N,,,,,,,,,,N,2,0,1,2,A,-,11,21955,,N,G,B,D,A,H,-,D,D,0,Y,,,Y,Y,,N,60,1,0,0,0,1,0,0,0,0,"- ","- ",38.811840057373047,-121.3050537109375,PLACER,UNINCORPORATED,-121.30530548095703,38.811824798583984
92326527,2024,2024-02-29,9220,2024-01-30,1330,014512,,2,1,9,3100,0,3,5,,2,030,"CROSBY HEROLD ROAD","WISE ROAD",0.00,,Y,A,-,N,,,,,,,,,,Y,2,0,1,2,A,-,12,22450,A,F,D,G,A,A,H,-,A,A,0,,Y,,,Y,,-,"- ",1,0,0,0,0,0,1,0,0,"- ","- ",38.926528930664062,-121.24687957763672,PLACER,UNINCORPORATED,-121.24678039550781,38.926528930664062
92351666,2024,2024-04-01,9220,2024-03-01,1535,021719,,5,2,9,3100,0,2,4,,2,027,"AUBURN FOLSOM RD","WOODCHASE DR",140.00,N,N,B,C,N,,,,,,,,,,Y,1,1,0,1,A,-,08,22107,,N,E,8,A,A,H,-,A,D,0,,,,,Y,,D,22,0,0,0,0,0,0,0,0,0,"- ","- ",38.722469329833984,-121.17495727539062,PLACER,UNINCORPORATED,-121.17507171630859,38.722175598144531
92374210,2024,2024-04-24,9221,2024-04-17,"648 ",018213,,3,1,9,3100,0,1,1,,2,386,"I-80 W/B","CRYSTAL LAKE RD",4778.00,W,N,A,-,Y,PLA,,80," ",R,58.295,H,,L,Y,2,0,2,1,A,-,08,22107,,N,E,I,A,A,H,-,A,D,0,,,,,Y,,A,07,2,0,0,0,0,0,0,0,0,"- ","- ",39.312889099121094,-120.62976837158203,PLACER,UNINCORPORATED,-120.62974548339844,39.312862396240234
92379401,2024,2024-05-01,9222,2024-02-26,1423,016852,,1,2,9,3100,0,1,3,,1,014,"STATE ROUTE 28 (SR-28) [NORTH LAKE BOULEVARD]","CHINQUAPIN ROAD",645.00,W,N,F,-,Y,PLA,,28," "," ",3.347,H,,R,N,1,1,0,1,A,-,01,23152,A,N,E,I,A,C,H,-,A,D,0,,,,,Y,Y,-,"- ",0,0,0,0,0,0,0,0,0,"- ","- ",39.195789337158203,-120.09938812255859,PLACER,UNINCORPORATED,-120.09940338134766,39.195793151855469
92381501,2024,2024-05-03,9220,2024-04-13,2205,020520,,6,3,9,3100,0,2,4,,2,022,"DOUGLAS BLVD","CAVITT STALLMAN RD",0.00,,Y,B,-,N,,,,,,,,,,Y,2,0,2,2,A,-,01,23152,A,N,C,C,A,A,H,-,C,A,0,,,,,Y,Y,A,01,1,1,0,0,0,0,0,0,0,"- ","- ",38.743759155273438,-121.22341918945312,PLACER,UNINCORPORATED,-121.22325134277344,38.743740081787109
92386199,2024,2024-08-14,9220,2024-05-03,"725 ",019266,,5,1,5,3105,0,1,1,,2,281,"I-80 EASTBOUND","CIRBY WAY",275.00,E,N,A,-,Y,PLA,,80," "," ",0.751,H,,R,Y,2,0,1,1,A,-,01,23152,A,N,E,I,A,A,H,-,A,D,0,,,,,Y,Y,A,01,1,0,0,0,0,0,0,0,0,"- ","- ",38.730060577392578,-121.28456878662109,PLACER,ROSEVILLE,-121.28448486328125,38.730003356933594
92391753,2024,2024-05-16,9220,2024-02-16,2500,015917,,5,4,9,3100,0,2,4,,2,066,"MOSQUITO RIDGE RD","FR 23",23760.00,E,N,B,-,N,,,,,,,,,,N,1,1,0,1,A,-,03,22350,,N,H,I,A,B,H,-,D,D,0,,,,,Y,,A,01,0,0,0,0,0,0,0,0,0,"- ","- ",39.039798736572266,-120.67356109619141,PLACER,UNINCORPORATED,,
92400437,2024,2024-05-28,9220,2024-05-03,"633 ",017863,,5,1,9,3100,0,1,3,,1,249,"SR-49 (GRASS VALLEY HIGHWAY)","SHALE RIDGE RD.",0.00,,Y,A,-,Y,PLA,,49," "," ",7.157,H,,R,Y,2,0,2,2,A,-,09,21453,C,N,A,C,A,A,H,-,A,A,0,,,,,Y,,A,01,1,1,0,0,0,0,0,0,0,"- ","- ",38.953018188476562,-121.10056304931641,PLACER,UNINCORPORATED,-121.10054016113281,38.953022003173828
92401380,2024,2024-05-29,9222,2024-05-20,2030,020259,,1,2,9,3100,0,1,3,,1,013,SR-89,"SUGAR PINE ROAD",486.00,S,N,A,-,Y,PLA,,89," "," ",5.206,H,,R,Y,2,0,1,1,A,-,01,23152,A,N,E,I,A,A,H,-,D,A,0,,,Y,,Y,Y,C,02,1,0,0,0,0,0,0,0,1,"- ","- ",39.125080108642578,-120.16280364990234,PLACER,UNINCORPORATED,-120.16266632080078,39.125102996826172
92402319,2024,2024-05-30,9220,2024-04-15,1847,018532,,1,2,9,3100,0,2,4,,1,013,"WALERGA ROAD","DOYLE RANCH DRIVE",0.00,,Y,A,-,N,,,,,,,,,,Y,1,1,2,2,A,-,01,23152,A,N,D,2,A,A,H,-,A,A,0,,,,,Y,Y,A,01,1,1,0,0,0,0,0,0,0,"- ","- ",38.740230560302734,-121.36469268798828,PLACER,UNINCORPORATED,-121.36466979980469,38.740318298339844
92405357,2024,2024-06-04,9220,2024-05-21,1115,021255,,2,1,5,3105,0,1,1,,2,281,"I-80 E/B","CIRBY WAY",575.00,W,N,A,-,Y,PLA,,80," "," ",0.625,H,,R,Y,2,0,2,2,A,-,08,22107,,N,B,C,A,A,H,-,A,D,0,,,Y,,Y,Y,A,07,1,1,0,0,0,0,0,0,1,"- ","- ",38.728649139404297,-121.28600311279297,PLACER,ROSEVILLE,-121.28598022460938,38.7286376953125
92420558,2024,2024-06-21,9220,2024-06-06,1619,020392,,4,2,5,3105,0,1,1,,2,281,"INTERSTATE 80 WESTBOUND","ATLANTIC STREET",590.00,E,N,A,-,Y,PLA,,80," "," ",3.187,H,,L,Y,2,0,1,3,A,-,01,23152,A,N,C,C,A,A,H,-,A,D,0,,,,Y,Y,Y,A,07,1,0,0,0,0,0,0,0,0,"- ","- ",38.759700775146484,-121.26068115234375,PLACER,ROSEVILLE,-121.26071166992188,38.759712219238281
92424992,2024,2024-06-27,9221,2024-06-15,1447,018213,,6,2,9,3100,0,3,5,,2,070,"FORESTHILL RD","FOREST SERVICE ROAD 13",5386.00,W,N,A,-,N,,,,,,,,,,N,2,0,1,2,A,-,03,22350,,N,D,C,A,A,H,-,A,D,0,,Y,,,Y,,L,04,1,0,0,0,0,0,1,0,0,"- ","- ",39.185588836669922,-120.55473327636719,PLACER,UNINCORPORATED,-120.62529754638672,39.1776123046875
92428882,2022,2024-07-02,9222,2022-08-26,1320,017515,,5,1,9,3100,0,1,3,,1,013,"STATE ROUTE 89","GOOSE MEADOW CAMPGROUND",2640.00,N,N,C,-,Y,PLA,,89,,,17.966,H,,R,Y,1,1,2,4,A,-,05,21460,,N,B,C,A,A,H,-,A,D,0,,,,Y,Y,,F,26,0,1,1,0,0,0,0,0,0,"- ","- ",39.265899658203125,-120.21022796630859,PLACER,UNINCORPORATED,-120.21019744873047,39.265892028808594
92431302,2024,2024-07-05,9221,2024-06-22,"930 ",022146,,6,1,9,3100,0,1,1,,2,386,"I-80 E/B","DRUM FOREBAY RD.",4013.00,E,N,A,-,Y,PLA,,80," "," ",49.761,H,,R,Y,2,0,2,1,C,-,18,,,N,F,I,A,D,B,D,A,D,0,,,Y,,Y,,-,"- ",1,1,0,0,0,0,0,0,2,"- ","- ",39.245510101318359,-120.74492645263672,PLACER,UNINCORPORATED,-120.74491119384766,39.245498657226562
92434977,2024,2024-07-10,9222,2024-07-02,1248,021958,,2,1,9,3100,0,3,5,,2,010,"ALPINE RD","SNOW CREST RD",1100.00,W,N,A,-,N,,,,,,,,,,Y,2,0,1,1,A,-,08,22107,,N,E,J,A,A,H,-,A,D,0,,,Y,,Y,,C,02,1,0,0,0,0,0,0,0,1,"- ","- ",39.183090209960938,-120.21250915527344,PLACER,UNINCORPORATED,,
92436462,2024,2024-07-11,9220,2024-07-05,"850 ",021079,,5,1,9,3100,0,3,5,,2,070,"CALLISON RD","CLARK TUNNEL RD",1200.00,E,N,A,-,N,,,,,,,,,,N,2,0,1,1,A,-,08,22107,,N,F,A,A,A,H,-,A,D,0,,,Y,,Y,,C,02,1,0,0,0,0,0,0,0,1,"- ","- ",38.862678527832031,-121.16683197021484,PLACER,UNINCORPORATED,-121.16968536376953,38.861103057861328
92439367,2024,2024-07-15,9220,2024-07-05,2235,019830,,5,3,9,3100,0,1,1,,2,283,"I-80 EASTBOUND","PLACER HILLS RD O/C",3168.00,E,N,A,-,Y,PLA,,80," "," ",24.082,H,,R,Y,2,0,2,1,A,-,01,23152,A,N,B,8,A,A,H,-,D,D,0,,,,,Y,,A,01,1,0,1,0,0,0,0,0,0,"- ","- ",38.976871490478516,-121.01200103759766,PLACER,UNINCORPORATED,-121.01206207275391,38.976898193359375
9256413,2021,2021-07-29,3101,2021-07-05,1626,A728,AU08,1,5,3,3101,0,0,0,,0,0A2,"SACRAMENTO ST","SACRAMENTO ST 360",0.00,,Y,A,-,N,,,,,,,,,,Y,2,0,1,1,C,-,18,,,N,E,J,A,A,H,-,A,D,0,,,,,Y,,-,"- ",1,0,0,0,0,0,0,0,0,"- ","- ",38.887409210205078,-121.07613372802734,PLACER,AUBURN,,
9256452,2021,2023-06-17,3100,2021-06-26,2147,62,,6,5,1,3102,0,0,0,,0,COC,"N MAIN ST","DEPOT ST",120.00,N,N,A,-,N,,,,,,,,,,Y,1,1,0,1,A,-,08,22107,,N,E,I,A,A,H,-,C,D,0,,,Y,,Y,Y,C,02,0,0,0,0,0,0,0,1,0,"- ","- ",,,PLACER,COLFAX,-120.95281219482422,39.101734161376953
9256503,2021,2023-06-17,3105,2021-01-08,2028,140,,5,5,5,3105,0,0,0,,0,002,"SUNRISE AV","COLOMA WY",0.00,,Y,A,-,N,,,,,,,,,,Y,1,1,0,2,A,-,05,21650,1,N,D,G,A,A,H,-,C,A,0,,Y,,,Y,,L,04,0,0,0,0,0,1,0,0,0,"- ","- ",38.736778259277344,-121.27201080322266,PLACER,ROSEVILLE,-121.27201080322266,38.736774444580078
9256992,2021,2021-06-11,3105,2021-04-26,1820,1158,,1,5,5,3105,0,0,0,,0,003,"BEN EZRA AV","FOLSOM RD",391.00,W,N,A,-,N,,,,,,,,,,N,2,0,1,2,A,-,09,21804,A,F,D,G,A,A,H,-,A,D,0,,Y,,Y,Y,Y,L,04,1,0,0,0,0,0,1,0,0,"- ","- ",38.745700836181641,-121.27751159667969,PLACER,ROSEVILLE,-121.27806854248047,38.745498657226562