CASE_ID,ACCIDENT_YEAR,PROC_DATE,JURIS,COLLISION_DATE,COLLISION_TIME,OFFICER_ID,REPORTING_DISTRICT,DAY_OF_WEEK,CHP_SHIFT,POPULATION,CNTY_CITY_LOC,SPECIAL_COND,BEAT_TYPE,CHP_BEAT_TYPE,CITY_DIVISION_LAPD,CHP_BEAT_CLASS,BEAT_NUMBER,PRIMARY_RD,SECONDARY_RD,DISTANCE,DIRECTION,INTERSECTION,WEATHER_1,WEATHER_2,STATE_HWY_IND,CALTRANS_COUNTY,CALTRANS_DISTRICT,STATE_ROUTE,ROUTE_SUFFIX,POSTMILE_PREFIX,POSTMILE,LOCATION_TYPE,RAMP_INTERSECTION,SIDE_OF_HWY,TOW_AWAY,COLLISION_SEVERITY,NUMBER_KILLED,NUMBER_INJURED,PARTY_COUNT,PRIMARY_COLL_FACTOR,PCF_CODE_OF_VIOL,PCF_VIOL_CATEGORY,PCF_VIOLATION,PCF_VIOL_SUBSECTION,HIT_AND_RUN,TYPE_OF_COLLISION,MVIW,PED_ACTION,ROAD_SURFACE,ROAD_COND_1,ROAD_COND_2,LIGHTING,CONTROL_DEVICE,CHP_ROAD_TYPE,PEDESTRIAN_ACCIDENT,BICYCLE_ACCIDENT,MOTORCYCLE_ACCIDENT,TRUCK_ACCIDENT,NOT_PRIVATE_PROPERTY,ALCOHOL_INVOLVED,STWD_VEHTYPE_AT_FAULT,CHP_VEHTYPE_AT_FAULT,COUNT_SEVERE_INJ,COUNT_VISIBLE_INJ,COUNT_COMPLAINT_PAIN,COUNT_PED_KILLED,COUNT_PED_INJURED,COUNT_BICYCLIST_KILLED,COUNT_BICYCLIST_INJURED,COUNT_MC_KILLED,COUNT_MC_INJURED,PRIMARY_RAMP,SECONDARY_RAMP,LATITUDE,LONGITUDE,COUNTY,CITY,POINT_X,POINT_Y
92602357,2024,2024-07-25,9221,2024-07-19,1735,020032,,5,2,9,3100,0,1,1,,2,384,"I-80 W/B SR-174 OFF-RAMP","SR-174 O/C",375.00,W,N,A,-,Y,PLA,,80," "," ",33.059,H,,L,N,2,0,1,1,B,-,22,,,N,H,A,A,A,H,-,A,A,0,,,Y,,Y,,C,02,1,0,0,0,0,0,0,0,1,"- ","- ",39.094818115234375,-120.9500732421875,PLACER,UNINCORPORATED,-120.94975280761719,39.094795227050781
9268825,2021,2021-05-25,3105,2021-05-07,1958,1118,,5,5,5,3105,0,0,0,,0,007,"TELLURIDE WY","CASTLE ROCK WY",0.00,,Y,-,-,N,,,,,,,,,,N,2,0,1,2,A,-,12,22450,A,N,D,G,A,A,H,-,B,D,0,,Y,,,Y,,L,04,1,0,0,0,0,0,1,0,0,"- ","- ",38.782329559326172,-121.39045715332031,PLACER,ROSEVILLE,-121.39054107666016,38.782321929931641
9281071,2021,2021-07-27,3105,2021-06-18,1241,1114,,5,5,5,3105,0,0,0,,0,002,"EUREKA RD","NORTH SUNRISE AV",736.00,E,N,A,-,N,,,,,,,,,,Y,2,0,2,2,A,-,08,22107,,N,D,C,A,A,H,-,A,A,0,,,,Y,Y,,F,26,1,1,0,0,0,0,0,0,0,"- ","- ",38.755599975585938,-121.25511932373047,PLACER,ROSEVILLE,-121.25321960449219,38.754230499267578
9281321,2021,2021-08-19,3101,2021-07-22,0733,A341,AU122,4,5,3,3101,0,0,0,,0,0A1,"ELM AV","RT 80",0.00,,N,A,-,N,,,,,,,,,,Y,2,0,1,2,A,-,08,22107,,N,B,C,A,A,H,-,A,D,0,,,Y,,Y,,D,22,1,0,0,0,0,0,0,0,1,"- ","- ",38.903438568115234,-121.07135772705078,PLACER,AUBURN,-121.07187652587891,38.903308868408203
9297955,2021,2021-08-18,3101,2021-07-17,1048,A341,AU08,6,5,3,3101,0,0,0,,0,0A2,"PACIFIC AV","MEADOWLARK CT",0.00,,Y,A,-,N,,,,,,,,,,N,2,0,1,2,A,-,09,21801,A,N,A,G,A,A,H,-,A,D,0,,Y,,,Y,,A,07,1,0,0,0,0,0,1,0,0,"- ","- ",38.885959625244141,-121.07408142089844,PLACER,AUBURN,-121.07405853271484,38.885929107666016
9299784,2021,2021-10-16,3105,2021-08-05,1719,1142,,4,5,5,3105,0,0,0,,0,003,"CIRBY WY","LINDSAY WAY",300.00,W,N,A,-,N,,,,,,,,,,Y,2,0,2,2,A,-,09,21804,A,N,D,C,A,A,H,-,A,D,0,,,,,Y,,A,01,1,1,0,0,0,0,0,0,0,"- ","- ",38.729339599609375,-121.29560089111328,PLACER,ROSEVILLE,-121.29575347900391,38.729351043701172
9302208,2021,2021-08-27,3105,2021-07-03,0245,1100,,6,5,5,3105,0,0,0,,0,002,"CIRBY WY","MEADOW OAKS DR",300.00,E,N,A,-,N,,,,,,,,,,Y,2,0,1,1,C,-,18,,,N,E,I,A,A,H,-,C,D,0,,,,,Y,,-,"- ",1,0,0,0,0,0,0,0,0,"- ","- ",38.729541778564453,-121.26631164550781,PLACER,ROSEVILLE,-121.26528930664062,38.72955322265625
9320034,2021,2021-11-04,3105,2021-06-28,2347,178,,1,5,5,3105,0,0,0,,0,003,"ATLANTIC ST","WILLS RD",728.00,W,N,A,-,N,,,,,,,,,,Y,1,1,1,1,A,-,03,22350,,N,D,I,A,A,H,-,C,A,0,,,,,Y,,A,01,1,0,0,0,0,0,0,0,0,"- ","- ",,,PLACER,ROSEVILLE,-121.27042388916016,38.757713317871094
9320362,2021,2022-02-08,3105,2021-10-11,0215,1059,,1,5,5,3105,0,0,0,,0,001,"E ROSEVILLE PW","ROCKY RIDGE DR",315.00,S,N,A,-,N,,,,,,,,,,Y,1,1,0,1,A,-,08,22107,,N,E,I,A,A,H,-,C,D,0,,,,,Y,,A,01,0,0,0,0,0,0,0,0,0,"- ","- ",38.752971649169922,-121.24288177490234,PLACER,ROSEVILLE,-121.24301910400391,38.752120971679688
9320368,2021,2022-02-09,3101,2021-11-09,1416,A711,AU15,2,5,3,3101,0,0,0,,0,0A1,"MIKKELSEN DR","AUBURN RAVINE RD",257.00,N,N,C,-,N,,,,,,,,,,N,1,1,0,2,A,-,11,21954,A,N,G,B,D,B,G,-,A,D,0,Y,,,,Y,,A,01,0,0,0,1,0,0,0,0,0,"- ","- ",38.908500671386719,-121.0732421875,PLACER,AUBURN,-121.07299041748047,38.908123016357422
9320913,2022,2022-07-27,3105,2022-04-08,0104,1056,,5,5,5,3105,0,0,0,,0,003,"SUNRISE AV","FRANCES DR",352.00,N,N,A,-,N,,,,,,,,,,Y,1,1,1,1,A,-,01,23152,A,N,E,I,A,A,H,-,C,A,0,,,Y,,Y,Y,C,02,1,0,0,0,0,0,0,1,1,"- ","- ",,,PLACER,ROSEVILLE,-121.27200317382812,38.741134643554688
9348350,2021,2021-11-05,3105,2021-09-17,0704,1056,,5,5,5,3105,0,0,0,,0,003,"ROSEVILLE RD","FIR AV",415.00,S,N,A,-,N,,,,,,,,,,Y,2,0,2,2,A,-,05,21650,,N,A,C,A,A,H,-,A,D,0,,,,,Y,,A,01,2,0,0,0,0,0,0,0,0,"- ","- ",,,PLACER,ROSEVILLE,-121.30813598632812,38.723564147949219
9348468,2021,2021-11-09,3105,2021-09-22,1848,1094,,3,5,5,3105,0,0,0,,0,004,"WASHINGTON BL","KASEBERG DR",0.00,,Y,A,-,N,,,,,,,,,,Y,2,0,1,1,A,-,01,23152,A,N,E,I,A,A,D,-,B,D,0,,,,,Y,Y,A,01,1,0,0,0,0,0,0,0,0,"- ","- ",38.765098571777344,-121.29910278320312,PLACER,ROSEVILLE,-121.29917144775391,38.765052795410156
9370651,2021,2021-12-29,3105,2021-11-29,1800,1160,,1,5,5,3105,0,0,0,,0,003,"VERNON ST","2ND ST",100.00,N,N,A,-,N,,,,,,,,,,N,2,0,1,2,A,-,11,21954,A,N,D,B,D,A,H,-,C,D,0,Y,,,,Y,,N,60,1,0,0,0,1,0,0,0,0,"- ","- ",38.743888854980469,-121.29062652587891,PLACER,ROSEVILLE,-121.29209136962891,38.742786407470703
9389657,2021,2022-02-07,3103,2021-12-29,2140,TBROW,L5,3,5,2,3103,0,0,0,,0,0L3,"LINCOLN BL","7TH ST",0.00,,-,A,-,N,,,,,,,,,,Y,2,0,1,1,A,-,08,22107,,N,F,A,A,A,H,-,D,D,0,,,,,Y,,A,07,1,0,0,0,0,0,0,0,0,"- ","- ",38.894458770751953,-121.29408264160156,PLACER,LINCOLN,-121.29298400878906,38.894435882568359
9414137,2022,2022-03-16,3101,2022-01-08,1620,A711,AU12,6,5,3,3101,0,0,0,,0,0A1,"GRASS VALLEY HWY","PERSIMMON TER",500.00,N,N,A,-,Y,PLA,3,49,-,-,4.020,H,-,N,Y,2,0,2,2,A,-,03,22350,,N,B,C,A,A,H,-,A,D,0,,,Y,,Y,,C,02,2,0,0,0,0,0,0,0,2,"- ","- ",38.910419464111328,-121.07721710205078,PLACER,AUBURN,-121.07740783691406,38.911762237548828
9414850,2021,2022-02-28,3101,2021-12-10,2303,A737,AUA,5,5,3,3101,0,0,0,,0,0A1,"EARHART AV","EARHART AV 12765",0.00,,N,A,-,N,,,,,,,,,,Y,2,0,1,1,A,-,01,23152,,M,F,J,A,A,H,-,C,D,0,,,,,Y,Y,A,01,1,0,0,0,0,0,0,0,0,"- ","- ",38.950920104980469,-121.08628845214844,PLACER,AUBURN,,
9426459,2022,2022-04-12,3101,2022-02-14,1817,A737,AU12,1,5,3,3101,0,0,0,,0,0A1,"GRASS VALLEY HWY","PALM AV",206.00,N,Y,A,-,Y,PLA,3,49,-,-,3.830,H,-,N,Y,2,0,1,2,A,-,00,21954,,N,G,B,E,A,H,-,D,D,0,Y,,,,Y,,N,60,1,0,0,0,1,0,0,0,0,"- ","- ",38.910419464111328,-121.07721710205078,PLACER,AUBURN,-121.07698822021484,38.909065246582031
94269827,2024,2024-08-13,9220,2024-07-30,1700,021164,,2,2,9,3100,0,3,5,,2,060,"PONDEROSA WAY","WHITEHAWK RIDGE COURT",2650.00,N,N,A,-,N,,,,,,,,,,N,2,0,2,1,A,-,01,23152,A,N,E,I,A,A,H,-,A,D,0,,,,,Y,Y,D,22,1,1,0,0,0,0,0,0,0,"- ","- ",39.004951477050781,-120.92170715332031,PLACER,UNINCORPORATED,-120.92125701904297,39.003856658935547
9432579,2022,2022-08-24,3105,2022-07-20,2108,1124,,3,5,5,3105,0,0,0,,0,004,"DOUGLAS BL","HARDING BL",630.00,E,N,A,-,Y,PLA,3,80,-,-,2.009,R,4,W,Y,2,0,2,2,A,-,03,22350,,N,H,G,A,A,H,-,C,D,0,,Y,Y,,Y,Y,C,02,2,0,0,0,0,0,1,0,1,"- ","- ",38.743991851806641,-121.27435302734375,PLACER,ROSEVILLE,-121.27057647705078,38.744518280029297
94360904,2024,2024-08-19,9221,2024-08-15,"600 ",017979,,4,1,9,3100,0,3,5,,2,070,"RIDGE RD","FROST HILL RD",3168.00,N,N,A,-,N,,,,,,,,,,N,2,0,1,1,A,-,08,22107,,N,F,A,A,A,H,-,B,D,0,,,,,Y,,A,07,1,0,0,0,0,0,0,0,0,"- ","- ",39.203060150146484,-120.82942199707031,PLACER,UNINCORPORATED,-120.82937622070312,39.203094482421875
94367758,2024,2024-08-23,9220,2024-08-15,2020,017375,,4,2,9,3100,0,2,4,,2,058,"DRY CREEK RD","BLACK ROCK ROAD",951.00,E,N,A,-,N,,,,,,,,,,N,2,0,2,1,A,-,01,23152,A,N,E,I,A,A,H,-,D,D,0,,,,,Y,Y,A,01,1,1,0,0,0,0,0,0,0,"- ","- ",38.958988189697266,-121.06565093994141,PLACER,UNINCORPORATED,,
94369729,2024,2024-08-26,9222,2024-08-11,2145,021958,,7,2,9,3100,0,1,3,,1,015,SR28,"BEAR ST",50.00,W,N,A,-,Y,PLA,,28," "," ",9.701,H,,R,N,2,0,1,2,A,-,11,21950,B,N,A,B,D,A,H,-,C,A,0,Y,,,,Y,,N,60,1,0,0,0,1,0,0,0,0,"- ","- ",39.23699951171875,-120.02493286132812,PLACER,UNINCORPORATED,-120.02496337890625,39.236953735351562
94374072,2024,2024-10-14,9220,2024-08-22,1645,018532,,4,2,9,3100,0,2,4,,1,011,"WATT AVENUE","DYER LANE",0.00,,Y,A,-,N,,,,,,,,,,Y,2,0,2,2,A,-,09,21802,A,N,D,C,A,A,H,-,A,A,0,,,,,Y,,A,01,1,1,0,0,0,0,0,0,0,"- ","- ",38.736110687255859,-121.39260101318359,PLACER,UNINCORPORATED,-121.39257049560547,38.736118316650391
9438462,2022,2022-04-25,3101,2022-03-22,1739,A737,AU09,2,5,3,3101,0,0,0,,0,0A2,"AUBURN FOLSOM RD","RACETRACK ST & FAIRGATE RD",0.00,,N,A,-,N,,,,,,,,,,N,2,0,1,1,A,-,"- ",,,N,E,I,A,A,H,-,A,A,0,,,,,Y,,A,01,1,0,0,0,0,0,0,0,0,"- ","- ",38.891101837158203,-121.07630157470703,PLACER,AUBURN,-121.07627868652344,38.891132354736328
94386877,2024,2024-09-09,9220,2024-08-13,1430,015917,,2,2,9,3100,0,1,3,,1,249,"SR-49 (GRASS VALLEY HIGHWAY)","LONE STAR RD",1478.00,S,N,A,-,Y,PLA,,49," ",R,10.043,H,,R,Y,2,0,1,2,A,-,07,21658,A,N,B,C,A,A,D,-,A,D,0,,,,,Y,,A,01,1,0,0,0,0,0,0,0,0,"- ","- ",38.993511199951172,-121.11096954345703,PLACER,UNINCORPORATED,-121.11098480224609,38.993511199951172
94387274,2024,2024-09-09,9220,2024-08-31,2330,019830,,6,3,9,3100,0,2,4,,2,064,"FORESTHILL RD","UPPER TODD VALLEY RD",475.00,W,N,A,-,N,,,,,,,,,,Y,2,0,1,1,A,-,08,22107,,N,E,8,A,A,H,-,D,D,0,,,,,Y,,A,01,1,0,0,0,0,0,0,0,0,"- ","- ",39.000160217285156,-120.86344146728516,PLACER,UNINCORPORATED,-120.87647247314453,38.998744964599609
94395585,2024,2024-09-16,9220,2024-09-07,"8   ",020990,,6,3,5,3105,0,1,1,,2,281,"I-80 WESTBOUND","TAYLOR ROAD",60.00,W,N,A,-,Y,PLA,,80," "," ",3.644,H,,L,N,2,0,1,3,A,-,01,23152,A,N,C,C,A,A,H,-,C,D,0,,,,Y,Y,Y,A,01,1,0,0,0,0,0,0,0,0,"- ","- ",38.765480041503906,-121.25618743896484,PLACER,ROSEVILLE,-121.25611877441406,38.765415191650391
94416395,2024,2024-10-02,9220,2024-09-26,1453,014512,,4,2,9,3100,0,3,5,,2,010,"BASELINE ROAD","PALLADAY ROAD",0.00,,Y,A,-,N,,,,,,,,,,Y,2,0,2,2,A,-,05,21460,A,N,D,C,A,A,H,-,A,A,0,,,Y,,Y,,C,02,1,1,0,0,0,0,0,0,1,"- ","- ",38.751590728759766,-121.43904876708984,PLACER,UNINCORPORATED,-121.43914031982422,38.751625061035156
94418559,2024,2024-10-03,9220,2024-09-12,2014,017027,,4,2,9,3100,0,3,5,,2,040,"EDGEWOOD RD","SR-49 (GRASS VALLEY HIGHWAY)",810.00,W,N,A,-,N,,,,,,,,,,N,1,1,0,2,A,-,11,21954,A,N,G,B,E,A,H,-,D,D,0,Y,,,,Y,,N,60,0,0,0,1,0,0,0,0,0,"- ","- ",38.920291900634766,-121.08512878417969,PLACER,UNINCORPORATED,-121.08499145507812,38.920322418212891
94440357,2024,2024-10-22,9220,2024-10-16,1505,017306,,3,2,5,3105,0,1,3,,1,265,"SR-65 S/B","BLUE OAKS BLVD",1742.00,S,N,A,-,Y,PLA,,65," ",R,7.729,H,,L,Y,2,0,1,3,A,-,03,22350,,N,B,C,A,A,H,-,A,D,0,,,Y,,Y,,C,02,1,0,0,0,0,0,0,0,1,"- ","- ",38.791709899902344,-121.29371643066406,PLACER,ROSEVILLE,-121.29373168945312,38.791702270507812
94451285,2024,2024-10-30,9220,2024-09-16,"850 ",017306,,1,1,9,3100,0,3,5,,2,030,"RIOSA ROAD","STATE ROUTE 65",20.00,E,N,A,-,Y,PLA,,65," ",L,23.183,H,,R,Y,1,1,0,1,A,-,08,22107,,N,E,I,A,A,H,-,A,A,0,,,,,Y,Y,A,07,0,0,0,0,0,0,0,0,0,"- ","- ",38.978801727294922,-121.38224792480469,PLACER,UNINCORPORATED,-121.38243103027344,38.978748321533203
94479201,2024,2024-11-21,9220,2024-09-18,1341,016429,,3,1,3,3101,0,2,S,,2,901,"NEVADA ST","PLACER ST",0.00,,Y,B,-,N,,,,,,,,,,Y,2,0,1,2,A,-,09,21802,A,N,A,C,A,A,H,-,A,A,0,,,Y,,Y,,D,22,1,0,0,0,0,0,0,0,1,"- ","- ",38.897178649902344,-121.07980346679688,PLACER,AUBURN,-121.07986450195312,38.897136688232422
94487615,2024,2024-11-29,9220,2024-11-09,2247,020520,,6,3,9,3100,0,3,5,,2,010,"SOUTH LOOP ROAD","WEST SUNSET BOULEVARD",462.00,S,N,A,-,N,,,,,,,,,,N,2,0,2,1,A,-,01,23152,A,N,E,8,A,A,H,-,D,D,0,,,Y,,Y,Y,C,02,1,1,0,0,0,0,0,0,2,"- ","- ",38.815860748291016,-121.30400848388672,PLACER,UNINCORPORATED,-121.30403900146484,38.815952301025391
94493548,2024,2024-12-05,9220,2024-12-02,1420,018548,,1,2,9,3100,0,3,5,,2,050,"RAY CIR","CHRISTIAN VALLEY RD",314.00,E,N,A,-,N,,,,,,,,,,N,2,0,1,1,A,-,01,23152,A,N,F,A,A,A,H,-,A,D,0,,,Y,,Y,Y,C,06,1,0,0,0,0,0,0,0,1,"- ","- ",38.984100341796875,-121.07257843017578,PLACER,UNINCORPORATED,-121.07263946533203,38.984035491943359
94510762,2024,2024-12-19,9220,2024-12-19,1100,016429,,4,1,9,3100,0,2,4,,2,077,"AUBURN FOLSOM RD","ROBIN LN",169.00,S,N,B,-,N,,,,,,,,,,Y,2,0,1,1,A,-,08,22107,,N,E,I,A,A,H,-,A,D,0,,,,,Y,,-,"- ",1,0,0,0,0,0,0,0,0,"- ","- ",38.831871032714844,-121.12174987792969,PLACER,UNINCORPORATED,-121.12177276611328,38.831661224365234
94516815,2024,2024-12-26,9220,2024-12-22,1555,021079,,7,2,9,3100,0,1,3,,1,249,"SR-49 (GRASS VALLEY HIGHWAY)","JOEGER RD",10.00,S,N,B,-,Y,PLA,,49," ",R,7.953,H,,L,Y,2,0,1,1,A,-,01,23152,A,N,E,I,A,A,H,-,A,D,0,,,,,Y,Y,A,01,1,0,0,0,0,0,0,0,0,"- ","- ",38.963809967041016,-121.10436248779297,PLACER,UNINCORPORATED,-121.10409545898438,38.963855743408203
94523545,2024,2025-01-02,9220,2024-12-24,1824,019200,,2,2,9,3100,0,3,5,,2,040,"DRY CREEK ROAD","RICHARDSON DRIVE",0.00,,Y,B,-,N,,,,,,,,,,N,2,0,1,2,A,-,01,23152,A,N,D,C,A,B,H,-,D,D,0,,,,,Y,Y,A,01,1,0,0,0,0,0,0,0,0,"- ","- ",38.956478118896484,-121.10604858398438,PLACER,UNINCORPORATED,-121.10606384277344,38.956508636474609
9456434,2022,2022-07-13,3101,2022-05-10,1059,A737,AU12,2,5,3,3101,0,0,0,,0,0A1,"NEVADA ST","ANDREWS ST",28.00,N,N,A,-,Y,PLA,3,80,-,-,17.264,R,4,W,Y,2,0,2,1,A,-,03,22350,,N,E,I,A,A,H,-,A,D,0,,,,,Y,,A,01,2,0,0,0,0,0,0,0,0,"- ","- ",38.896930694580078,-121.07975006103516,PLACER,AUBURN,-121.07855987548828,38.897182464599609
94580018,2025,2025-02-14,9220,2025-01-29,"335 ",020520,,3,3,5,3105,0,1,3,,1,265,"SR-65 S/B","TAYLOR ROAD U/C",1079.00,N,N,A,-,Y,PLA,,65," ",R,5.303,H,,L,Y,2,0,2,2,A,-,01,23152,G,N,B,8,A,A,H,-,C,D,0,,,,,Y,Y,A,01,1,0,1,0,0,0,0,0,0,"- ","- ",38.773151397705078,-121.25552368164062,PLACER,ROSEVILLE,-121.25550842285156,38.773174285888672
9458684,2022,2023-02-01,3103,2022-04-18,1242,BSCHN,L6,1,5,2,3103,0,0,0,,0,0L4,"FERRARI RANCH RD","SUN CITY BL",0.00,,Y,A,-,N,,,,,,,,,,N,1,1,0,2,A,-,10,21950,A,N,G,B,B,A,H,-,A,A,0,Y,,,,Y,,D,22,0,0,0,1,0,0,0,0,0,"- ","- ",38.884979248046875,-121.28436279296875,PLACER,LINCOLN,-121.28440856933594,38.884876251220703
94601651,2025,2025-03-18,9220,2025-03-02,1235,019465,,7,1,9,3100,0,2,4,,2,042,"MOUNT VERNON ROAD","ATWOOD DRIVE",650.00,S,N,B,C,N,,,,,,,,,,Y,2,0,1,1,A,-,03,22350,,N,E,I,A,B,H,-,A,D,0,,,,,Y,,A,01,1,0,0,0,0,0,0,0,0,"- ","- ",38.930530548095703,-121.12287139892578,PLACER,UNINCORPORATED,-121.12649536132812,38.931980133056641
9461680,2022,2022-07-08,3105,2022-06-02,1711,1127,,4,5,5,3105,0,0,0,,0,006,"FOOTHILLS BL","JUNCTION BL",617.00,N,N,A,-,N,,,,,,,,,,N,2,0,2,3,A,-,09,21804,A,N,G,G,E,A,H,-,A,D,0,Y,Y,,,Y,,A,01,1,0,1,0,1,0,1,0,0,"- ","- ",38.759128570556641,-121.31002044677734,PLACER,ROSEVILLE,-121.31008148193359,38.7608642578125
94646187,2025,2025-04-11,9220,2025-04-03,2350,021521,,4,3,9,3100,0,2,4,,2,027,"AUBURN FOLSOM RD","CAVITT STALLMAN RD",135.00,N,N,A,-,N,,,,,,,,,,Y,2,0,1,1,A,-,01,23152,A,N,E,I,A,A,H,-,C,D,0,,,,,Y,Y,D,22,1,0,0,0,0,0,0,0,0,"- ","- ",38.766929626464844,-121.16175842285156,PLACER,UNINCORPORATED,-121.16233062744141,38.766616821289062
94656505,2025,2025-04-21,9220,2025-04-09,1635,016031,,3,2,9,3100,0,1,1,,2,283,"I-80 W/B","RUSSELL RD",1508.00,E,N,A,-,Y,PLA,,80," ",R,19.170,H,,L,Y,2,0,1,2,A,-,08,22107,,N,D,C,A,A,H,-,A,D,0,,,,,Y,,A,01,1,0,0,0,0,0,0,0,0,"- ","- ",38.919578552246094,-121.05976867675781,PLACER,UNINCORPORATED,-121.05984497070312,38.919605255126953
94664487,2024,2025-04-25,9220,2024-08-04,"412 ",020990,,7,3,9,3100,0,2,4,,2,015,"INDUSTRIAL AVE","LON MCANALLY LOOP",241.00,N,N,A,-,N,,,,,,,,,,N,1,1,0,3,A,-,00,21760,B,F,C,6,A,A,H,-,D,D,0,,Y,,,Y,Y,A,01,0,0,0,0,0,1,0,0,0,"- ","- ",38.827068328857422,-121.30706787109375,PLACER,UNINCORPORATED,,
94664625,2024,2025-04-25,9220,2024-10-24,2132,020520,,4,2,5,3105,0,1,1,,2,281,"I-80 E/B","ATLANTIC STREET O/C",115.00,E,N,A,-,Y,PLA,,80," "," ",3.101,H,,R,Y,1,1,0,1,A,-,05,21651,B,N,E,I,A,A,H,-,C,D,0,,,,,Y,,A,07,0,0,0,0,0,0,0,0,0,"- ","- ",38.758560180664062,-121.26132202148438,PLACER,ROSEVILLE,-121.26119232177734,38.758510589599609
9466793,2022,2023-02-28,3105,2022-12-14,1502,1059,,3,5,5,3105,0,0,0,,0,005,"ROSEVILLE PKWY","PLEASANT GROVE BL",17.00,N,N,A,-,N,,,,,,,,,,Y,2,0,4,4,A,-,00,23104,A,N,D,C,A,A,H,-,A,A,0,,,,,Y,,A,01,2,1,1,0,0,0,0,0,0,"- ","- ",38.782970428466797,-121.26795959472656,PLACER,ROSEVILLE,-121.28833770751953,38.778266906738281
94683415,2025,2025-05-12,9220,2025-05-02,"858 ",014512,,5,1,9,3100,0,3,5,,2,030,"WEST WISE ROAD","SHERIDAN LINCOLN BLVD",0.00,,Y,A,-,N,,,,,,,,,,Y,2,0,3,2,A,-,12,22450,A,N,D,C,A,A,H,-,A,A,0,,,,Y,Y,,A,08,1,2,0,0,0,0,0,0,0,"- ","- ",38.926441192626953,-121.33721923828125,PLACER,UNINCORPORATED,-121.33722686767578,38.926475524902344
94696283,2024,2025-05-21,9220,2024-12-23,"554 ",018526,,1,3,9,3100,0,1,3,,1,249,"SR-49 (GRASS VALLEY HIGHWAY)","JOEGER RD",371.00,S,N,B,-,Y,PLA,,49," ",R,7.878,H,,R,Y,1,1,0,2,A,-,08,22107,,N,D,C,A,B,H,-,D,D,0,,,,Y,Y,,A,01,0,0,0,0,0,0,0,0,0,"- ","- ",38.962848663330078,-121.10359954833984,PLACER,UNINCORPORATED,-121.10358428955078,38.962852478027344
94699038,2025,2025-05-23,9220,2025-05-11,2055,021255,,7,2,9,3100,0,2,4,,1,012,"BASELINE ROAD","COUNTRY ACRES LN",4224.00,E,N,A,-,N,,,,,,,,,,Y,2,0,3,2,A,-,01,23152,F,N,A,C,A,A,H,-,D,D,0,,,,,Y,,A,07,2,1,0,0,0,0,0,0,0,"- ","- ",38.751701354980469,-121.41790771484375,PLACER,UNINCORPORATED,,
94701848,2025,2025-05-27,9220,2025-03-07,"914 ",014512,,5,1,9,3100,0,1,3,,1,267,SR-65,"RIOSA ROAD",3326.00,N,N,A,-,Y,PLA,,65," ",L,23.824,H,,R,Y,1,1,1,2,A,-,05,21460,A,N,A,C,A,A,H,-,A,D,0,,,,,Y,,A,01,1,0,0,0,0,0,0,0,0,"- ","- ",38.987548828125,-121.38658142089844,PLACER,UNINCORPORATED,-121.38661193847656,38.987533569335938
94716338,2025,2025-06-06,9220,2025-05-25,2005,021719,,7,2,9,3100,0,2,4,,2,062,"FORESTHILL RD","PONDEROSA WAY",1373.00,S,N,A,-,N,,,,,,,,,,N,2,0,2,2,A,-,01,23152,F,N,A,C,A,A,H,-,D,D,0,,,,,Y,,A,07,2,0,0,0,0,0,0,0,0,"- ","- ",38.994258880615234,-120.92217254638672,PLACER,UNINCORPORATED,-120.92218017578125,38.994312286376953
94718506,2025,2025-06-09,9220,2025-05-26,1325,015917,,1,1,9,3100,0,3,5,,2,060,"CHURCH ST","GRANITE CHIEF DR",55.00,W,N,A,-,N,,,,,,,,,,Y,2,0,1,1,A,-,03,22350,,N,E,8,A,A,H,-,A,D,0,,,,,Y,,A,07,1,0,0,0,0,0,0,0,0,"- ","- ",39.018451690673828,-120.81069183349609,PLACER,UNINCORPORATED,-120.81118011474609,39.018459320068359
94760729,2025,2025-07-14,9220,2025-06-30,1400,020465,,1,2,9,3100,0,2,4,,2,066,"MOSQUITO RIDGE ROAD","GREEKSTORE ROAD",12144.00,W,N,A,-,N,,,,,,,,,,N,2,0,1,1,A,-,08,22107,,N,F,A,A,A,H,-,A,D,0,,,Y,,Y,,C,02,1,0,0,0,0,0,0,0,1,"- ","- ",39.062019348144531,-120.58291625976562,PLACER,UNINCORPORATED,,
94812909,2024,2025-08-21,9221,2024-04-26,"921 ",019869,,5,1,9,3100,0,1,1,,2,386,"INTERSTATE 80 EASTBOUND","DRUM FOREBAY RD",994.80,E,N,B,D,Y,PLA,,80," "," ",49.831,H,,R,Y,1,1,1,1,A,-,08,22107,,N,E,I,A,B,H,-,A,D,0,,,,,Y,,D,22,1,0,0,0,0,0,0,0,0,"- ","- ",39.246288299560547,-120.74407958984375,PLACER,UNINCORPORATED,-120.74402618408203,39.246257781982422
9481445,2022,2022-08-05,3105,2022-07-22,2241,1086,,5,5,5,3105,0,0,0,,0,005,"ROSEVILLE PKWY","GIBSON DR",823.00,E,N,A,-,N,,,,,,,,,,Y,2,0,1,2,A,-,01,23152,A,N,C,D,A,A,H,-,C,D,0,,,Y,,Y,Y,C,02,1,0,0,0,0,0,0,0,1,"- ","- ",,,PLACER,ROSEVILLE,-121.28197479248047,38.777397155761719