CASE_ID,ACCIDENT_YEAR,PROC_DATE,JURIS,COLLISION_DATE,COLLISION_TIME,OFFICER_ID,REPORTING_DISTRICT,DAY_OF_WEEK,CHP_SHIFT,POPULATION,CNTY_CITY_LOC,SPECIAL_COND,BEAT_TYPE,CHP_BEAT_TYPE,CITY_DIVISION_LAPD,CHP_BEAT_CLASS,BEAT_NUMBER,PRIMARY_RD,SECONDARY_RD,DISTANCE,DIRECTION,INTERSECTION,WEATHER_1,WEATHER_2,STATE_HWY_IND,CALTRANS_COUNTY,CALTRANS_DISTRICT,STATE_ROUTE,ROUTE_SUFFIX,POSTMILE_PREFIX,POSTMILE,LOCATION_TYPE,RAMP_INTERSECTION,SIDE_OF_HWY,TOW_AWAY,COLLISION_SEVERITY,NUMBER_KILLED,NUMBER_INJURED,PARTY_COUNT,PRIMARY_COLL_FACTOR,PCF_CODE_OF_VIOL,PCF_VIOL_CATEGORY,PCF_VIOLATION,PCF_VIOL_SUBSECTION,HIT_AND_RUN,TYPE_OF_COLLISION,MVIW,PED_ACTION,ROAD_SURFACE,ROAD_COND_1,ROAD_COND_2,LIGHTING,CONTROL_DEVICE,CHP_ROAD_TYPE,PEDESTRIAN_ACCIDENT,BICYCLE_ACCIDENT,MOTORCYCLE_ACCIDENT,TRUCK_ACCIDENT,NOT_PRIVATE_PROPERTY,ALCOHOL_INVOLVED,STWD_VEHTYPE_AT_FAULT,CHP_VEHTYPE_AT_FAULT,COUNT_SEVERE_INJ,COUNT_VISIBLE_INJ,COUNT_COMPLAINT_PAIN,COUNT_PED_KILLED,COUNT_PED_INJURED,COUNT_BICYCLIST_KILLED,COUNT_BICYCLIST_INJURED,COUNT_MC_KILLED,COUNT_MC_INJURED,PRIMARY_RAMP,SECONDARY_RAMP,LATITUDE,LONGITUDE,COUNTY,CITY,POINT_X,POINT_Y
9504021,2022,2022-10-13,3105,2022-05-06,2230,140,,5,5,5,3105,0,0,0,,0,002,"S CIRBY WY","NIGHTHAWK CIR",0.00,,Y,A,-,N,,,,,,,,,,Y,1,1,0,2,A,-,11,21954,A,N,A,B,D,A,H,-,C,D,0,Y,,,,Y,,N,60,0,0,0,1,0,0,0,0,0,"- ","- ",38.726940155029297,-121.25105285644531,PLACER,ROSEVILLE,-121.25208282470703,38.727909088134766
9507976,2022,2022-10-25,3105,2022-08-27,0651,1178,,6,5,5,3105,0,0,0,,0,007,"FIDDYMENT RD","PRAIRIE TOWN WY",0.00,,Y,A,-,N,,,,,,,,,,Y,2,0,1,2,A,-,04,21703,,N,C,C,A,A,H,-,A,D,0,,,Y,,Y,,C,02,1,0,0,0,0,0,0,0,1,"- ","- ",38.802131652832031,-121.3548583984375,PLACER,ROSEVILLE,,
9508270,2022,2022-11-07,3101,2022-09-10,1840,A716,AU09,6,5,3,3101,0,0,0,,0,0A2,"COLLEGE WY","AUBURN FOLSOM RD",0.00,,Y,A,-,N,,,,,,,,,,N,2,0,1,1,A,-,01,23152,,N,E,I,A,A,H,-,A,D,0,,,,,Y,Y,-,,1,0,0,0,0,0,0,0,0,"- ","- ",38.896270751953125,-121.07527923583984,PLACER,AUBURN,-121.07527160644531,38.896297454833984
9520159,2022,2023-02-01,3104,2022-10-02,0945,275,17,7,5,4,3104,0,0,0,,0,004,"STANFORD RANCH RD","HARVEST RD",0.00,,Y,A,-,N,,,,,,,,,,Y,1,1,0,2,A,-,10,21950,A,N,G,B,B,A,H,-,A,A,0,Y,,,,Y,,A,01,0,0,0,1,0,0,0,0,0,"- ","- ",38.817459106445312,-121.2716064453125,PLACER,ROCKLIN,-121.27162933349609,38.817466735839844
9520221,2022,2023-01-11,3104,2022-10-19,0847,283,7,3,5,4,3104,0,0,0,,0,004,"WHITNEY RANCH PKWY","UNIVERSITY AV",0.00,,Y,A,-,N,,,,,,,,,,Y,1,1,3,3,A,-,12,22450,A,N,D,-,A,A,H,-,A,A,0,,,,,Y,,A,01,2,1,0,0,0,0,0,0,0,"- ","- ",38.830928802490234,-121.29297637939453,PLACER,ROCKLIN,-121.29325866699219,38.830986022949219
9520357,2022,2023-02-02,3103,2022-09-27,0735,BCSHN,L6,2,5,2,3103,0,0,0,,0,0L4,"VIOLET LN","TERA LN",575.00,E,N,A,-,N,,,,,,,,,,N,1,1,0,2,A,-,10,21952,,N,G,B,F,A,H,-,A,D,0,Y,,,,Y,,A,07,0,0,0,1,0,0,0,0,0,"- ","- ",38.876289367675781,-121.27465057373047,PLACER,LINCOLN,-121.27416229248047,38.876361846923828
9520519,2022,2023-05-24,3105,2022-10-07,1712,140,,5,5,5,3105,0,0,0,,0,006,"WASHINGTON BL","INDUSTRIAL AV",0.00,,Y,A,-,N,,,,,,,,,,Y,1,1,0,2,A,-,01,23152,F,N,D,C,A,A,H,-,A,A,0,,,Y,,Y,,C,02,0,0,0,0,0,0,0,1,0,"- ","- ",38.777149200439453,-121.30380249023438,PLACER,ROSEVILLE,-121.30381774902344,38.777164459228516
9532615,2022,2022-11-29,3101,2022-10-11,1807,A803,AU12,2,5,3,3101,0,0,0,,0,0A1,"GRASS VALLEY HWY","PERSIMMON TR",0.00,,Y,A,-,N,,,,,,,,,,N,2,0,1,2,B,-,22,,,N,C,C,A,A,H,-,A,D,0,,,Y,,Y,,A,01,1,0,0,0,0,0,0,0,1,"- ","- ",38.908390045166016,-121.07695770263672,PLACER,AUBURN,-121.0772705078125,38.91033935546875
9538112,2022,2023-01-18,3105,2022-11-11,1748,1186,,5,5,5,3105,0,0,0,,0,006,"WASHINGTON BL","PLEASANT GROVE BL",0.00,,Y,A,-,N,,,,,,,,,,Y,2,0,5,2,A,-,12,21453,A,N,D,C,A,A,H,-,C,A,0,,,,,Y,Y,A,01,1,3,1,0,0,0,0,0,0,"- ","- ",38.773880004882812,-121.30377960205078,PLACER,ROSEVILLE,-121.30375671386719,38.773899078369141
9538516,2022,2023-02-02,3105,2022-12-02,2034,1181,,5,5,5,3105,0,0,0,,0,004,"FOOTHILLS BL","DENIO LP",0.00,,Y,A,-,N,,,,,,,,,,N,2,0,1,2,A,-,11,21954,A,N,G,B,D,A,H,-,C,A,0,Y,,,,Y,,N,60,1,0,0,0,1,0,0,0,0,"- ","- ",38.738449096679688,-121.30673217773438,PLACER,ROSEVILLE,-121.30622100830078,38.737926483154297
9544621,2023,2023-03-02,3105,2023-01-19,1553,1191,,4,5,5,3105,0,0,0,,0,003,"GRANT ST","OAK ST",97.00,N,N,B,-,N,,,,,,,,,,N,2,0,1,2,A,-,21,22106,,N,G,B,D,A,H,-,A,A,0,Y,,,Y,Y,,F,26,1,0,0,0,1,0,0,0,0,"- ","- ",,,PLACER,ROSEVILLE,-121.284423828125,38.747463226318359
9551725,2023,2023-02-27,3105,2023-02-12,1755,1191,,7,5,5,3105,0,0,0,,0,005,"PLEASANT GROVE BL","HIGHLAND POINTE DR",0.00,,Y,A,-,N,,,,,,,,,,Y,2,0,2,2,A,-,09,21453,C,N,A,C,A,A,H,-,C,A,0,,,,,Y,,A,01,1,0,1,0,0,0,0,0,0,"- ","- ",38.783298492431641,-121.28671264648438,PLACER,ROSEVILLE,-121.2867431640625,38.783275604248047
9568819,2023,2023-05-30,3103,2023-04-05,"811 ",AVIRG,L8,3,5,2,3103,0,0,0,,0,0L4,"TWELVE BRIDGES DR","STONERIDGE BL",29.00,N,N,A,-,N,,,,,,,,,,N,2,0,1,2,A,-,12,22450,A,N,D,C,A,A,H,-,A,A,0,,Y,,,Y,,-,"- ",1,0,0,0,0,0,1,0,0,"- ","- ",,,PLACER,LINCOLN,-121.25294494628906,38.8638916015625
9583062,2023,2023-06-09,3101,2023-04-26,"0   ",A716,AU15,3,5,3,3101,0,0,0,,0,0A1,"WALL ST","WALL ST 540",0.00,,Y,A,-,N,,,,,,,,,,N,2,0,1,2,A,-,13,22515,,N,G,B,A,A,H,-,A,D,0,,,,,Y,,D,22,1,0,0,0,0,0,0,0,0,"- ","- ",38.908969879150391,-121.07496643066406,PLACER,AUBURN,,
9591770,2023,2023-07-18,3105,2023-06-14,"706 ",1099,,3,5,5,3105,0,0,0,,0,002,"EAST ROSEVILLE PKWY","WRINGER DR",27.00,N,N,A,-,N,,,,,,,,,,N,2,0,1,1,D,-,00,,,N,H,A,A,A,H,-,A,D,0,,Y,,,Y,,-,"- ",1,0,0,0,0,0,1,0,0,"- ","- ",,,PLACER,ROSEVILLE,-121.23424530029297,38.733207702636719
9592537,2023,2023-07-17,3105,2023-06-14,1353,1187,,3,5,5,3105,0,0,0,,0,004,"MAIN ST","WASHINGTON BL",118.00,W,N,A,-,N,,,,,,,,,,Y,2,0,1,3,A,-,01,23152,A,N,E,E,A,A,H,-,A,D,0,,,,,Y,Y,A,07,1,0,0,0,0,0,0,0,0,"- ","- ",38.752128601074219,-121.28865051269531,PLACER,ROSEVILLE,-121.28843688964844,38.751949310302734
9595819,2022,2023-07-11,3100,2022-08-04,1226,S37066,COC,4,5,1,3102,0,0,0,,0,CHARLI,"S AUBURN ST","SHERWOOD CT",0.00,,Y,A,-,N,,,,,,,,,,Y,2,0,2,2,A,-,05,21460,A,N,A,D,A,A,H,-,A,D,0,,,,Y,Y,,A,01,1,0,1,0,0,0,0,0,0,"- ","- ",39.078868865966797,-120.96050262451172,PLACER,COLFAX,-120.9559326171875,39.086944580078125
9595821,2022,2023-07-19,3100,2022-10-26,1553,62,LO-P,3,5,2,3106,0,0,0,,0,PAUL,"KING RD","TAYLOR RD",400.00,E,N,A,-,N,,,,,,,,,,N,2,0,1,2,A,-,11,21954,A,N,G,B,D,A,-,-,A,A,0,Y,,,,Y,,N,60,1,0,0,0,1,0,0,0,0,"- ","- ",38.824920654296875,-121.21941375732422,PLACER,LOOMIS,-121.18979644775391,38.825099945068359
9597732,2023,2023-08-09,3101,2023-07-04,1301,A824,AU06,2,5,3,3101,0,0,0,,0,0A2,"AUBURN FOLSOM RD","AUBURN FOLSOM RD 650",0.00,,N,A,-,N,,,,,,,,,,N,2,0,1,2,A,-,08,22107,,N,D,C,A,A,H,-,A,D,0,,,Y,,Y,,D,22,1,0,0,0,0,0,0,0,1,"- ","- ",38.879100799560547,-121.08006286621094,PLACER,AUBURN,-121.17511749267578,38.713336944580078
9606143,2023,2023-08-18,3103,2023-07-10,1450,35,L3,1,5,2,3103,0,0,0,,0,0L1,"I ST","5TH ST",0.00,,Y,A,-,N,,,,,,,,,,Y,2,0,1,2,A,-,09,21802,A,N,D,C,A,A,H,-,A,A,0,,,Y,,Y,,D,22,1,0,0,0,0,0,0,0,1,"- ","- ",38.891799926757812,-121.29532623291016,PLACER,LINCOLN,-121.29534149169922,38.891807556152344
9607861,2023,2023-09-25,3105,2023-08-26,2035,1158,,6,5,5,3105,0,0,0,,0,006,"JUNCTION BL",AYELSBURY,336.00,E,N,A,-,N,,,,,,,,,,Y,2,0,1,1,A,-,01,23152,A,N,E,I,A,A,H,-,C,D,0,,,Y,,Y,Y,C,02,1,0,0,0,0,0,0,0,1,"- ","- ",,,PLACER,ROSEVILLE,-121.33734130859375,38.759624481201172
9607881,2023,2023-11-07,3105,2023-09-11,1620,1138,,1,5,5,3105,0,0,0,,0,004,"PLEASANT GROVE BL","FOOTHILLS BL",855.00,E,N,A,-,N,,,,,,,,,,N,2,0,1,2,A,-,09,21804,A,N,D,-,A,A,A,-,A,D,0,,,,,Y,,A,01,1,0,0,0,0,0,0,0,0,"- ","- ",38.772178649902344,-121.30992889404297,PLACER,ROSEVILLE,-121.30988311767578,38.7724609375
9612989,2023,2023-09-05,3105,2023-08-09,1654,1202,,3,5,5,3105,0,0,0,,0,005,"W PLEASANT GROVE BL","ROSEVILLE PKWY",636.00,W,N,A,-,N,,,,,,,,,,Y,2,0,1,2,A,-,09,21804,A,N,D,C,A,A,H,-,A,D,0,,,Y,,Y,,A,01,1,0,0,0,0,0,0,0,1,"- ","- ",38.777240753173828,-121.29163360595703,PLACER,ROSEVILLE,-121.28974914550781,38.776924133300781
9624122,2023,2023-11-14,3104,2023-05-18,2017,283,25,4,5,4,3104,0,0,0,,0,003,"STANFORD RANCH RD","PARK DR",0.00,,Y,A,-,N,,,,,,,,,,Y,1,1,0,2,A,-,11,21456,C,N,G,B,B,A,H,-,A,A,0,Y,,,,Y,,N,60,0,0,0,1,0,0,0,0,0,"- ","- ",38.814510345458984,-121.25784301757812,PLACER,ROCKLIN,-121.25804901123047,38.814407348632812
9628226,2023,2023-10-18,3105,2023-09-18,1931,1186,,1,5,5,3105,0,0,0,,0,001,"STANFORD RANCH RD","RT 65",30.00,S,N,A,-,Y,PLA,3,65,-,R,5.821,R,4,N,Y,2,0,2,2,A,-,01,23152,A,N,C,C,A,A,H,-,B,A,0,,,,,Y,Y,A,01,1,1,0,0,0,0,0,0,0,"- ",NF,38.778621673583984,-121.26580047607422,PLACER,ROSEVILLE,-121.26411437988281,38.776676177978516
9630612,2023,2023-10-31,3103,2023-08-16,1759,AELLI,L7,3,5,2,3103,0,0,0,,0,0L4,"LINCOLN BL","LINCOLN BL 71",0.00,,-,A,-,N,,,,,,,,,,Y,2,0,2,2,A,-,09,21801,A,N,D,C,A,A,H,-,A,D,0,,,Y,,Y,,A,07,1,1,0,0,0,0,0,0,1,"- ","- ",38.879669189453125,-121.29489135742188,PLACER,LINCOLN,-121.30158233642578,38.864509582519531
9640711,2024,2025-02-26,3105,2024-05-28,2046,1059,,2,5,5,3105,0,0,0,,0,006,"FOOTHILLS BL","MCANALLY DR",30.00,S,N,A,-,N,,,,,,,,,,Y,1,1,0,2,A,-,17,21208,B,N,G,G,A,A,H,-,B,A,0,,Y,,,Y,Y,L,04,0,0,0,0,0,1,0,0,0,"- ","- ",,,PLACER,ROSEVILLE,-121.31171417236328,38.763381958007812
9640899,2024,2024-09-16,3103,2024-02-01,"434 ",JGERO,L7,4,5,2,3103,0,0,0,,0,0L4,"LINCOLN BL","FERRARI RANCH RD",0.00,,Y,C,-,N,,,,,,,,,,Y,1,1,0,2,A,-,03,22350,,N,C,C,A,B,H,-,C,A,0,,,,,Y,,A,01,0,0,0,0,0,0,0,0,0,"- ","- ",38.879631042480469,-121.29543304443359,PLACER,LINCOLN,-121.29541015625,38.879631042480469
9649252,2023,2024-02-21,3101,2023-12-22,2332,A803,AU01,5,5,3,3101,0,0,0,,0,0A2,"AUBURN FOLSOM RD","TRIBUTE CRT",0.00,,Y,A,-,N,,,,,,,,,,Y,2,0,1,1,A,-,03,22350,A,N,E,I,A,D,H,-,C,D,0,,,,,Y,,A,01,1,0,0,0,0,0,0,0,0,"- ","- ",38.868900299072266,-121.09539794921875,PLACER,AUBURN,-121.09462738037109,38.869209289550781
9664177,2024,2024-04-15,3105,2024-02-10,2025,1208,,6,5,5,3105,0,0,0,,0,002,"DOUGLAS BL","SIERRA GARDENS DR",0.00,,Y,A,-,N,,,,,,,,,,Y,2,0,2,3,A,-,01,23153,A,N,D,C,A,A,H,-,C,A,0,,,,,Y,Y,D,22,2,0,0,0,0,0,0,0,0,"- ","- ",38.743049621582031,-121.25612640380859,PLACER,ROSEVILLE,-121.25921630859375,38.744270324707031
9678876,2024,2024-03-14,3101,2024-02-24,1656,A798,AU09,6,5,3,3101,0,0,0,,0,0A2,"AUBURN FOLSOM RD","COLLEGE WY",0.00,,Y,A,-,N,,,,,,,,,,N,2,0,1,1,A,-,03,22350,,N,H,A,A,A,H,-,A,D,0,,,Y,,Y,,C,02,1,0,0,0,0,0,0,0,1,"- ","- ",38.873760223388672,-121.08535766601562,PLACER,AUBURN,-121.07527160644531,38.896297454833984
9689341,2024,2024-06-18,3105,2024-04-10,1728,1131,,3,5,5,3105,0,0,0,,0,002,"DOUGLAS BL","EUREKA RD",413.00,E,N,A,-,N,,,,,,,,,,Y,2,0,3,2,A,-,01,23153,B,N,C,C,A,A,H,-,A,A,0,,,,,Y,Y,A,01,2,0,1,0,0,0,0,0,0,"- ","- ",38.744701385498047,-121.24501800537109,PLACER,ROSEVILLE,-121.24565124511719,38.74420166015625
9694271,2024,2024-07-01,3105,2024-05-27,1510,595,,1,5,5,3105,0,0,0,,0,001,"STANFORD RANCH RD","RT 65",660.00,N,N,A,-,Y,PLA,3,65,-,R,5.700,R,4,N,,2,0,1,2,A,-,08,22107,,N,B,C,A,A,H,-,A,A,0,,,,,Y,Y,A,01,1,0,0,0,0,0,0,0,0,"- ","- ",,,PLACER,ROSEVILLE,-121.26218414306641,38.775718688964844
9704771,2024,2024-08-07,3101,2024-05-29,1812,A824,AU12,3,5,3,3101,0,0,0,,0,0A1,"GRASS VALLEY HWY","GRASS VALLEY HWY 570",0.00,,N,A,-,Y,PLA,3,49,-,-,4.080,H,-,S,Y,2,0,3,3,A,-,01,23153,,N,A,C,A,A,H,-,A,D,0,,,,,Y,Y,A,01,1,2,0,0,0,0,0,0,0,"- ","- ",38.912651062011719,-121.07755279541016,PLACER,AUBURN,-121.07765197753906,38.912593841552734
9721736,2024,2024-08-27,3104,2024-07-29,2337,333,52,1,5,4,3104,0,0,0,,0,001,"SIERRA COLLEGE BL","COBBLE CREEK CIR",0.00,,Y,A,-,N,,,,,,,,,,N,2,0,1,2,A,-,11,21954,A,N,G,B,D,A,H,-,C,D,0,Y,,,,Y,,N,60,1,0,0,0,1,0,0,0,0,"- ","- ",38.787128448486328,-121.20717620849609,PLACER,ROCKLIN,-121.20629119873047,38.786605834960938
9722630,2024,2024-09-03,3105,2024-08-13,1726,1219,,2,5,5,3105,0,0,0,,0,002,"OAK RIDGE DR","CIRBY WY",0.00,,Y,A,-,N,,,,,,,,,,Y,2,0,2,2,A,-,12,21453,A,N,D,C,A,A,H,-,A,A,0,,,,,Y,,D,23,1,1,0,0,0,0,0,0,0,"- ","- ",,,PLACER,ROSEVILLE,-121.26737976074219,38.729537963867188
9724177,2024,2024-10-22,3105,2024-09-23,"558 ",1130,,1,5,5,3105,0,0,0,,0,006,"FOOTHILLS BL","BECKETT DR",654.00,S,N,A,-,N,,,,,,,,,,Y,2,0,1,2,A,-,11,21955,,N,G,B,E,-,H,-,C,D,0,Y,,,,Y,,N,60,1,0,0,0,1,0,0,0,0,"- ","- ",,,PLACER,ROSEVILLE,-121.31284332275391,38.766674041748047
9729044,2024,2024-09-03,3105,2024-07-15,1135,1108,,1,5,5,3105,0,0,0,,0,007,"BLUE OAKS","FIDDYMENT RD",10.00,E,N,A,-,N,,,,,,,,,,Y,2,0,1,2,A,-,03,22350,,N,G,B,F,A,H,-,A,A,0,Y,,,,Y,,A,01,1,0,0,0,1,0,0,0,0,"- ","- ",,,PLACER,ROSEVILLE,-121.35865783691406,38.791599273681641
9735368,2024,2024-10-29,3105,2024-10-09,1934,1143,,3,5,5,3105,0,0,0,,0,007,"PHILLIP RD","BLUE OAKS BL",5.00,N,N,A,-,N,,,,,,,,,,Y,2,0,2,1,A,-,01,23153,A,N,E,I,A,A,H,-,D,D,0,,,,,Y,Y,A,01,1,1,0,0,0,0,0,0,0,"- ","- ",,,PLACER,ROSEVILLE,-121.38724517822266,38.795566558837891
9737017,2024,2024-10-03,3105,2024-09-07,1608,1205,,6,5,5,3105,0,0,0,,0,003,"CIRBY WY","COTTONWOOD DR",66.00,W,N,A,-,N,,,,,,,,,,Y,2,0,1,2,A,-,09,21804,A,N,D,C,A,A,H,-,A,D,0,,,,,Y,,A,01,1,0,0,0,0,0,0,0,0,"- ","- ",,,PLACER,ROSEVILLE,-121.25900268554688,38.729560852050781
9758485,2024,2024-12-23,3104,2024-11-22,1835,328,25,5,5,4,3104,0,0,0,,0,003,"PARK DR","STANFORD RANCH RD",0.00,,Y,C,-,N,,,,,,,,,,N,2,0,1,2,A,-,08,22107,,F,H,G,A,B,H,-,C,D,0,,Y,,,Y,,A,01,1,0,0,0,0,0,1,0,0,"- ","- ",38.811611175537109,-121.25736999511719,PLACER,ROCKLIN,-121.25804901123047,38.814407348632812
9758509,2024,2024-12-10,3100,2024-09-18,1503,171,LOP,3,5,2,3106,0,0,0,,0,PAUL,"TAYLOR RD","LEMOS RANCH DR",2534.00,W,N,B,-,N,,,,,,,,,,Y,2,0,1,2,A,-,03,22350,,N,B,C,A,A,G,-,A,D,0,,,Y,,Y,,C,02,1,0,0,0,0,0,0,0,1,"- ","- ",38.831100463867188,-121.18499755859375,PLACER,LOOMIS,-121.18672943115234,38.830234527587891
9759980,2024,2025-01-21,3105,2024-07-30,1448,1059,,2,5,5,3105,0,0,0,,0,002,CIRBY,"PARKVIEW DR",360.00,E,N,A,-,N,,,,,,,,,,Y,2,0,2,3,A,-,01,23152,A,N,C,C,A,A,H,-,A,A,0,,,,,Y,Y,A,01,2,0,0,0,0,0,0,0,0,"- ","- ",38.729290008544922,-121.26142120361328,PLACER,ROSEVILLE,-121.26068115234375,38.729568481445312
9763400,2024,2025-01-14,3104,2024-12-25,1153,257,10,3,5,4,3104,0,0,0,,0,004,"SUNSET BL","PARK DR",720.00,W,N,B,-,N,,,,,,,,,,Y,2,0,1,2,A,-,09,21802,A,N,E,I,A,A,H,-,A,A,0,,,Y,,Y,,A,07,1,0,0,0,0,0,0,0,1,"- ","- ",38.806610107421875,-121.27498626708984,PLACER,ROCKLIN,-121.27452087402344,38.806282043457031
9768871,2025,2025-01-29,3105,2025-01-02,1258,1160,,4,5,5,3105,0,0,0,,0,007,"SUMMERFAIRE DR","SOLAIRE DR",200.00,N,N,A,-,N,,,,,,,,,,N,2,0,1,2,A,-,03,22350,,N,C,E,A,A,H,-,A,D,0,,Y,,,Y,,L,04,1,0,0,0,0,0,1,0,0,"- ","- ",,,PLACER,ROSEVILLE,-121.38108825683594,38.771549224853516
9771877,2024,2025-01-06,3105,2024-12-06,1513,1170,,5,5,5,3105,0,0,0,,0,002,"DOUGLAS BL","SIERRA COLLEGE BL",459.00,W,N,A,-,N,,,,,,,,,,Y,2,0,2,3,A,-,03,22350,,N,D,C,A,A,H,-,A,D,0,,,Y,,Y,Y,C,02,1,0,1,0,0,0,0,0,2,"- ","- ",,,PLACER,ROSEVILLE,-121.22782897949219,38.743980407714844
9786259,2024,2025-06-10,3105,2024-11-22,2321,140,,5,5,5,3105,0,0,0,,0,006,"BLUE OAKS BL","FOOTHILL BL",0.00,,Y,B,C,N,,,,,,,,,,Y,1,1,1,1,A,-,01,23152,G,N,D,I,A,B,H,-,C,A,0,,,,,Y,Y,A,01,1,0,0,0,0,0,0,0,0,"- ","- ",,,PLACER,ROSEVILLE,-121.31382751464844,38.795516967773438
9788425,2025,2025-05-07,3104,2025-04-08,1307,617,42,2,5,4,3104,0,0,0,,0,001,"PACIFIC ST","PGE POLE 4201B2",103.00,S,N,A,-,N,,,,,,,,,,N,2,0,1,2,A,-,09,21804,,N,B,G,A,A,H,-,A,D,0,,Y,,,Y,,A,07,1,0,0,0,0,0,1,0,0,"- ","- ",38.806640625,-121.21418762207031,PLACER,ROCKLIN,,
9789008,2025,2025-05-15,3105,2025-04-08,1400,1130,,2,5,5,3105,0,0,0,,0,006,"ROSEVILLE PKWY","WASHINGTON BL",0.00,,Y,A,-,N,,,,,,,,,,Y,2,0,5,4,A,-,03,22350,,F,F,C,A,A,H,-,A,D,0,,,,,Y,,A,01,1,1,3,0,0,0,0,0,0,"- ","- ",,,PLACER,ROSEVILLE,-121.30066680908203,38.787334442138672
9801814,2025,2025-06-26,3105,2025-02-23,"908 ",1222,,7,5,5,3105,0,0,0,,0,002,"SUNRISE AV","COLOMA WY",489.00,S,N,A,-,N,,,,,,,,,,Y,2,0,1,2,A,-,09,21804,A,N,D,C,A,A,H,-,A,D,0,,,,,Y,,A,01,1,0,0,0,0,0,0,0,0,"- ","- ",,,PLACER,ROSEVILLE,-121.27201843261719,38.735427856445312
9810296,2025,2025-05-28,3103,2025-03-02,1600,MMATS,L5,7,5,2,3103,0,0,0,,0,0L3,"MCBEAN PARK DR","TURKEY CREEK GOLF COURSE ENTRANCE",0.00,,Y,A,-,N,,,,,,,,,,N,2,0,1,2,A,-,09,21804,A,N,D,C,A,A,D,-,A,A,0,,,Y,,Y,,A,07,1,0,0,0,0,0,0,0,1,"- ","- ",38.886581420898438,-121.26876068115234,PLACER,LINCOLN,,
9810857,2024,2024-09-27,3101,2024-08-11,1156,A825,AU12,7,5,3,3101,0,0,0,,0,0A1,"GRASS VALLEY HWY","PALM AV",0.00,,Y,A,-,Y,PLA,3,49,-,-,3.890,H,-,S,Y,2,0,2,2,A,-,03,22350,,N,C,C,A,A,H,-,A,A,0,,,,,Y,Y,D,73,1,1,0,0,0,0,0,0,0,"- ","- ",38.909400939941406,-121.077392578125,PLACER,AUBURN,-121.07724761962891,38.909912109375
9811262,2025,2025-07-28,3105,2025-02-26,2325,141,,3,5,5,3105,0,0,0,,0,004,"CHURCH ST","IVY ST",0.00,,Y,A,-,N,,,,,,,,,,Y,2,0,1,2,A,-,07,21658,A,N,C,E,A,-,H,-,-,D,0,,,,,Y,,A,01,1,0,0,0,0,0,0,0,0,"- ","- ",,,PLACER,ROSEVILLE,-121.29629516601562,38.744117736816406
9831552,2025,2025-07-08,3105,2025-06-20,1543,1238,,5,5,5,3105,0,0,0,,0,006,"JUNCTION BL","FOOTHILLS BL",597.00,N,N,A,-,N,,,,,,,,,,Y,2,0,2,2,A,-,09,21801,A,N,D,C,A,A,H,-,A,A,0,,,,,Y,,A,01,1,0,1,0,0,0,0,0,0,"- ","- ",38.761001586914062,-121.310302734375,PLACER,ROSEVILLE,-121.30995941162109,38.759178161621094
6290088,2014,2014-03-06,9220,2014-02-13,0715,14466,,4,1,9,3100,0,2,4,,2,075,"TAYLOR RD","TUMBLE LN",440.00,E,N,B,-,N,,,,,,,,,,Y,1,1,0,1,A,-,08,22107,,N,E,I,A,A,H,-,A,D,0,,,Y,,Y,,C,02,0,0,0,0,0,0,0,1,0,"- ","- ",38.839170000000003,-121.17398,PLACER,UNINCORPORATED,-121.17344432,38.839555410000003
6290248,2014,2015-12-21,9220,2014-02-25,1943,13676,,2,2,9,3100,0,1,3,,1,249,"RT 49","SHALE RIDGE RD",373.00,N,N,B,-,Y,PLA,3,49,-,-,7.230,H,-,S,Y,1,1,0,3,A,-,11,21954,A,N,G,B,E,A,H,-,D,D,0,Y,,,,Y,Y,N,60,0,0,0,1,0,0,0,0,0,"- ","- ",38.953560000000003,-121.10039999999999,PLACER,UNINCORPORATED,-121.10077458000001,38.954000919999999
6290553,2014,2014-05-21,9220,2014-02-01,0716,13856,,6,1,9,3100,0,2,4,,2,062,"FORESTHILL RD","UPPER LAKE CLEMENTINE RD",2640.00,E,N,A,-,N,,,,,,,,,,Y,1,1,2,2,A,-,01,23152,E,N,A,C,A,A,H,-,A,D,0,,,,,Y,,D,22,0,1,1,0,0,0,0,0,0,"- ","- ",,,PLACER,UNINCORPORATED,-120.99467129,38.93726393
6291309,2014,2014-10-14,9220,2014-04-20,0025,18122,,7,3,9,3100,0,3,5,,2,030,"FRUITVALE RD","FOWLER RD",0.00,,Y,A,-,N,,,,,,,,,,N,1,1,2,1,A,-,08,22107,,N,F,A,A,A,H,-,D,D,0,,,Y,,Y,,C,06,0,1,1,0,0,0,0,1,2,"- ","- ",38.912230000000001,-121.21913000000001,PLACER,UNINCORPORATED,-121.21919990000001,38.91234996
6291999,2014,2015-03-02,3105,2014-04-27,1705,1014,,7,5,5,3105,0,0,0,,0,,"WASHINGTON BL","PLEASANT ST",0.00,,Y,A,-,N,,,,,,,,,,Y,1,1,0,2,A,-,10,21950,A,N,G,B,B,A,H,-,A,A,0,Y,,,,Y,,-,,0,0,0,1,0,0,0,0,0,"- ","- ",,,PLACER,ROSEVILLE,-121.28788987,38.753909950000001
6292043,2014,2016-01-14,9220,2014-07-03,0642,13060,,4,1,9,3100,0,2,4,,2,062,"FORESTHILL RD","LINCOLN WY",2640.00,E,N,A,-,N,,,,,,,,,,Y,1,1,0,2,A,-,01,23152,A,N,H,G,A,A,H,-,A,D,0,,Y,,,Y,,D,22,0,0,0,0,0,1,0,0,0,"- ","- ",,,PLACER,UNINCORPORATED,-121.04697484,38.92183867
6292291,2015,2017-04-25,3104,2015-03-20,0125,13676,,5,5,4,3104,0,0,0,,0,,"ROCKLIN RD","RT 80",340.00,W,N,A,-,N,,,,,,,,,,Y,1,1,0,2,A,-,11,21954,A,N,G,B,D,A,H,-,C,D,0,Y,,,,Y,Y,N,60,0,0,0,1,0,0,0,0,0,"- ",WO,38.788629999999998,-121.22429,PLACER,ROCKLIN,-121.22400276,38.788499999999999