CASE_ID,ACCIDENT_YEAR,PROC_DATE,JURIS,COLLISION_DATE,COLLISION_TIME,OFFICER_ID,REPORTING_DISTRICT,DAY_OF_WEEK,CHP_SHIFT,POPULATION,CNTY_CITY_LOC,SPECIAL_COND,BEAT_TYPE,CHP_BEAT_TYPE,CITY_DIVISION_LAPD,CHP_BEAT_CLASS,BEAT_NUMBER,PRIMARY_RD,SECONDARY_RD,DISTANCE,DIRECTION,INTERSECTION,WEATHER_1,WEATHER_2,STATE_HWY_IND,CALTRANS_COUNTY,CALTRANS_DISTRICT,STATE_ROUTE,ROUTE_SUFFIX,POSTMILE_PREFIX,POSTMILE,LOCATION_TYPE,RAMP_INTERSECTION,SIDE_OF_HWY,TOW_AWAY,COLLISION_SEVERITY,NUMBER_KILLED,NUMBER_INJURED,PARTY_COUNT,PRIMARY_COLL_FACTOR,PCF_CODE_OF_VIOL,PCF_VIOL_CATEGORY,PCF_VIOLATION,PCF_VIOL_SUBSECTION,HIT_AND_RUN,TYPE_OF_COLLISION,MVIW,PED_ACTION,ROAD_SURFACE,ROAD_COND_1,ROAD_COND_2,LIGHTING,CONTROL_DEVICE,CHP_ROAD_TYPE,PEDESTRIAN_ACCIDENT,BICYCLE_ACCIDENT,MOTORCYCLE_ACCIDENT,TRUCK_ACCIDENT,NOT_PRIVATE_PROPERTY,ALCOHOL_INVOLVED,STWD_VEHTYPE_AT_FAULT,CHP_VEHTYPE_AT_FAULT,COUNT_SEVERE_INJ,COUNT_VISIBLE_INJ,COUNT_COMPLAINT_PAIN,COUNT_PED_KILLED,COUNT_PED_INJURED,COUNT_BICYCLIST_KILLED,COUNT_BICYCLIST_INJURED,COUNT_MC_KILLED,COUNT_MC_INJURED,PRIMARY_RAMP,SECONDARY_RAMP,LATITUDE,LONGITUDE,COUNTY,CITY,POINT_X,POINT_Y
6292339,2015,2017-04-04,3105,2015-01-08,1759,139,,4,5,5,3105,0,0,0,,0,,"HARDING BL","ESTATES DR",0.00,,N,A,-,N,,,,,,,,,,Y,1,1,0,2,A,-,11,21954,A,N,G,B,D,A,H,-,C,D,0,Y,,,,Y,Y,N,60,0,0,0,1,0,0,0,0,0,"- ","- ",,,PLACER,ROSEVILLE,-121.27183995999999,38.746879909999997
6292531,2015,2015-08-26,9220,2015-06-04,2305,12239,,4,3,9,3100,0,3,5,,2,010,"FIDDYMENT RD","SETTLERS RIDGE WY",1056.00,N,N,A,-,N,,,,,,,,,,Y,1,1,0,1,A,-,08,22107,,N,F,A,A,A,H,-,D,D,0,,,,,Y,,A,07,0,0,0,0,0,0,0,0,0,"- ","- ",38.484400000000001,-121.20569999999999,PLACER,UNINCORPORATED,-121.3493647,38.812349480000002
6328159,2014,2016-02-26,9221,2014-01-01,1700,012412,,3,2,9,3100,0,1,1,,2,384,"RT 80",MAGRA,792.00,W,N,A,-,Y,PLA,3,80,-,-,41.230,H,-,E,Y,2,0,2,1,A,-,08,22107,,N,E,I,A,A,H,-,B,D,1,,,,,Y,,A,07,1,0,1,0,0,0,0,0,0,"- ","- ",39.17362,-120.8597,PLACER,UNINCORPORATED,-120.85978548,39.173678889999998
6337255,2014,2014-06-04,3101,2014-01-12,1211,P14,,7,5,3,3101,0,0,0,,0,002,"AUBURN FOLSOM RD","SACRAMENTO ST",0.00,,Y,A,-,N,,,,,,,,,,N,2,0,1,2,A,-,09,21801,A,N,D,G,A,A,H,-,A,A,0,,Y,,,Y,,A,07,1,0,0,0,0,0,1,0,0,"- ","- ",,,PLACER,AUBURN,-121.08015985999999,38.878449889999999
6346338,2014,2014-12-24,9220,2014-01-21,1432,013794,,2,2,9,3100,0,1,1,,2,283,"RT 80","BELL RD",865.00,W,N,A,-,Y,PLA,3,80,-,R,20.960,H,-,E,Y,1,1,0,1,A,-,01,23152,A,N,F,A,A,A,H,-,A,D,1,,,Y,,Y,Y,C,02,0,0,0,0,0,0,0,1,0,"- ","- ",,,PLACER,UNINCORPORATED,-121.04802832999999,38.943625699999998
6364172,2014,2016-02-26,9220,2014-01-19,1420,013846,,7,2,9,3100,0,3,5,,2,050,"AUBURN RAVINE RD","RT 80",0.00,,Y,A,-,Y,PLA,3,80,-,R,19.313,R,4,W,N,2,0,1,2,D,-,00,,,F,D,G,A,A,H,-,A,A,1,,Y,,,Y,,-,"- ",1,0,0,0,0,0,1,0,0,"- ",WO,,,PLACER,UNINCORPORATED,-121.05870663,38.921510619999999
6366140,2014,2016-02-26,9220,2014-01-30,1740,16665,,4,2,9,3100,0,1,1,,2,281,"RT 80","RT 65",400.00,E,N,A,-,Y,PLA,3,80,-,-,4.450,H,-,W,Y,2,0,4,4,A,-,03,22350,,N,C,C,A,A,H,-,B,D,1,,,,,Y,,A,01,1,0,3,0,0,0,0,0,0,"- ","- ",,,PLACER,UNINCORPORATED,-121.24470420999999,38.772509960000001
6375435,2014,2016-03-01,3101,2014-02-07,2036,7,5,5,5,3,3101,0,0,0,,0,001,"RT 49","FULWEILER AV",178.00,N,N,C,-,Y,PLA,3,49,-,-,3.500,H,-,S,N,2,0,1,2,A,-,11,21950,B,N,G,B,D,B,H,-,D,A,0,Y,,,,Y,Y,N,60,1,0,0,0,1,0,0,0,0,"- ","- ",,,PLACER,AUBURN,-121.07629479000001,38.904393229999997
6380298,2014,2016-02-26,9222,2014-02-02,1555,017515,,7,2,9,3100,0,1,1,,2,021,"RT 80",KINGVALE,1320.00,E,N,D,-,Y,PLA,3,80,-,-,69.470,H,-,E,Y,2,0,1,1,A,-,08,22107,,N,E,I,A,C,H,-,A,D,1,,,,,Y,,D,22,1,0,0,0,0,0,0,0,0,"- ","- ",39.31512,-120.44101999999999,PLACER,UNINCORPORATED,-120.44102782,39.315064800000002
6388207,2014,2016-02-22,9221,2014-02-01,0125,19671,,6,3,9,3100,0,1,3,,1,374,"RT 174","WHITE OAK DR",1056.00,N,N,A,-,Y,PLA,3,174,-,-,2.430,H,-,N,Y,2,0,1,1,A,-,08,22107,,N,E,I,A,B,H,-,E,D,0,,,,,Y,Y,A,07,1,0,0,0,0,0,0,0,0,"- ","- ",39.121270000000003,-120.95831,PLACER,UNINCORPORATED,-120.9578157,39.126530279999997
6404544,2014,2014-06-12,9222,2014-02-21,1245,019233,,5,1,9,3100,0,3,5,,2,010,"MT WATSON RD","RT 267",1584.00,W,N,A,-,N,,,,,,,,,,Y,2,0,2,1,A,-,03,38305,,N,E,I,A,C,H,-,A,D,0,,,,,Y,,M,96,2,0,0,0,0,0,0,0,0,"- ","- ",39.152799999999999,-120.432,PLACER,UNINCORPORATED,-120.07542461,39.258033599999997
6419090,2014,2014-06-23,9220,2014-03-08,2147,13856,,6,2,9,3100,0,2,4,,2,054,"LUTHER RD","MATSON DR",0.00,,Y,B,-,N,,,,,,,,,,Y,2,0,4,2,A,-,01,23152,A,N,A,C,A,A,H,-,C,A,0,,,,,Y,Y,A,01,1,1,2,0,0,0,0,0,0,"- ","- ",,,PLACER,UNINCORPORATED,-121.06725989,38.927879949999998
6429609,2014,2014-07-26,9220,2014-01-15,1935,013605,,3,2,9,3100,0,3,5,,2,010,"THUNDER VALLEY CT","ATHENS AV",0.00,,Y,A,-,N,,,,,,,,,,N,2,0,1,2,A,-,11,21456,B,N,G,B,B,A,H,-,C,A,0,Y,,,,Y,Y,N,60,1,0,0,0,1,0,0,0,0,"- ","- ",,,PLACER,UNINCORPORATED,-121.31172997,38.839059910000003
6444787,2014,2016-02-26,9221,2014-03-26,0905,17979,,3,1,9,3100,0,1,1,,2,386,"RT 80","CARPENTER FLAT",360.00,E,N,D,-,Y,PLA,3,80,-,R,56.150,H,-,E,Y,2,0,3,1,A,-,03,22350,,N,F,A,A,B,H,-,A,D,1,,,,,Y,,A,01,1,2,0,0,0,0,0,0,0,"- ","- ",,,PLACER,UNINCORPORATED,-120.65181595999999,39.304227150000003
6488829,2014,2014-07-30,9221,2014-05-06,2145,18158,,2,2,9,3100,0,3,5,,2,070,"ROLLINS LAKE RD","BARB WIRE LN",231.00,S,N,B,-,N,,,,,,,,,,Y,2,0,1,1,A,-,03,22350,,N,E,I,A,A,H,-,D,A,0,,,,,Y,,A,01,1,0,0,0,0,0,0,0,0,"- ","- ",38.127780000000001,-120.94405999999999,PLACER,UNINCORPORATED,-120.94561944,39.126483659999998
6516756,2014,2014-08-11,9220,2014-06-12,1215,012546,9220,4,1,9,3100,0,3,5,,2,030,"MCCOURTNEY RD","FRUITVALE RD",1179.00,N,N,A,-,N,,,,,,,,,,Y,2,0,1,2,A,-,05,21460,A,N,A,C,A,A,H,-,A,A,0,,,Y,,Y,,C,02,1,0,0,0,0,0,0,0,1,"- ","- ",38.919029999999999,-121.27949,PLACER,UNINCORPORATED,-121.27948108,38.918915669999997
6567549,2014,2014-07-26,3100,2014-07-06,1511,10000,,7,5,1,3102,0,0,0,,0,,"SIEMS AV","CANYON WY",0.00,,Y,A,-,N,,,,,,,,,,Y,2,0,1,1,C,-,18,,,N,E,I,A,A,H,-,A,A,0,,,Y,,Y,,-,"- ",1,0,0,0,0,0,0,0,1,"- ","- ",39.093730000000001,-120.94947000000001,PLACER,COLFAX,-120.94936998,39.093749979999998
6588533,2014,2014-08-29,9222,2014-07-28,2340,019477,,1,3,9,3100,0,3,5,,2,010,"US FOREST SERVICE ROAD 71","BUNKER RD",6336.00,N,N,A,-,N,,,,,,,,,,Y,2,0,2,1,A,-,01,23152,A,N,E,J,A,A,H,-,D,D,0,,,,,Y,Y,A,07,2,0,0,0,0,0,0,0,0,"- ","- ",39.186799999999998,-120.15170999999999,PLACER,UNINCORPORATED,,
6596942,2014,2016-04-25,9222,2014-08-03,1750,19477,,7,2,9,3100,0,1,3,,1,015,"RT 28","FOX ST",80.00,E,N,B,-,Y,PLA,3,28,-,-,10.050,H,-,W,N,2,0,1,2,A,-,06,21755,,N,B,C,A,A,H,-,A,D,0,,Y,,,Y,,L,04,1,0,0,0,0,0,1,0,0,"- ","- ",39.235030000000002,-120.01893,PLACER,UNINCORPORATED,-120.01926176000001,39.235026269999999
6598664,2014,2016-04-26,9220,2014-08-09,0415,15385,,6,3,5,3105,0,1,1,,2,281,"RT 80","LINDA CREEK",3168.00,E,N,A,-,Y,PLA,3,80,-,-,1.100,H,-,W,Y,2,0,2,1,A,-,01,23152,E,N,E,I,A,A,H,-,D,D,1,,,,,Y,,A,01,2,0,0,0,0,0,0,0,0,"- ","- ",38.73424,-121.28010999999999,PLACER,ROSEVILLE,-121.28060428000001,38.733870570000001
6599156,2014,2016-05-04,9220,2014-08-11,1000,016668,,1,1,9,3100,0,1,3,,1,249,"RT 49","QUARTZ DR",42.00,N,N,A,-,Y,PLA,3,49,-,-,6.800,H,-,S,Y,2,0,3,5,A,-,03,22350,,N,D,C,A,A,H,-,A,A,0,,,,,Y,,D,22,1,0,2,0,0,0,0,0,0,"- ","- ",38.948050000000002,-121.0992,PLACER,UNINCORPORATED,-121.09904644,38.947986579999998
6606103,2014,2015-12-29,9221,2014-05-12,0910,18940,,1,1,9,3100,0,1,1,,2,388,"RT 80","KINGVALE RD",1056.00,W,N,A,-,Y,PLA,3,80,-,-,69.030,H,-,W,Y,1,1,0,1,A,-,08,22107,,N,E,I,A,A,H,-,A,D,1,,,,,Y,,A,01,0,0,0,0,0,0,0,0,0,"- ","- ",39.314,-120.44895,PLACER,UNINCORPORATED,-120.44990371,39.314123649999999
6622315,2014,2014-09-30,9220,2014-09-04,1640,012412,,4,2,9,3100,0,2,4,,2,064,"FORESTHILL RD","PONDEROSA WY",1584.00,E,N,A,-,N,,,,,,,,,,Y,2,0,3,3,A,-,01,23152,A,N,A,C,A,A,H,-,A,D,0,,,,,Y,Y,A,01,2,0,1,0,0,0,0,0,0,"- ","- ",39.000160000000001,-120.91428000000001,PLACER,UNINCORPORATED,-120.91527413999999,38.999436490000001
6628647,2014,2014-09-27,9220,2014-09-08,2350,014343,,1,3,9,3100,0,3,5,,2,060,"GLEN DR","BRADLEY WY",46.00,S,N,A,-,N,,,,,,,,,,N,2,0,1,1,A,-,08,22107,,N,E,I,A,A,H,-,D,D,0,,,,,Y,,A,01,1,0,0,0,0,0,0,0,0,"- ","- ",,,PLACER,UNINCORPORATED,-120.90205718999999,38.98797149
6678130,2015,2016-02-18,3103,2015-11-20,1047,CMASS,L1,5,5,2,3103,0,0,0,,0,0L1,"NICOLAUS RD","WAVERLY DR",424.00,E,N,A,-,N,,,,,,,,,,Y,1,1,0,1,A,-,08,22107,,N,E,I,A,A,H,-,A,D,0,,,,,Y,,D,23,0,0,0,0,0,0,0,0,0,"- ","- ",38.897320000000001,-121.32380999999999,PLACER,LINCOLN,-121.32679007,38.897219999999997
6691411,2014,2015-01-06,9220,2014-10-16,1440,011614,220,4,2,9,3100,0,3,5,,2,010,"FOOTHILL RD","ATHENS AV",3696.00,S,N,A,-,N,,,,,,,,,,Y,2,0,2,1,A,-,08,22107,,N,E,I,A,A,H,-,A,D,0,,,,,Y,,A,01,1,0,1,0,0,0,0,0,0,"- ","- ",,,PLACER,UNINCORPORATED,-121.32553392,38.828877779999999
6693277,2014,2014-12-22,9221,2014-10-09,1410,13036,,4,2,9,3100,0,3,5,,2,070,"ROLLINS LAKE RD","NORTON GRADE RD",2640.00,N,N,A,-,N,,,,,,,,,,Y,2,0,1,1,A,-,08,22107,,N,E,I,A,A,H,-,A,D,0,,,,,Y,,A,07,1,0,0,0,0,0,0,0,0,"- ","- ",39.15361,-120.91735,PLACER,UNINCORPORATED,-120.94550332999999,39.126787530000001
6713321,2014,2016-07-05,9220,2014-11-10,1743,013997,,1,2,9,3100,0,1,1,,2,283,"RT 80","BELL RD",1584.00,E,N,A,-,Y,PLA,3,80,-,R,21.430,H,-,E,Y,2,0,2,2,A,-,07,21658,A,N,B,C,A,A,H,-,D,D,1,,,,,Y,,A,01,2,0,0,0,0,0,0,0,0,"- ","- ",,,PLACER,UNINCORPORATED,-121.04254598999999,38.948838070000001
6718381,2015,2017-04-04,9220,2015-01-12,1736,13794,,1,2,5,3105,0,1,1,,2,281,"RT 80","RIVERSIDE AV",115.00,W,N,A,-,Y,PLA,3,80,-,-,0.174,R,2,W,N,1,1,0,2,A,-,11,21956,,N,G,B,D,A,H,-,D,D,1,Y,,,,Y,Y,N,60,0,0,0,1,0,0,0,0,0,WO,"- ",38.725110000000001,-121.29107,PLACER,ROSEVILLE,-121.29175796,38.723666600000001
6718420,2014,2014-12-09,9221,2014-05-01,1144,13036,,4,1,9,3100,0,1,1,,2,385,"RT 80",SAWMILL,465.00,W,N,A,-,Y,PLA,3,80,-,-,42.100,H,-,E,Y,1,1,0,1,A,-,08,22107,,N,E,I,A,A,H,-,A,D,1,,,,,Y,Y,A,01,0,0,0,0,0,0,0,0,0,"- ","- ",39.182870000000001,-120.84907,PLACER,UNINCORPORATED,-120.84859926,39.183395109999999
6734921,2014,2015-01-30,9220,2014-12-04,0925,13139,,4,1,9,3100,0,2,4,,2,062,"FORESTHILL RD","LAKE CLEMENTINE",3168.00,E,N,B,-,N,,,,,,,,,,Y,2,0,1,1,A,-,03,22350,,N,E,I,A,B,H,-,A,D,0,,,,,Y,,D,22,1,0,0,0,0,0,0,0,0,"- ","- ",38.935000000000002,-121.003,PLACER,UNINCORPORATED,-120.99361503999999,38.938418660000004
6768907,2015,2015-05-05,9220,2015-04-09,2014,014611,,4,2,9,3100,0,3,5,,2,030,"WISE RD","GARDEN BAR RD",2640.00,E,N,A,-,N,,,,,,,,,,Y,2,0,1,1,A,-,08,22107,,N,E,I,A,A,H,-,E,D,0,,,,,Y,,A,01,1,0,0,0,0,0,0,0,0,"- ","- ",38.926850000000002,-121.2191,PLACER,UNINCORPORATED,-121.21911184,38.926983049999997
6851744,2015,2015-09-14,9220,2015-03-01,2140,12412,,7,2,9,3100,0,1,1,,2,283,"BAXTER GRADE RD","HAVEN HILL LN",0.00,,Y,A,-,N,,,,,,,,,,Y,2,0,1,1,A,-,01,23152,A,N,E,I,A,A,H,-,D,D,0,,,,,Y,Y,A,01,1,0,0,0,0,0,0,0,0,"- ","- ",38.934579999999997,-121.14676,PLACER,UNINCORPORATED,-121.14637997,38.93499989
6865808,2015,2015-04-08,9221,2015-03-06,2235,019020,,5,3,9,3100,0,3,5,,2,070,"ROLLINS LAKE RD","NORTON-GRADE RD",4224.00,W,N,A,-,N,,,,,,,,,,Y,2,0,1,1,A,-,01,23152,A,N,E,I,A,A,H,-,D,D,0,,,,,Y,Y,A,07,1,0,0,0,0,0,0,0,0,"- ","- ",39.152389999999997,-120.92016,PLACER,UNINCORPORATED,-120.94278262,39.130376159999997
6874634,2015,2015-04-15,9220,2015-03-27,0220,014466,,5,3,9,3100,0,3,5,,2,070,"POWERHOUSE RD","AUBURN FOLSOM RD",50.00,W,N,A,-,N,,,,,,,,,,Y,2,0,2,1,A,-,01,23152,A,N,E,I,A,A,H,-,C,D,0,,,,,Y,Y,A,07,1,1,0,0,0,0,0,0,0,"- ","- ",38.854599999999998,-121.10709,PLACER,UNINCORPORATED,-121.10750477000001,38.854456599999999
6880169,2015,2015-04-24,9220,2015-03-16,0850,012612,,1,1,9,3100,0,2,4,,2,051,"PLACER HILLS RD","IRISH MOUNTAIN RD",0.00,,Y,B,-,N,,,,,,,,,,Y,2,0,3,2,A,-,03,22350,,N,D,C,A,A,H,-,A,D,0,,,Y,,Y,,C,02,1,2,0,0,0,0,0,0,1,"- ","- ",39.019620000000003,-121.00257000000001,PLACER,UNINCORPORATED,-121.00228988000001,39.01879993
6881562,2015,2015-04-27,9221,2015-03-20,1405,13442,,5,2,9,3100,0,3,5,,2,070,"LAING RD","BEAR VALLEY RD",475.00,E,N,A,-,N,,,,,,,,,,N,2,0,2,2,A,-,03,22350,,N,C,C,A,A,H,-,A,D,0,,,Y,,Y,,C,02,1,0,1,0,0,0,0,0,2,"- ","- ",39.301740000000002,-120.65944,PLACER,UNINCORPORATED,-120.66097000000001,39.302160000000001
6908846,2015,2015-05-18,9222,2015-04-28,2130,016112,,2,2,9,3100,0,3,5,,2,010,"ALPINE MEADOWS RD","ALPINE VISTA RD",106.00,W,N,A,-,N,,,,,,,,,,Y,2,0,1,1,A,-,01,23152,A,N,E,I,A,A,H,-,D,D,0,,,,,Y,Y,A,07,1,0,0,0,0,0,0,0,0,"- ","- ",39.174100000000003,-120.23891999999999,PLACER,UNINCORPORATED,-120.23873789,39.174300870000003
6914565,2015,2015-05-29,9220,2015-03-21,1250,013060,,6,1,9,3100,0,2,4,,2,058,"DRY CREEK RD","REED LN",115.00,E,N,A,-,N,,,,,,,,,,Y,2,0,2,2,A,-,01,23152,E,N,D,C,A,A,H,-,A,D,0,,,Y,,Y,,C,02,1,1,0,0,0,0,0,0,1,"- ","- ",,,PLACER,UNINCORPORATED,-121.04821575,38.956858789999998
6927399,2015,2016-11-03,9221,2015-05-02,2105,13442,,6,2,9,3100,0,1,1,,2,388,"RT 80","HAMPSHIRE ROCKS RD",1584.00,W,N,A,-,Y,PLA,3,80,-,R,66.020,H,-,W,Y,2,0,1,1,A,-,08,22107,,N,E,I,A,A,H,-,D,D,1,,,,,Y,,A,01,1,0,0,0,0,0,0,0,0,"- ","- ",39.311929999999997,-120.50565,PLACER,UNINCORPORATED,-120.50470781999999,39.312142629999997
6939905,2015,2016-12-17,9220,2015-05-08,2500,013060,,5,4,9,3100,0,1,3,,1,249,"SR 49","LONE STAR RD",500.00,N,N,A,-,Y,PLA,3,49,-,-,10.370,H,-,N,N,2,0,1,2,A,-,05,21650,,F,B,G,A,A,H,-,A,D,0,,Y,,,Y,,A,01,1,0,0,0,0,0,1,0,0,"- ","- ",,,PLACER,UNINCORPORATED,-121.10840890999999,38.997709559999997
6941199,2015,2015-07-25,3103,2015-06-21,0316,JMCCA,L4,7,5,2,3103,0,0,0,,0,0L2,"MOORE RD","PT A",83.00,W,N,A,-,N,,,,,,,,,,Y,2,0,2,1,A,-,05,21650,,N,F,A,A,A,H,-,D,D,0,,,,,Y,,D,22,2,0,0,0,0,0,0,0,0,"- ","- ",,,PLACER,LINCOLN,,
6944526,2015,2016-06-20,9222,2015-05-09,1245,018593,,6,1,9,3100,0,3,5,,2,010,"BARKER PASS RD","RT 89",2640.00,W,N,A,-,N,,,,,,,,,,N,2,0,1,1,A,-,03,22350,,N,F,G,A,A,H,-,A,D,0,,Y,,,Y,,L,04,1,0,0,0,0,0,1,0,0,"- ","- ",39.115819999999999,-120.15112000000001,PLACER,UNINCORPORATED,-120.16673704,39.111401970000003
6947596,2015,2015-06-27,9220,2015-05-10,0500,12612,,7,3,9,3100,0,3,5,,2,060,"APPLEGATE RD","CHERYL LN",0.00,,Y,A,-,N,,,,,,,,,,Y,2,0,1,1,A,-,01,23152,E,N,F,A,A,A,H,-,D,D,0,,,Y,,Y,,C,02,1,0,0,0,0,0,0,0,1,"- ","- ",38.98113,-121.00660999999999,PLACER,UNINCORPORATED,-121.00663996,38.981149989999999
6947598,2015,2015-06-27,9220,2015-05-18,0655,16668,,1,1,9,3100,0,2,4,,1,012,"BASELINE RD","ELDER ST",341.00,W,N,A,-,N,,,,,,,,,,Y,2,0,2,2,A,-,08,22107,,N,D,C,A,A,H,-,A,D,0,,,,,Y,,A,01,1,1,0,0,0,0,0,0,0,"- ","- ",38.751370000000001,-121.47917,PLACER,UNINCORPORATED,-121.47925579,38.751448510000003
6971974,2015,2016-10-31,9220,2015-05-24,1450,013794,,7,2,9,3100,0,1,3,,2,193,"RT 193","LYLES LN",13.00,E,N,A,-,Y,PLA,3,193,-,-,3.740,H,-,W,Y,2,0,1,2,A,-,05,21460,A,N,B,C,A,A,H,-,A,D,0,,,Y,,Y,,C,02,1,0,0,0,0,0,0,0,1,"- ","- ",38.886560000000003,-121.22432000000001,PLACER,UNINCORPORATED,-121.22421294999999,38.886593079999997
6974569,2015,2015-07-14,9220,2015-06-04,1815,011085,,4,2,9,3100,0,3,5,,2,030,"MCCOURTNEY RD","RIOSA RD",530.00,N,N,A,-,N,,,,,,,,,,Y,2,0,1,2,A,-,05,21650,,N,B,C,A,A,H,-,A,D,0,,,,,Y,,A,01,1,0,0,0,0,0,0,0,0,"- ","- ",38.982990000000001,-121.28413999999999,PLACER,UNINCORPORATED,-121.28407819,38.986225130000001
7006442,2015,2016-01-15,3104,2015-12-08,1108,280,25,2,5,4,3104,0,0,0,,0,003,"STANFORD RANCH RD",BREEN,0.00,W,N,B,-,N,,,,,,,,,,Y,1,1,0,1,D,-,00,,,N,E,I,A,A,H,-,A,D,0,,,Y,,Y,,-,"- ",0,0,0,0,0,0,0,1,0,"- ","- ",38.815350000000002,-121.25711,PLACER,ROCKLIN,-121.26010999,38.81465996
7008178,2015,2015-08-14,3103,2015-07-08,0719,SKRUE,L6,3,5,2,3103,0,0,0,,0,0L4,"STAGS LEAP LN","SUN CITY LN",0.00,,Y,A,-,N,,,,,,,,,,N,2,0,2,3,A,-,10,21950,A,N,G,B,B,A,H,-,A,A,0,Y,,,,Y,,D,22,1,1,0,0,2,0,0,0,0,"- ","- ",38.871650000000002,-121.25342000000001,PLACER,LINCOLN,-121.27820985,38.881159920000002
7030797,2015,2015-09-03,3104,2015-08-05,2057,218,12,3,5,4,3104,0,0,0,,0,004,"SUNSET BL","STANFORD RANCH RD",535.00,W,N,A,-,N,,,,,,,,,,Y,2,0,2,2,A,-,09,21801,A,N,D,C,A,A,H,-,C,A,0,,,,,Y,Y,A,08,1,1,0,0,0,0,0,0,0,"- ","- ",38.798769999999998,-121.30768,PLACER,ROCKLIN,-121.26636506,38.797232530000002
7132779,2015,2015-12-17,3101,2015-12-07,1304,9,AUBRN,1,5,3,3101,0,0,0,,0,001,"HIGH ST","ELM AV",242.00,N,N,A,-,N,,,,,,,,,,N,2,0,1,1,B,-,22,,,N,H,J,A,A,H,-,A,D,0,,,,,Y,,A,07,1,0,0,0,0,0,0,0,0,"- ","- ",,,PLACER,AUBURN,-121.06750309,38.903253020000001
7137795,2015,2015-12-18,3100,2015-11-28,2134,183,,6,5,2,3106,0,0,0,,0,135,"TAYLOR RD","BRACE RD",165.00,S,N,A,-,N,,,,,,,,,,Y,2,0,1,3,A,-,03,22350,,F,-,D,A,A,H,-,C,A,0,,,,,Y,,-,,1,0,0,0,0,0,0,0,0,"- ","- ",,,PLACER,LOOMIS,-121.20886,38.810270000000003
7190512,2016,2016-11-07,3105,2016-03-31,1727,1034,,4,5,5,3105,0,0,0,,0,005,"BLUE OAKS BL","PACKARD DR",300.00,E,N,A,-,N,,,,,,,,,,Y,1,1,4,2,A,-,08,22107,,N,D,C,A,A,H,-,A,D,0,,,,,Y,,-,"- ",0,2,2,0,0,0,0,0,0,"- ","- ",38.79524,-121.30056,PLACER,ROSEVILLE,-121.30557822,38.795383729999998
7199446,2015,2016-03-11,3101,2015-07-10,2025,7,5,5,5,3,3101,0,0,0,,0,001,"LINCOLN WY","FORESTHILL AV",142.00,N,N,A,-,N,,,,,,,,,,Y,1,1,0,1,A,-,01,23152,A,F,E,I,A,A,H,-,A,D,0,,,,,Y,,A,01,0,0,0,0,0,0,0,0,0,"- ","- ",,,PLACER,AUBURN,-121.06632804,38.905864680000001
7200201,2017,2019-04-08,3104,2017-05-23,0311,276,46,2,5,4,3104,0,0,0,,0,002,"PACIFIC ST","SUNSET BL",300.00,S,N,A,-,N,,,,,,,,,,Y,1,1,0,1,A,-,03,22350,,N,E,I,A,B,H,-,E,D,0,,,Y,,Y,Y,C,02,0,0,0,0,0,0,0,1,0,"- ","- ",38.781379999999999,-121.2422,PLACER,ROCKLIN,-121.24302059,38.780872840000001
8281897,2016,2017-01-19,3104,2016-12-23,1937,251,38,5,5,4,3104,0,0,0,,0,003,"STANFORD RANCH BL","SUNSET BL",0.00,,Y,A,-,N,,,,,,,,,,Y,2,0,5,2,A,-,12,21453,A,N,D,C,A,B,H,-,C,A,0,,,,,Y,,A,01,1,0,4,0,0,0,0,0,0,"- ","- ",38.796250000000001,-121.26497999999999,PLACER,ROCKLIN,-121.26510987,38.7961399
8339677,2017,2017-04-05,3104,2017-03-30,1623,257,37,4,5,4,3104,0,0,0,,0,002,"SUNSET BL","WHITNEY BL",157.00,E,N,A,-,N,,,,,,,,,,N,2,0,1,2,A,-,08,22107,,F,D,G,A,A,H,-,A,A,0,,Y,,,Y,,A,01,1,0,0,0,0,0,1,0,0,"- ","- ",38.78687,-121.25261999999999,PLACER,ROCKLIN,-121.25226316,38.786750910000002
8348913,2017,2019-04-09,3101,2017-04-10,2025,A242,APD,1,5,3,3101,0,0,0,,0,001,"RT 49","FULWEILER AV",504.00,N,N,A,-,Y,PLA,3,49,-,-,3.570,H,-,S,Y,1,1,0,2,A,-,11,21954,A,N,G,B,D,A,H,-,D,D,0,Y,,,,Y,Y,N,60,0,0,0,1,0,0,0,0,0,"- ","- ",,,PLACER,AUBURN,-121.07649398,38.905392569999997
8372709,2017,2017-05-30,3104,2017-05-11,1600,286,23,4,5,4,3104,0,0,0,,0,003,"PARK DR","SPRINGFIELD DR",0.00,,Y,A,-,N,,,,,,,,,,Y,2,0,1,2,A,-,09,21802,A,N,D,D,A,A,H,-,A,D,0,,,,,Y,,A,01,1,0,0,0,0,0,0,0,0,"- ","- ",38.820219999999999,-121.23997,PLACER,ROCKLIN,-121.23987998,38.820230000000002
8404585,2017,2019-04-09,3101,2017-03-18,1252,259,5,6,5,3,3101,0,0,0,,0,002,"AUBURN FOLSOM RD","TRIBUTE CT",0.00,,Y,B,-,N,,,,,,,,,,Y,1,1,0,2,A,-,00,21760,B,F,B,G,A,A,H,-,A,D,0,,Y,,Y,Y,Y,F,26,0,0,0,0,0,1,0,0,0,"- ","- ",,,PLACER,AUBURN,-121.09462990999999,38.869209900000001
8465579,2018,2020-05-21,3105,2018-02-16,1649,133,,5,5,5,3105,0,0,0,,0,006,"BASELINE RD","WATT AV",3696.00,E,N,A,-,N,,,,,,,,,,Y,1,1,1,3,A,-,03,22350,,N,C,C,A,A,H,-,A,D,0,,,,,Y,,A,01,0,0,1,0,0,0,0,0,0,"- ","- ",,,PLACER,ROSEVILLE,-121.37970733642578,38.751701354980469
8465695,2018,2020-05-21,3105,2018-08-31,2055,178,,5,5,5,3105,0,0,0,,0,003,"RIVERSIDE AV","CIRBY WY",674.00,N,N,A,-,N,,,,,,,,,,Y,1,1,0,2,A,-,03,22350,,N,E,I,A,A,H,-,C,A,0,,,Y,,Y,,C,02,0,0,0,0,0,0,0,1,0,"- ","- ",,,PLACER,ROSEVILLE,-121.29049682617188,38.731201171875