CASE_ID,ACCIDENT_YEAR,PROC_DATE,JURIS,COLLISION_DATE,COLLISION_TIME,OFFICER_ID,REPORTING_DISTRICT,DAY_OF_WEEK,CHP_SHIFT,POPULATION,CNTY_CITY_LOC,SPECIAL_COND,BEAT_TYPE,CHP_BEAT_TYPE,CITY_DIVISION_LAPD,CHP_BEAT_CLASS,BEAT_NUMBER,PRIMARY_RD,SECONDARY_RD,DISTANCE,DIRECTION,INTERSECTION,WEATHER_1,WEATHER_2,STATE_HWY_IND,CALTRANS_COUNTY,CALTRANS_DISTRICT,STATE_ROUTE,ROUTE_SUFFIX,POSTMILE_PREFIX,POSTMILE,LOCATION_TYPE,RAMP_INTERSECTION,SIDE_OF_HWY,TOW_AWAY,COLLISION_SEVERITY,NUMBER_KILLED,NUMBER_INJURED,PARTY_COUNT,PRIMARY_COLL_FACTOR,PCF_CODE_OF_VIOL,PCF_VIOL_CATEGORY,PCF_VIOLATION,PCF_VIOL_SUBSECTION,HIT_AND_RUN,TYPE_OF_COLLISION,MVIW,PED_ACTION,ROAD_SURFACE,ROAD_COND_1,ROAD_COND_2,LIGHTING,CONTROL_DEVICE,CHP_ROAD_TYPE,PEDESTRIAN_ACCIDENT,BICYCLE_ACCIDENT,MOTORCYCLE_ACCIDENT,TRUCK_ACCIDENT,NOT_PRIVATE_PROPERTY,ALCOHOL_INVOLVED,STWD_VEHTYPE_AT_FAULT,CHP_VEHTYPE_AT_FAULT,COUNT_SEVERE_INJ,COUNT_VISIBLE_INJ,COUNT_COMPLAINT_PAIN,COUNT_PED_KILLED,COUNT_PED_INJURED,COUNT_BICYCLIST_KILLED,COUNT_BICYCLIST_INJURED,COUNT_MC_KILLED,COUNT_MC_INJURED,PRIMARY_RAMP,SECONDARY_RAMP,LATITUDE,LONGITUDE,COUNTY,CITY,POINT_X,POINT_Y
8469111,2017,2017-10-11,3103,2017-09-26,0740,SKRUE,L1,2,5,2,3103,0,0,0,,0,0L1,"NICOLAUS RD","O ST",528.00,W,N,A,-,N,,,,,,,,,,N,2,0,1,2,A,-,17,21209,A,N,B,G,A,A,H,-,A,D,0,,Y,,,Y,,A,01,1,0,0,0,0,0,1,0,0,"- ","- ",38.897300000000001,-121.30293,PLACER,LINCOLN,-121.30481432000001,38.897241979999997
8507431,2017,2017-12-13,3100,2017-11-07,1741,216,135,2,5,2,3106,0,0,0,,0,PAUL,"HUMPHREY RD","KING RD",18.00,N,N,A,-,N,,,,,,,,,,Y,2,0,1,1,A,-,01,23152,A,N,E,I,A,A,H,-,B,A,0,,,,,Y,Y,-,,1,0,0,0,0,0,0,0,0,"- ","- ",,,PLACER,LOOMIS,-121.20103,38.825159429999999
8526868,2017,2018-01-12,3103,2017-12-11,1636,CSOBE,L8,1,5,2,3103,0,0,0,,0,0L4,"EAST JOINER PKWY","FIELDSTONE DR",0.00,,Y,A,-,N,,,,,,,,,,N,2,0,1,2,A,-,09,21801,A,N,H,G,A,A,H,-,B,D,0,,Y,,,Y,,A,07,1,0,0,0,0,0,1,0,0,"- ","- ",38.847589999999997,-121.28654,PLACER,LINCOLN,-121.28657989,38.847609949999999
8528862,2017,2018-01-10,3101,2017-12-21,2151,25,,4,5,3,3101,0,0,0,,0,001,"APPIAN WY","AUBURN RAVINE RD",44.00,E,N,A,-,N,,,,,,,,,,Y,2,0,1,1,A,-,03,22350,,N,E,I,A,A,H,-,D,D,0,,,,,Y,,A,01,1,0,0,0,0,0,0,0,0,"- ","- ",,,PLACER,AUBURN,-121.06570235,38.917604939999997
8549030,2018,2018-02-20,3101,2018-02-08,2216,58,,4,5,3,3101,0,0,0,,0,001,"LUTHER RD","DAIRY RD",0.00,,Y,A,-,N,,,,,,,,,,Y,2,0,1,2,A,-,01,23153,A,N,D,C,A,A,H,-,C,A,0,,,,,Y,Y,A,07,1,0,0,0,0,0,0,0,0,"- ","- ",,,PLACER,AUBURN,-121.07406616210938,38.927680969238281
8648388,2018,2020-05-26,3104,2018-11-04,2227,302,37,7,5,4,3104,0,0,0,,0,002,"SPRINGVIEW DR","PLACER WEST DR",203.00,S,N,A,-,N,,,,,,,,,,Y,1,1,0,3,A,-,08,22107,,N,B,E,A,A,H,-,C,D,0,,,Y,,Y,Y,C,02,0,0,0,0,0,0,0,1,0,"- ","- ",38.774738311767578,-121.25453186035156,PLACER,ROCKLIN,-121.25392913818359,38.775058746337891
8648477,2017,2019-04-10,3101,2017-10-14,1526,A341,5,6,5,3,3101,0,0,0,,0,001,"AUBURN FOLSOM RD","INDIAN HILL RD",1165.00,S,N,A,-,N,,,,,,,,,,Y,1,1,1,2,A,-,03,22350,,N,E,I,A,A,H,-,A,D,0,,,,,Y,Y,-,,0,1,0,0,0,0,0,0,0,"- ","- ",,,PLACER,AUBURN,-121.0914216,38.871697040000001
8689366,2018,2018-10-08,3103,2018-08-25,1731,JNIXO,L4,6,5,2,3103,0,0,0,,0,0L2,"JOINER PKWY","DANBURY DR",0.00,,Y,A,-,N,,,,,,,,,,Y,2,0,1,2,A,-,12,21453,A,N,D,C,A,A,H,-,A,A,0,,,,,Y,,A,07,1,0,0,0,0,0,0,0,0,"- ","- ",38.880390167236328,-121.31271362304688,PLACER,LINCOLN,-121.30941009521484,38.878360748291016
8691818,2018,2018-09-24,3104,2018-08-14,0214,296,5,2,5,4,3104,0,0,0,,0,004,"SPRING CRK DR","WILD PLAINS CIR",24.00,N,N,A,-,N,,,,,,,,,,Y,2,0,1,1,A,-,01,23152,F,N,F,A,A,A,H,-,C,D,0,,,,,Y,,D,72,1,0,0,0,0,0,0,0,0,"- ","- ",,,PLACER,ROCKLIN,-121.28063201904297,38.835205078125
8707504,2018,2018-10-16,3103,2018-09-14,2025,TPARS,L4,5,5,2,3103,0,0,0,,0,0L2,"FERRARI RANCH RD","GROVELAND LN",0.00,,Y,A,-,N,,,,,,,,,,Y,2,0,2,2,A,-,08,22107,,N,D,C,A,A,H,-,B,A,0,,,,,Y,,A,01,1,1,0,0,0,0,0,0,0,"- ","- ",38.873149871826172,-121.30422973632812,PLACER,LINCOLN,-121.30446624755859,38.873180389404297
8777220,2018,2019-01-30,3101,2018-12-24,1344,A660,PLACE,1,5,3,3101,0,0,0,,0,002,"AUBURN FOLSOM","SACRAMENTO ST",0.00,,-,C,-,N,,,,,,,,,,Y,2,0,5,2,A,-,05,21651,A,N,A,C,A,B,H,-,A,A,0,,,,,Y,,A,01,2,0,3,0,0,0,0,0,0,"- ","- ",38.532600402832031,-121.43499755859375,PLACER,AUBURN,-121.08016204833984,38.878448486328125
8847972,2019,2019-04-29,3104,2019-03-23,2341,300,42,6,5,4,3104,0,0,0,,0,001,"PACIFIC ST","PACIFIC ST 4195",0.00,S,N,C,-,N,,,,,,,,,,Y,2,0,2,2,A,-,01,23153,A,N,A,C,A,B,H,-,C,D,0,,,,,Y,Y,D,22,1,1,0,0,0,0,0,0,0,"- ","- ",38.806640625,-121.21418762207031,PLACER,ROCKLIN,-121.21448516845703,38.806838989257812
8867023,2017,2019-07-15,3105,2017-04-05,0939,369,,3,5,5,3105,0,0,0,,0,004,"BERRY ST","PULLEN ST",438.00,E,N,A,-,N,,,,,,,,,,Y,2,0,1,2,A,-,17,21461,A,M,D,C,A,A,H,-,A,A,0,,,,,Y,,A,01,1,0,0,0,0,0,0,0,0,"- ","- ",,,PLACER,ROSEVILLE,-121.27495,38.757579999999997
8896753,2017,2019-07-15,3105,2017-03-29,2229,1065,,3,5,5,3105,0,0,0,,0,004,"CIRCUIT DR","FIG ST",75.00,N,N,A,-,N,,,,,,,,,,N,2,0,1,2,A,-,03,22350,,N,C,E,A,A,H,-,C,D,0,,,Y,,Y,,C,02,1,0,0,0,0,0,0,0,1,"- ","- ",,,PLACER,ROSEVILLE,-121.29805216,38.748524119999999
8899038,2019,2019-07-26,3105,2019-05-11,1733,1084,,6,5,5,3105,0,0,0,,0,005,"BLUE OAKS BL","NIBLICK DR",0.00,,Y,A,-,N,,,,,,,,,,N,2,0,1,2,A,-,08,22107,,F,D,G,A,A,H,-,A,D,0,,Y,,,Y,,A,01,1,0,0,0,0,0,1,0,0,"- ","- ",,,PLACER,ROSEVILLE,-121.31192016601562,38.795269012451172
8910929,2020,2020-04-10,3105,2020-01-31,2037,178,,5,5,5,3105,0,0,0,,0,003,"RIVERSIDE AV","CIRBY WY",321.00,N,N,A,-,N,,,,,,,,,,Y,1,1,0,2,A,-,11,21955,,F,G,B,D,A,H,-,C,A,0,Y,,,,Y,,N,60,0,0,0,1,0,0,0,0,0,"- ","- ",,,PLACER,ROSEVILLE,-121.29048156738281,38.730232238769531
8911698,2020,2022-06-11,3103,2020-07-10,0614,BSCHN,L8,5,5,2,3103,0,0,0,,0,0L4,RT_65,"HIGHWAY 65",0.00,,Y,A,-,Y,PLA,3,65,-,R,11.978,R,4,N,Y,1,1,0,2,D,-,00,,,N,D,C,A,A,H,-,A,A,0,,,,Y,Y,,-,"- ",0,0,0,0,0,0,0,0,0,"- ",NO,38.853748321533203,-121.30014038085938,PLACER,LINCOLN,-121.29958343505859,38.851924896240234
8920943,2019,2019-08-26,3105,2019-05-14,0231,1114,,2,5,5,3105,0,0,0,,0,003,"LINCOLN ST","ATLANTIC ST",0.00,,Y,A,-,N,,,,,,,,,,Y,2,0,1,2,A,-,03,22350,,F,C,C,A,A,H,-,C,D,0,,,Y,,Y,Y,-,,1,0,0,0,0,0,0,0,1,"- ","- ",38.750331878662109,-121.28340148925781,PLACER,ROSEVILLE,-121.28334045410156,38.750331878662109
8925233,2019,2019-08-27,3105,2019-07-18,1857,1127,,4,5,5,3105,0,0,0,,0,003,"WASHINGTON BL","OAK ST",0.00,,Y,A,-,N,,,,,,,,,,Y,2,0,1,1,A,-,03,22350,,N,E,I,A,A,H,-,A,D,0,,,Y,,Y,,C,02,1,0,0,0,0,0,0,0,1,"- ","- ",38.748210906982422,-121.28314971923828,PLACER,ROSEVILLE,-121.28321,38.748199
8939597,2019,2020-02-13,3105,2019-11-22,1002,1056,,5,5,5,3105,0,0,0,,0,006,"PLEASANT GROVE BL","DAYSTAR DR",80.00,E,N,A,-,N,,,,,,,,,,N,1,1,0,1,C,-,18,,,N,H,A,A,A,H,-,A,A,0,,,,,Y,,-,"- ",0,0,0,0,0,0,0,0,0,"- ","- ",,,PLACER,ROSEVILLE,-121.39199829101562,38.775291442871094
8939708,2023,2024-01-17,3105,2023-09-05,1639,1099,,2,5,5,3105,0,0,0,,0,002,"SUNRISE AV","COLOMA WY",845.00,S,N,A,-,N,,,,,,,,,,Y,1,1,2,3,A,-,01,23152,F,N,D,C,A,A,H,-,A,D,0,,,Y,,Y,,C,02,0,2,0,0,0,0,0,1,1,"- ","- ",,,PLACER,ROSEVILLE,-121.27202606201172,38.734451293945312
8951727,2018,2019-10-30,3105,2018-03-15,2127,185,,4,5,5,3105,0,0,0,,0,005,"PLEASANT GROVE BL","WASHINGTON BL",0.00,,Y,B,C,N,,,,,,,,,,Y,2,0,1,2,A,-,09,21453,C,N,D,C,A,B,H,-,C,A,0,,,,,Y,,A,07,1,0,0,0,0,0,0,0,0,"- ","- ",38.773880004882812,-121.30377960205078,PLACER,ROSEVILLE,-121.30375671386719,38.773899078369141
8951824,2018,2019-11-07,3105,2018-05-27,0419,78,,7,5,5,3105,0,0,0,,0,005,"BLUE OAK BL","NIBLICK DR",0.00,,Y,A,-,N,,,,,,,,,,Y,2,0,1,2,A,-,09,21801,A,N,A,C,A,A,H,-,C,D,0,,,,Y,Y,,F,26,1,0,0,0,0,0,0,0,0,"- ","- ",,,PLACER,ROSEVILLE,-121.31192016601562,38.795269012451172
8952208,2018,2019-10-25,3105,2018-07-16,1540,1015,,1,5,5,3105,0,0,0,,0,005,"PLEASANT GROVE BL","HIGHLAND POINTE DR",0.00,,Y,A,-,N,,,,,,,,,,Y,2,0,3,2,A,-,12,21453,A,N,D,C,A,A,H,-,A,A,0,,,,,Y,,A,07,1,1,1,0,0,0,0,0,0,"- ","- ",,,PLACER,ROSEVILLE,-121.2867431640625,38.783279418945312
8952216,2018,2019-11-04,3105,2018-07-09,1934,1065,,1,5,5,3105,0,0,0,,0,003,"CIRBY WY","SUNRISE AV",725.00,W,N,A,-,N,,,,,,,,,,N,2,0,1,2,A,-,09,21804,A,N,A,C,A,A,H,-,B,D,0,,,Y,,Y,,A,08,1,0,0,0,0,0,0,0,1,"- ","- ",,,PLACER,ROSEVILLE,-121.27462768554688,38.7294921875
8952265,2018,2020-03-05,3105,2018-08-02,1812,186,,4,5,5,3105,0,0,0,,0,002,"S SUNRISE AV","MADDEN LN",0.00,,Y,A,-,N,,,,,,,,,,Y,2,0,1,2,A,-,09,21802,A,N,D,C,A,A,H,-,A,A,0,,,,,Y,,A,01,1,0,0,0,0,0,0,0,0,"- ","- ",38.73175048828125,-121.27200317382812,PLACER,ROSEVILLE,-121.27205657958984,38.73175048828125
8952601,2018,2019-11-01,3105,2018-12-11,2056,1076,,2,5,5,3105,0,0,0,,0,004,"CHURCH ST","HICKORY ST",0.00,,Y,A,-,N,,,,,,,,,,Y,2,0,1,2,A,-,01,23152,A,N,A,C,A,A,H,-,C,D,0,,,,,Y,Y,A,01,1,0,0,0,0,0,0,0,0,"- ","- ",38.744739532470703,-121.29557800292969,PLACER,ROSEVILLE,-121.29551696777344,38.744728088378906
8968910,2018,2020-03-05,3105,2018-09-01,1955,1116,,6,5,5,3105,0,0,0,,0,005,"FOOTHILLS BL","BASELINE RD",556.00,N,N,A,-,N,,,,,,,,,,N,2,0,1,2,A,-,09,21801,A,N,D,C,A,A,H,-,C,D,0,,,Y,,Y,,A,07,1,0,0,0,0,0,0,0,1,"- ","- ",,,PLACER,ROSEVILLE,-121.30950164794922,38.753349304199219
8972712,2019,2019-11-15,3101,2019-10-18,1137,A716,5,5,5,3,3101,0,0,0,,0,002,"MAPLE ST","COMMERCIAL ST",0.00,,Y,A,-,N,,,,,,,,,,N,2,0,2,2,A,-,08,22107,,N,D,C,A,A,H,-,A,A,0,,,,,Y,Y,A,01,1,0,1,0,0,0,0,0,0,"- ","- ",,,PLACER,AUBURN,-121.07817840576172,38.896751403808594
8976853,2019,2019-12-06,3105,2019-04-12,1457,165,,5,5,5,3105,0,0,0,,0,006,"WOODCREEK OAKS BL","TRAILEE CT",0.00,,Y,A,-,N,,,,,,,,,,N,2,0,1,2,A,-,05,21650,1,N,D,C,A,A,H,-,A,A,0,,Y,,,Y,Y,L,04,1,0,0,0,0,0,1,0,0,"- ","- ",,,PLACER,ROSEVILLE,-121.33249664306641,38.760940551757812
8983728,2019,2019-12-03,3105,2019-09-22,0446,1129,,7,5,5,3105,0,0,0,,0,005,"E HIGHLAND PARK DR","CENTRAL PARK DR",213.00,E,N,A,-,N,,,,,,,,,,Y,2,0,2,1,A,-,03,22350,,N,H,I,A,-,H,-,C,D,0,,,,,Y,,A,01,1,0,1,0,0,0,0,0,0,"- ","- ",38.789730072021484,-121.27382659912109,PLACER,ROSEVILLE,-121.27374267578125,38.789768218994141
8987525,2019,2019-11-22,3101,2019-09-09,1538,A660,5,1,5,3,3101,0,0,0,,0,001,"LINCOLN WY","LINCOLN WY 102",0.00,,-,A,-,N,,,,,,,,,,Y,2,0,2,2,A,-,01,23153,A,N,-,C,A,A,H,-,A,D,0,,,Y,,Y,Y,A,01,1,0,1,0,0,0,0,0,2,"- ","- ",38.911468505859375,-121.06114196777344,PLACER,AUBURN,-121.061375,38.911287000000002
8987602,2019,2019-12-04,3105,2019-03-29,1238,343,,5,5,5,3105,0,0,0,,0,001,"ANTELOPE CREEK DR","CREEKSIDE RIDGE DR",1288.00,E,N,A,-,N,,,,,,,,,,Y,2,0,1,1,A,-,01,23152,A,N,F,I,A,A,H,-,A,D,0,,,,,Y,Y,D,22,1,0,0,0,0,0,0,0,0,"- ","- ",,,PLACER,ROSEVILLE,-121.25747680664062,38.769515991210938
8991973,2019,2019-12-04,3100,2019-10-29,1330,101,,2,5,2,3106,0,0,0,,0,LOP,"TAYLOR RD","RACHEL LN",900.00,N,N,A,-,N,,,,,,,,,,Y,2,0,1,2,A,-,09,21804,A,N,D,C,A,A,H,-,A,D,0,,,,,Y,,-,,1,0,0,0,0,0,0,0,0,"- ","- ",,,PLACER,LOOMIS,-121.18708801269531,38.829959869384766
90006310,2015,2015-10-19,9220,2015-07-11,0050,016668,,6,3,9,3100,0,3,5,,2,050,"NEW AIRPORT RD.","BILL FRANCIS RD",0.00,,N,A,-,N,,,,,,,,,,Y,2,0,2,1,A,-,01,23152,B,N,E,I,A,A,H,-,D,D,0,,,,,Y,Y,A,07,1,0,1,0,0,0,0,0,0,"- ","- ",38.939309999999999,-121.08038000000001,PLACER,UNINCORPORATED,-121.08024989,38.939549900000003
90006634,2015,2015-10-19,9222,2015-07-18,1320,017907,,6,1,9,3100,0,1,3,,1,014,"SR-28 E/B","ROCKY RIDGE",240.00,W,N,A,-,Y,,,,,,,,,,N,2,0,1,1,A,-,08,22107,,N,F,I,A,A,H,-,A,D,0,,Y,,,Y,,L,04,1,0,0,0,0,0,1,0,0,"- ","- ",39.118130000000001,-120.12909999999999,PLACER,UNINCORPORATED,-120.12911131,39.181304740000002
90007071,2015,2015-10-19,9222,2015-06-29,1435,017515,,1,2,9,3100,0,1,3,,1,011,"STATE ROUTE 89 SOUTH","TAHOE SKI BOWL WAY",1056.00,N,N,A,-,Y,,,89,,,,,,,N,2,0,1,3,A,-,08,22107,,F,G,B,E,A,D,-,A,A,0,Y,,,,Y,Y,D,22,1,0,0,0,1,0,0,0,0,"- ","- ",39.081870000000002,-120.15828999999999,PLACER,UNINCORPORATED,-120.15831048,39.081858609999998
90007536,2015,2015-10-19,9220,2015-08-03,2040,012412,,1,2,9,3100,0,2,4,,2,062,"FORESTHILL RD","OLD AUBURN FORESTHILL RD",4800.00,W,N,A,-,N,,,,,,,,,,Y,2,0,1,1,A,-,01,23152,A,N,E,I,A,A,H,-,D,D,0,,,Y,,Y,Y,C,02,1,0,0,0,0,0,0,0,1,"- ","- ",38.925780000000003,-121.01600000000001,PLACER,UNINCORPORATED,-121.01581118999999,38.925932539999998
90014290,2015,2015-10-19,9220,2015-08-31,1825,012412,,1,2,9,3100,0,2,4,,2,064,"FORESTHILL RD","CHURCH ST",0.00,,Y,A,-,N,,,,,,,,,,N,2,0,1,2,A,-,09,21802,A,N,D,C,A,A,H,-,A,A,0,,,Y,,Y,,A,01,1,0,0,0,0,0,0,0,1,"- ","- ",39.021000000000001,-120.81384,PLACER,UNINCORPORATED,-120.81384994,39.021009929999998
90017133,2015,2015-10-19,9220,2015-08-01,0958,013856,,6,1,9,3100,0,1,1,,2,283,"I-80 E/B","HEATHER GLEN DR",2112.00,W,N,A,-,Y,,,,,,,,,,Y,1,1,0,1,A,-,08,22107,,N,E,I,A,A,H,-,A,D,0,,,Y,,Y,,C,02,0,0,0,0,0,0,0,1,0,"- ","- ",,,PLACER,UNINCORPORATED,,
90020669,2015,2015-10-19,9220,2015-07-04,0120,014282,,6,3,9,3100,0,2,4,,2,062,"FORESTHILL ROAD","BELLA VISTA CR",5280.00,E,N,A,-,N,,,,,,,,,,Y,1,1,0,1,A,-,01,23152,A,N,F,I,A,A,H,-,D,D,0,,,,,Y,Y,A,01,0,0,0,0,0,0,0,0,0,"- ","- ",38.992600000000003,-120.92411,PLACER,UNINCORPORATED,-120.92670873,38.990845640000003
90025830,2015,2015-10-19,9220,2015-09-23,1645,012239,,3,2,9,3100,0,2,4,,2,022,"DOUGLAS BLVD","BERG ST",250.00,W,N,A,-,N,,,,,,,,,,N,2,0,1,2,A,-,09,21802,A,F,D,G,A,A,H,-,A,D,0,,Y,,,Y,,L,04,1,0,0,0,0,0,1,0,0,"- ","- ",38.744010000000003,-121.19977,PLACER,UNINCORPORATED,-121.19950633000001,38.74428623
90038850,2015,2015-10-27,9220,2015-09-02,0232,012412,,3,3,9,3100,0,1,1,,2,283,"I-80 W/B","ELM O/C",420.00,W,N,A,-,Y,,,,,,,,,,N,1,1,0,3,A,-,11,21954,A,N,G,B,E,A,H,-,C,D,0,Y,,,Y,Y,,N,60,0,0,0,1,0,0,0,0,0,"- ","- ",,,PLACER,UNINCORPORATED,-121.07258902,38.902313909999997
90041697,2015,2015-10-30,9220,2015-10-17,2000,011085,,6,2,9,3100,0,1,1,,2,282,"I-80 (W/B)","SIERRA COLLEGE BLVD",600.00,E,N,B,-,Y,,,,,,,,,,Y,2,0,1,1,A,-,03,22350,,N,E,J,A,A,H,-,C,D,0,,,,,Y,,A,07,1,0,0,0,0,0,0,0,0,"- ","- ",38.805790000000002,-121.20211999999999,PLACER,UNINCORPORATED,-121.20399762,38.804310260000001
90062910,2015,2015-12-01,9220,2015-11-13,2210,013466,,5,3,9,3100,0,3,5,,2,030,"GARDEN BAR RD.","WISE RD.",1584.00,N,N,B,-,N,,,,,,,,,,Y,2,0,1,1,A,-,08,22107,,N,E,I,A,A,H,-,D,A,0,,,,,Y,Y,A,01,1,0,0,0,0,0,0,0,0,"- ","- ",,,PLACER,UNINCORPORATED,-121.22838908,38.931068840000002
90103641,2016,2016-01-27,9222,2016-01-24,0630,019477,,7,1,9,3100,0,1,3,,1,016,SR-267,"KINGSWOOD DRIVE",81.00,S,N,B,-,Y,,,267,,,,,,,Y,2,0,5,2,A,-,05,21460,A,N,A,C,A,C,H,-,D,D,0,,,,,Y,,A,07,2,1,2,0,0,0,0,0,0,"- ","- ",39.250340000000001,-120.03466,PLACER,UNINCORPORATED,-120.03459488999999,39.250403710000001
90104513,2016,2016-01-28,9221,2016-01-14,1047,020154,,4,1,9,3100,0,1,1,,2,388,"I-80 W/B","DONNER PASS RD. (RAINBOW RD.)",5280.00,W,N,B,-,Y,,,80,,,,,,W,Y,2,0,2,2,A,-,03,22350,,N,B,C,A,B,H,-,A,D,0,,,,,Y,,A,07,1,1,0,0,0,0,0,0,0,"- ","- ",39.312739999999998,-120.5168,PLACER,UNINCORPORATED,-120.51676565,39.312680329999999
90107252,2016,2016-02-02,9220,2016-01-22,1845,012412,,5,2,9,3100,0,3,5,,2,050,"BELL ROAD","HERITAGE OAK LN",35.00,E,N,B,C,N,,,,,,,,,,N,2,0,1,2,A,-,11,21954,A,N,G,B,D,B,H,-,C,D,0,Y,,,,Y,Y,N,60,1,0,0,0,1,0,0,0,0,"- ","- ",38.941890000000001,-121.09866,PLACER,UNINCORPORATED,-121.09871699,38.941912649999999
90120840,2015,2016-02-22,9220,2015-10-23,1520,014611,,5,2,9,3100,0,2,4,,2,051,"PLACER HILLS RD","LAKE ARTHUR RD",968.00,N,N,A,-,N,,,,,,,,,,Y,1,1,0,2,A,-,08,22107,,N,B,C,A,A,H,-,A,D,0,,,,,Y,,A,01,0,0,0,0,0,0,0,0,0,"- ","- ",38.970570000000002,-121.01911,PLACER,UNINCORPORATED,-121.02000045,38.973120950000002
90126943,2016,2016-03-01,9220,2016-02-08,0015,014438,,1,3,4,3104,0,1,1,,2,281,"I-80 EASTBOUND","ROCKLIN ROAD",3445.00,W,N,A,-,Y,,,80,,,,,,E,Y,1,1,0,2,A,-,11,21954,A,N,G,B,E,A,H,-,D,D,0,Y,,,,Y,,N,60,0,0,0,1,0,0,0,0,0,"- ","- ",38.781320000000001,-121.23093,PLACER,ROCKLIN,-121.23097552999999,38.781371730000004
90137497,2016,2016-03-16,9220,2016-03-08,2305,016668,,2,3,9,3100,0,1,3,,1,249,"SR-49 S/B","BELL RD.",0.00,,Y,B,-,Y,,,,,,,,,,N,2,0,1,2,A,-,11,21950,B,N,G,B,B,A,H,-,C,A,0,Y,,,,Y,Y,N,60,1,0,0,0,1,0,0,0,0,"- ","- ",,,PLACER,UNINCORPORATED,,
90142999,2016,2016-03-24,9220,2016-01-21,1455,014611,,4,2,9,3100,0,3,5,,2,030,"VIRGINIATOWN RD","DANIEL DR.",0.00,,Y,A,-,N,,,,,,,,,,Y,2,0,4,3,A,-,01,23152,F,N,D,C,A,A,H,-,A,D,0,,,,,Y,Y,D,22,1,1,2,0,0,0,0,0,0,"- ","- ",,,PLACER,UNINCORPORATED,-121.24247987,38.897469919999999
90147852,2016,2016-03-30,9220,2016-03-07,0550,015197,,1,3,9,3100,0,3,5,,2,010,"ATHENS AVE","FIDDYMENT RD",1584.00,E,N,C,-,N,,,,,,,,,,N,2,0,1,2,A,-,11,21956,A,N,B,B,E,B,H,-,D,D,0,Y,,,Y,Y,,N,60,1,0,0,0,1,0,0,0,0,"- ","- ",38.838810000000002,-121.34578999999999,PLACER,UNINCORPORATED,-121.34383844,38.838900619999997
90148039,2016,2016-04-08,9221,2016-03-18,0020,014289,,5,3,9,3100,0,1,S,,2,904,"STATE HIGHWAY 174","LAZZARINI ROAD",199.00,N,N,A,-,Y,,,174,,,,,,,Y,1,1,0,1,A,-,03,22350,,N,E,I,A,A,H,-,D,D,0,,,Y,,Y,,C,02,0,0,0,0,0,0,0,1,0,"- ","- ",39.114440000000002,-120.94987,PLACER,UNINCORPORATED,-120.94993406,39.114469710000002
90155626,2016,2016-04-12,9220,2016-02-17,0700,014466,,3,1,9,3100,0,2,4,,2,062,"FORESTHILL ROAD","OLD AUBURN FORESTHILL RD",6864.00,E,N,B,-,N,,,,,,,,,,Y,1,1,1,2,A,-,05,21460,A,N,A,C,A,A,H,-,A,D,0,,,,Y,Y,,A,01,0,0,1,0,0,0,0,0,0,"- ","- ",38.941630000000004,-120.98694999999999,PLACER,UNINCORPORATED,-120.98516459,38.942498469999997
90158549,2016,2016-04-15,9222,2016-03-11,1850,019272,,5,2,9,3100,0,1,3,,1,013,"STATE ROUTE 89 SOUTH","CABIN CREEK RD.",12672.00,S,N,B,F,Y,,,89,,,,,,,Y,1,1,4,5,C,-,18,,,N,A,C,A,C,H,-,D,D,0,,,,,Y,,-,"- ",1,0,3,0,0,0,0,0,0,"- ","- ",39.243859999999998,-120.2106,PLACER,UNINCORPORATED,-120.21059321,39.243862589999999
9016073,2020,2020-06-16,3104,2020-03-08,0905,262,38,7,5,4,3104,0,0,0,,0,003,"SUNSET BL","STANFORD RANCH",0.00,,Y,B,-,N,,,,,,,,,,N,2,0,1,2,A,-,08,22107,,N,H,G,A,A,H,-,A,A,0,,Y,,,Y,,L,04,1,0,0,0,0,0,1,0,0,"- ","- ",38.796249389648438,-121.26497650146484,PLACER,ROCKLIN,-121.26510620117188,38.796138763427734
90176309,2016,2016-05-10,9220,2016-03-26,0635,014466,,6,1,9,3100,0,1,1,,2,283,"I-80 WESTBOUND","W. PAOLI LANE",687.00,W,N,A,-,Y,,,80,,,,,,W,Y,1,1,1,1,A,-,08,22107,,N,E,I,A,A,H,-,A,D,0,,,,,Y,,D,22,0,1,0,0,0,0,0,0,0,"- ","- ",39.032809999999998,-120.97617,PLACER,UNINCORPORATED,-120.97609915,39.03279251
90185414,2016,2016-05-23,9220,2016-05-07,0205,013466,,6,3,9,3100,0,3,5,,2,030,"MCCOURTNEY RD.","TODD LN.",528.00,N,N,B,-,N,,,,,,,,,,Y,2,0,2,1,A,-,01,23152,A,N,E,I,A,A,H,-,D,A,0,,,,,Y,Y,A,01,1,1,0,0,0,0,0,0,0,"- ","- ",,,PLACER,UNINCORPORATED,-121.27883088,38.907073240000003
90189832,2016,2016-05-31,9220,2016-05-20,0555,013257,,5,3,2,3103,0,1,3,,1,265,"SR-65 S/B","FERRAR RANCH RD",75.00,N,N,B,-,Y,,,,,,,,,,Y,2,0,1,1,A,-,08,22107,,N,E,I,A,A,H,-,A,D,0,,,,,Y,,A,07,1,0,0,0,0,0,0,0,0,"- ","- ",,,PLACER,LINCOLN,,
9019459,2020,2020-03-12,3104,2020-01-15,1947,303,43,3,5,4,3104,0,0,0,,0,001,"GRANITE DR","ROCKLIN RD",0.00,,-,A,-,N,,,,,,,,,,N,2,0,1,1,A,-,03,22350,,N,H,A,A,B,H,-,C,D,0,,,Y,,Y,,C,02,1,0,0,0,0,0,0,0,1,"- ","- ",,,PLACER,ROCKLIN,-121.22628021240234,38.788471221923828
90203961,2016,2016-06-28,9221,2016-05-09,1530,014821,,1,2,9,3100,0,1,1,,2,384,"INTERSTATE 80 E/B","BLUE CANYON RD",7656.00,W,N,B,-,Y,,,80,,,,,,E,Y,1,1,0,1,A,-,08,22107,,N,E,I,A,A,H,-,A,D,0,,,,,Y,,D,22,0,0,0,0,0,0,0,0,0,"- ","- ",39.269159999999999,-120.71977,PLACER,UNINCORPORATED,-120.71977563,39.269177050000003