CASE_ID,ACCIDENT_YEAR,PROC_DATE,JURIS,COLLISION_DATE,COLLISION_TIME,OFFICER_ID,REPORTING_DISTRICT,DAY_OF_WEEK,CHP_SHIFT,POPULATION,CNTY_CITY_LOC,SPECIAL_COND,BEAT_TYPE,CHP_BEAT_TYPE,CITY_DIVISION_LAPD,CHP_BEAT_CLASS,BEAT_NUMBER,PRIMARY_RD,SECONDARY_RD,DISTANCE,DIRECTION,INTERSECTION,WEATHER_1,WEATHER_2,STATE_HWY_IND,CALTRANS_COUNTY,CALTRANS_DISTRICT,STATE_ROUTE,ROUTE_SUFFIX,POSTMILE_PREFIX,POSTMILE,LOCATION_TYPE,RAMP_INTERSECTION,SIDE_OF_HWY,TOW_AWAY,COLLISION_SEVERITY,NUMBER_KILLED,NUMBER_INJURED,PARTY_COUNT,PRIMARY_COLL_FACTOR,PCF_CODE_OF_VIOL,PCF_VIOL_CATEGORY,PCF_VIOLATION,PCF_VIOL_SUBSECTION,HIT_AND_RUN,TYPE_OF_COLLISION,MVIW,PED_ACTION,ROAD_SURFACE,ROAD_COND_1,ROAD_COND_2,LIGHTING,CONTROL_DEVICE,CHP_ROAD_TYPE,PEDESTRIAN_ACCIDENT,BICYCLE_ACCIDENT,MOTORCYCLE_ACCIDENT,TRUCK_ACCIDENT,NOT_PRIVATE_PROPERTY,ALCOHOL_INVOLVED,STWD_VEHTYPE_AT_FAULT,CHP_VEHTYPE_AT_FAULT,COUNT_SEVERE_INJ,COUNT_VISIBLE_INJ,COUNT_COMPLAINT_PAIN,COUNT_PED_KILLED,COUNT_PED_INJURED,COUNT_BICYCLIST_KILLED,COUNT_BICYCLIST_INJURED,COUNT_MC_KILLED,COUNT_MC_INJURED,PRIMARY_RAMP,SECONDARY_RAMP,LATITUDE,LONGITUDE,COUNTY,CITY,POINT_X,POINT_Y
90209179,2016,2016-06-24,9220,2016-02-16,1350,015239,,2,1,9,3100,0,3,5,,2,050,"VIRGINIA DRIVE","KENNETH WAY",0.00,,Y,A,-,N,,,,,,,,,,Y,1,1,0,2,A,-,09,21802,A,N,D,C,A,A,H,-,A,A,0,,,,Y,Y,,F,21,0,0,0,0,0,0,0,0,0,"- ","- ",38.976309999999998,-121.09232,PLACER,UNINCORPORATED,-121.09227994,38.976279900000002
90212470,2016,2016-06-29,9222,2016-06-03,2030,019233,,5,2,9,3100,0,1,3,,1,016,SR-267,"NORTHSTAR DR.",5808.00,N,N,A,-,Y,,,267,,,,,,,Y,1,2,2,1,A,-,03,22350,,N,E,I,A,A,H,-,B,D,0,,,,,Y,,A,07,2,0,0,0,0,0,0,0,0,"- ","- ",39.301819999999999,-120.11002999999999,PLACER,UNINCORPORATED,-120.11004497,39.301753669999997
90220018,2016,2016-09-27,9220,2016-06-08,1840,012239,,3,2,9,3100,0,2,4,,2,027,"AUBURN FOLSOM ROAD","KING ROAD",200.00,S,N,A,-,N,,,,,,,,,,Y,2,0,1,2,A,-,03,22350,,N,D,C,A,A,H,-,A,A,0,,,Y,,Y,,C,02,1,0,0,0,0,0,0,0,1,"- ","- ",38.824649999999998,-121.12474,PLACER,UNINCORPORATED,-121.12492912,38.824851430000002
90225617,2016,2016-07-19,9222,2016-07-03,1053,017658,,7,1,9,3100,0,1,3,,1,016,SR-267,"NORTH AVE.",4.00,S,N,A,-,Y,,,267,,,,,,,Y,2,0,1,2,A,-,09,21801,A,N,D,D,A,A,H,-,A,D,0,,Y,,,Y,,A,07,1,0,0,0,0,0,1,0,0,"- ","- ",39.246670000000002,-120.03136000000001,PLACER,UNINCORPORATED,-120.03112621,39.246883519999997
90230570,2016,2016-07-26,9222,2016-07-09,1205,018593,,6,1,9,3100,0,1,3,,1,015,"STATE ROUTE 28","BRASSIE AVE.",350.00,W,N,A,-,Y,,,28,,,,,,,Y,2,0,1,2,A,-,03,22350,,N,D,C,A,A,H,-,A,D,0,,,Y,,Y,,C,02,1,0,0,0,0,0,0,0,1,"- ","- ",39.23818,-120.03337999999999,PLACER,UNINCORPORATED,-120.03338441,39.238139400000001
90251351,2016,2016-08-24,9221,2016-08-19,1752,017121,,5,2,9,3100,0,1,1,,2,386,"I-80 E/B","YUBA GAP OVERCROSS",4224.00,W,N,A,-,Y,,,80,,,,,,E,Y,2,0,1,1,A,-,08,22107,,N,E,I,A,A,H,-,A,D,0,,,,,Y,,A,01,1,0,0,0,0,0,0,0,0,"- ","- ",39.314320000000002,-120.62537,PLACER,UNINCORPORATED,-120.62535281,39.314274269999999
9025853,2019,2020-02-11,3103,2019-12-16,1745,AELLI,L1,1,5,2,3103,0,0,0,,0,0L1,"NICOLAUS RD","NELSON LN",0.00,,Y,C,-,N,,,,,,,,,,Y,2,0,1,2,A,-,09,21802,A,N,D,C,A,A,H,-,A,D,0,,,Y,,Y,,D,22,1,0,0,0,0,0,0,0,1,"- ","- ",38.897281646728516,-121.34010314941406,PLACER,LINCOLN,-121.34014892578125,38.897289276123047
90271733,2016,2016-09-20,9220,2016-09-11,2040,013257,,7,2,5,3105,0,1,1,,2,281,"I-80 W/B","TAYLOR RD",260.00,W,N,A,-,Y,,,,,,,,,,Y,2,0,1,1,A,-,08,22107,,N,F,A,A,A,H,-,C,D,0,,,,,Y,,D,22,1,0,0,0,0,0,0,0,0,"- ","- ",,,PLACER,ROSEVILLE,-121.25659827,38.765121270000002
90276244,2016,2016-09-26,9220,2016-07-01,1610,016682,,5,2,9,3100,0,2,4,,2,022,"DOUGLAS BOULEVARD","MPH ROAD",0.00,,Y,A,-,Y,,,,,,,,,,Y,1,1,1,2,A,-,09,21804,A,N,D,C,A,A,H,-,A,D,0,,,Y,,Y,,A,01,1,0,0,0,0,0,0,0,1,"- ","- ",38.743540000000003,-121.17462999999999,PLACER,UNINCORPORATED,,
90276910,2016,2016-09-27,9220,2016-09-25,1410,012239,,7,2,9,3100,0,1,1,,2,282,"I-80 W/B TO SR-49","SR-49 U/C",270.00,W,N,A,-,Y,,,,,,,,,,Y,2,0,1,1,C,-,18,,,N,F,A,A,A,B,-,A,D,0,,,Y,,Y,,-,"- ",1,0,0,0,0,0,0,0,1,"- ","- ",38.899900000000002,-121.07528000000001,PLACER,UNINCORPORATED,-121.0753742,38.899821709999998
90279548,2016,2016-09-29,9222,2016-09-26,1730,013160,,1,2,9,3100,0,3,5,,2,010,"SOUTH SHORE DRIVE (EASTBOUND)","EAST CONIFER DR",72.00,E,N,A,-,N,,,,,,,,,,N,2,0,1,1,A,-,03,22350,,N,E,I,A,A,H,-,A,D,0,,,Y,,Y,,C,02,1,0,0,0,0,0,0,0,1,"- ","- ",39.31615,-120.28386,PLACER,UNINCORPORATED,-120.28383834,39.316188930000003
90281174,2016,2016-09-30,9220,2016-09-22,0725,014438,,4,1,5,3105,0,2,S,,2,901,"RIVERSIDE AVE. S/B",I-80,520.00,N,N,A,-,N,,,,,,,,,,Y,2,0,1,1,A,-,08,22107,,N,E,I,A,A,H,-,A,A,0,,,,,Y,,A,01,1,0,0,0,0,0,0,0,0,"- ","- ",38.726570000000002,-121.29071,PLACER,ROSEVILLE,-121.28934923,38.726071810000001
90283156,2016,2016-10-04,9220,2016-07-19,1530,012239,,2,2,9,3100,0,1,1,,2,282,"I-80 WESTBOUND","SR-193 U/C",1056.00,E,N,A,-,Y,,,80,,,,,,W,Y,1,1,0,2,A,-,08,22107,,N,C,E,A,A,H,-,A,D,0,,,,Y,Y,,D,22,0,0,0,0,0,0,0,0,0,"- ","- ",38.878659999999996,-121.12081999999999,PLACER,UNINCORPORATED,-121.12081338,38.878550279999999
90285671,2016,2016-10-06,9220,2016-10-02,1625,012239,,7,2,9,3100,0,1,1,,2,282,"I-80 W/B TO SR-49",SR-49,290.00,W,N,B,-,Y,,,,,,,,,,Y,2,0,1,1,A,-,01,23152,A,N,F,A,A,A,H,-,A,D,0,,,,,Y,Y,A,07,1,0,0,0,0,0,0,0,0,"- ","- ",38.900069999999999,-121.07568000000001,PLACER,UNINCORPORATED,-121.07542023000001,38.899780219999997
90287701,2016,2016-10-10,9220,2016-08-15,0615,012546,9220,1,1,9,3100,0,1,3,,1,267,"STATE ROUTE 65","WHEATLAND RD",1240.00,S,N,A,-,Y,,,65,,,,,,,Y,1,1,1,3,A,-,05,21460,A,N,A,C,A,A,H,-,B,A,0,,,,,Y,,A,01,1,0,0,0,0,0,0,0,0,"- ","- ",38.994210000000002,-121.39660000000001,PLACER,UNINCORPORATED,-121.39661230999999,38.994189069999997
90297779,2016,2016-10-21,9221,2016-10-15,1625,016862,,6,2,9,3100,0,1,1,,2,388,"I-80 E/B","HAMPSHIRE ROCKS RD U/C",842.00,E,N,B,C,Y,,,,,,,,,,Y,2,0,1,1,A,-,03,22350,,N,E,I,A,B,H,-,A,D,0,,,,,Y,,A,07,1,0,0,0,0,0,0,0,0,"- ","- ",39.317749999999997,-120.49657000000001,PLACER,UNINCORPORATED,-120.52287192,39.305336740000001
90310503,2016,2016-11-03,9220,2016-09-25,1255,016668,,7,1,9,3100,0,1,1,,2,282,"I-80 W/B","NEWCASTLE RD",1056.00,W,N,A,-,Y,,,,,,,,,,Y,2,0,4,3,A,-,07,21658,A,N,B,C,A,A,H,-,A,D,0,,,Y,,Y,,A,01,2,1,1,0,0,0,0,0,3,"- ","- ",,,PLACER,UNINCORPORATED,-121.13209980000001,38.87035281
90312746,2016,2016-11-07,9220,2016-10-09,2314,013466,,7,3,9,3100,0,1,1,,2,282,"I-80 W/B","PENRYN RD.",2640.00,E,N,A,-,Y,,,,,,,,,,Y,2,0,6,4,A,-,03,22350,,N,C,C,A,A,H,-,D,A,0,,,,,Y,Y,A,01,1,1,4,0,0,0,0,0,0,"- ","- ",,,PLACER,UNINCORPORATED,-121.16222137,38.839376199999997
90312860,2016,2016-11-07,9220,2016-10-05,1725,016668,,3,2,9,3100,0,3,5,,2,070,"PENRYN RD","BOULDER CREEK PL",0.00,,Y,A,-,Y,,,,,,,,,,Y,2,0,2,2,A,-,09,21802,A,N,D,C,A,A,H,-,A,A,0,,,,,Y,,A,01,1,1,0,0,0,0,0,0,0,"- ","- ",,,PLACER,UNINCORPORATED,-121.16859986999999,38.832269889999999
90314529,2016,2016-11-08,9220,2016-10-18,2330,013466,,2,3,9,3100,0,3,5,,2,040,"GODLEY RD.","MT. PLEASANT RD.",608.00,N,N,A,-,N,,,,,,,,,,Y,2,0,1,1,A,-,01,23152,A,N,E,I,A,A,H,-,D,A,0,,,,,Y,Y,A,01,1,0,0,0,0,0,0,0,0,"- ","- ",,,PLACER,UNINCORPORATED,-121.19573284000001,38.94309947
9031736,2020,2020-03-18,3100,2020-01-07,1430,62,,2,5,2,3106,0,0,0,,0,LOP,"TAYLOR RD","RACHEL LN",850.00,N,N,A,-,N,,,,,,,,,,Y,2,0,1,2,A,-,09,21804,A,N,B,C,A,A,H,-,A,D,0,,,,,Y,,-,,1,0,0,0,0,0,0,0,0,"- ","- ",,,PLACER,LOOMIS,-121.18721771240234,38.829864501953125
90321888,2016,2016-11-17,9221,2016-07-05,1805,017320,,2,2,9,3100,0,1,1,,2,385,"I-80 (WESTBOUND)","CRYSTAL SPRINGS U/C",2640.00,W,N,A,-,Y,,,80,,,,,,,Y,1,2,1,1,A,-,00,23153,E,N,E,I,A,A,H,-,A,D,0,,,,,Y,,A,07,1,0,0,0,0,0,0,0,0,"- ","- ",39.204880000000003,-120.79447,PLACER,UNINCORPORATED,-120.79443182999999,39.204829570000001
90343166,2016,2017-01-27,9220,2016-10-03,1955,013299,,1,2,9,3100,0,1,3,,1,249,"SR-49 SOUTHBOUND","ATWOOD RO",106.00,S,N,B,-,Y,,,,,,,,,,Y,1,1,0,2,A,-,11,21954,A,N,G,B,D,A,H,-,C,D,0,Y,,,,Y,Y,N,60,0,0,0,1,0,0,0,0,0,"- ","- ",,,PLACER,UNINCORPORATED,,
90348988,2016,2016-12-20,9220,2016-12-11,2130,013794,,7,2,5,3105,0,1,1,,2,281,"I-80 (W/B)","LEAD HILL BOULEVARD",1056.00,W,N,B,-,Y,,,,,,,,,,Y,2,0,1,2,A,-,07,21658,A,N,B,C,A,A,H,-,C,D,0,,,,,Y,,A,01,1,0,0,0,0,0,0,0,0,"- ","- ",,,PLACER,ROSEVILLE,-121.26751136999999,38.749236349999997
90349659,2016,2016-12-20,9221,2016-11-15,2058,015950,,2,2,9,3100,0,1,1,,2,384,"I-80 WESTBOUND","CAPE HORN ROAD",4752.00,W,N,B,-,Y,,,80,,,,,,W,Y,2,0,1,1,A,-,01,23152,A,N,E,I,A,B,H,-,D,A,0,,,,,Y,Y,A,01,1,0,0,0,0,0,0,0,0,"- ","- ",39.133740000000003,-120.93316,PLACER,UNINCORPORATED,-120.93314832,39.133700519999998
90353637,2016,2016-12-27,9220,2016-12-17,0615,016654,,6,1,9,3100,0,2,4,,2,026,"CAVITT STALLMAN RD","WHISPERING OAKS CIR",61.00,S,N,A,-,Y,,,,,,,,,,Y,2,0,1,1,A,-,08,22107,,N,E,I,A,A,H,-,D,D,0,,,,,Y,,A,01,1,0,0,0,0,0,0,0,0,"- ","- ",38.749960000000002,-121.22418999999999,PLACER,UNINCORPORATED,-121.22411154,38.750232740000001
90358418,2016,2016-12-30,9220,2016-10-09,1620,016668,,7,2,9,3100,0,1,3,,1,265,"SR-65 S/B","TWELVE BRIDGES DR",75.00,N,N,A,-,Y,,,,,,,,,,Y,2,0,1,1,A,-,01,23152,A,N,E,I,A,A,H,-,A,D,0,,,,,Y,Y,A,01,1,0,0,0,0,0,0,0,0,"- ","- ",,,PLACER,UNINCORPORATED,,
90361901,2016,2017-01-05,9220,2016-09-20,1659,013794,,2,2,5,3105,0,1,1,,2,281,"I-80 (E/B)","TAYLOR ROAD O/C",103.00,W,N,A,-,Y,,,,,,,,,,Y,2,0,1,2,A,-,01,23152,A,N,C,C,A,A,H,-,A,D,0,,,Y,,Y,Y,C,02,1,0,0,0,0,0,0,0,1,"- ","- ",,,PLACER,ROSEVILLE,-121.25619847,38.765109819999999
90362909,2016,2017-01-06,9220,2016-12-23,1615,013465,,5,2,9,3100,0,2,4,,2,042,"MOUNT VERNON RD","SHANLEY RD",1320.00,W,N,B,C,N,,,,,,,,,,Y,2,0,1,1,A,-,01,23152,A,N,E,I,A,B,H,-,A,D,0,,,,,Y,Y,A,01,1,0,0,0,0,0,0,0,0,"- ","- ",38.564079999999997,-121.74456000000001,PLACER,UNINCORPORATED,-121.12898308,38.934432889999997
90371698,2016,2017-01-18,9220,2016-12-11,0130,012239,,7,3,5,3105,0,1,1,,2,281,"I-80 E/B TO RIVERSIDE AVENUE","RIVERSIDE AVENUE",166.00,E,N,B,-,Y,,,,,,,,,,Y,1,1,0,1,A,-,08,22107,,N,E,I,A,B,H,-,C,D,0,,,,,Y,,A,01,0,0,0,0,0,0,0,0,0,"- ","- ",38.324240000000003,-121.23466999999999,PLACER,ROSEVILLE,-121.28998953,38.725254909999997
9037765,2020,2020-03-19,3105,2020-01-04,1020,1140,,6,5,5,3105,0,0,0,,0,001,"SIERRA COLLEGE BL","SECRET RAVINE PW",0.00,,Y,A,-,N,,,,,,,,,,,2,0,1,2,A,-,03,22350,,N,C,C,A,B,A,H,A,B,0,,,,,Y,,A,07,1,0,0,0,0,0,0,0,0,"- ","- ",38.7647705078125,-121.22271728515625,PLACER,ROSEVILLE,-121.22274780273438,38.764789581298828
9037838,2020,2020-03-16,3105,2020-01-08,0652,3034,,3,5,5,3105,0,0,0,,0,005,"GALILEE RD","INDUSTRIAL AV",0.00,,Y,B,E,N,,,,,,,,,,Y,2,0,1,1,A,-,06,21755,,N,H,A,A,D,H,-,A,A,0,,,Y,,Y,,C,02,1,0,0,0,0,0,0,0,1,"- ","- ",38.778610229492188,-121.30603790283203,PLACER,ROSEVILLE,-121.30606079101562,38.778640747070312
90390632,2017,2017-02-10,9220,2017-02-01,1625,013465,,3,2,5,3105,0,1,S,,2,001,"SR-65 N/B","PLEASANT GROVE BLVD",2957.00,S,N,B,-,Y,,,,,,,,,,Y,2,0,1,2,A,-,03,22350,,N,C,C,A,A,H,-,A,D,0,,,,,Y,,A,01,1,0,0,0,0,0,0,0,0,"- ","- ",38.46557,-121.16306,PLACER,ROSEVILLE,-121.27524873,38.782239369999999
90404868,2017,2017-03-02,9220,2017-02-17,1750,15060,,5,2,9,3100,0,2,4,,2,027,"AUBURN FOLSOM RD","JOE RODGERS RD",0.00,,Y,B,C,N,,,,,,,,,,N,2,0,1,2,A,-,08,22107,,N,H,G,A,B,H,-,D,D,0,,Y,,,Y,,L,04,1,0,0,0,0,0,1,0,0,"- ","- ",38.75074,-121.17025,PLACER,UNINCORPORATED,-121.17028992,38.750759899999998
90406096,2017,2017-03-06,9222,2017-02-25,1413,019477,,6,2,9,3100,0,1,3,,1,013,SR-89S,"SQUAW VALLEY ROAD",500.00,N,N,B,-,Y,,,89,,,,,,,Y,2,0,2,2,A,-,01,23152,A,F,D,C,A,A,H,-,A,D,0,,,,,Y,Y,A,07,1,0,1,0,0,0,0,0,0,"- ","- ",39.205970000000001,-120.199,PLACER,UNINCORPORATED,-120.19900006,39.205970020000002
90414542,2017,2017-03-17,9220,2017-03-13,1330,013676,,1,1,9,3100,0,3,5,,2,040,"ATWOOD ROAD","BEAN ROAD",0.00,,Y,A,-,N,,,,,,,,,,Y,2,0,2,2,A,-,09,21802,A,N,D,C,A,A,H,-,A,A,0,,,,,Y,,A,01,1,0,1,0,0,0,0,0,0,"- ","- ",38.934840000000001,-121.1023,PLACER,UNINCORPORATED,-121.10273998,38.934809889999997
90427001,2017,2017-04-19,9220,2017-03-25,0805,013856,,6,1,9,3100,0,1,3,,1,265,"SR-65 S/B","LINCOLN BOULEVARD",1056.00,S,N,B,-,Y,,,,,,,,,,Y,2,0,1,1,A,-,08,22107,,N,E,I,A,B,H,-,A,D,0,,,,,Y,,A,01,1,0,0,0,0,0,0,0,0,"- ","- ",,,PLACER,UNINCORPORATED,,
90434336,2017,2017-04-14,9221,2017-04-07,2100,019671,,5,2,9,3100,0,1,1,,2,388,"I-80 W/B","CISCO RD OC",3168.00,E,N,D,-,Y,,,80,,,,,,W,Y,2,0,2,2,A,-,03,22350,,N,E,I,A,C,H,-,D,A,0,,,,,Y,,A,01,1,0,1,0,0,0,0,0,0,"- ","- ",39.305480000000003,-120.53492,PLACER,UNINCORPORATED,-120.53492095999999,39.305453819999997
90441856,2017,2017-04-25,9221,2017-04-08,1335,013442,,6,1,9,3100,0,1,1,,2,386,"I-80 E/B","DRUM FOREBAY RD",3696.00,E,N,D,-,Y,,,80,,,,,,E,Y,2,0,8,1,A,-,03,22350,,N,E,I,A,C,H,-,A,D,0,,,,,Y,,A,08,5,1,2,0,0,0,0,0,0,"- ","- ",39.246229999999997,-120.74420000000001,PLACER,UNINCORPORATED,-120.74412864999999,39.246151820000001
90449732,2017,2017-05-05,9221,2017-04-30,1010,015950,,7,1,9,3100,0,1,1,,2,386,"I-80 EASTBOUND","BLUE CANYON ROAD",3062.00,E,N,A,-,Y,,,80,,,,,,E,Y,2,0,2,1,A,-,08,22107,,N,E,I,A,A,H,-,A,A,0,,,,,Y,,A,01,1,0,1,0,0,0,0,0,0,"- ","- ",39.287979999999997,-120.6944,PLACER,UNINCORPORATED,-120.69441438,39.288011439999998
90449816,2017,2017-05-05,9220,2017-04-27,0716,013466,,4,1,9,3100,0,2,4,,2,027,"AUBURN FOLSOM RD.","TUDSBURY RD",528.00,N,N,B,-,N,,,,,,,,,,Y,2,0,2,2,A,-,01,23152,A,N,A,C,A,A,H,-,A,A,0,,,,,Y,Y,A,01,2,0,0,0,0,0,0,0,0,"- ","- ",38.807160000000003,-121.13178000000001,PLACER,UNINCORPORATED,-121.13201511,38.806329609999999
90459723,2017,2017-05-19,9221,2017-05-12,2235,018740,,5,3,9,3100,0,1,1,,2,386,"I-80 W/B","BLUE CANYON RD",7392.00,W,N,D,-,Y,,,80,,,,,,W,Y,2,0,2,1,A,-,01,23153,A,N,E,I,A,A,H,-,D,D,0,,,,,Y,Y,A,07,2,0,0,0,0,0,0,0,0,"- ","- ",39.269419999999997,-120.72068,PLACER,UNINCORPORATED,-120.72069662,39.26945233
90460792,2017,2017-05-22,9222,2017-05-11,1045,018476,,4,1,9,3100,0,1,3,,1,011,SR-89,"SILVER CREEK CAMP GROUND RT",48.00,N,N,A,-,Y,,,89,,,,,,,Y,2,0,2,2,A,-,08,22107,,N,A,C,A,A,H,-,A,D,0,,,,,Y,,D,22,1,1,0,0,0,0,0,0,0,"- ","- ",39.223410000000001,-120.20292999999999,PLACER,UNINCORPORATED,-120.20293789999999,39.22340509
90469666,2017,2017-06-02,9221,2017-05-27,1150,017818,,6,1,9,3100,0,1,1,,2,388,"I-80 E/B","RAINBOW AVE",3385.00,W,N,A,-,Y,,,80,,,,,,E,Y,2,0,1,1,A,-,01,23152,F,N,E,I,A,A,H,-,D,D,0,,,,,Y,,A,07,1,0,0,0,0,0,0,0,0,"- ","- ",39.312820000000002,-120.51554,PLACER,UNINCORPORATED,-120.51553641,39.312811279999998
90470227,2017,2017-06-02,9220,2017-05-19,1545,15060,,5,2,9,3100,0,2,4,,2,027,"AUBURN FOLSOM RD.","PLACER CANYON PKY",192.00,S,N,A,-,N,,,,,,,,,,Y,2,0,2,3,A,-,05,21650,,N,B,C,A,A,H,-,A,D,0,,,,,Y,,A,07,2,0,0,0,0,0,0,0,0,"- ","- ",38.800359999999998,-121.13182,PLACER,UNINCORPORATED,-121.1318011,38.800555590000002
90474808,2017,2017-06-14,9220,2017-05-29,1215,016685,,1,1,9,3100,0,3,5,,2,020,"OAK LEAF WAY S/B","OAK HILL DRIVE",320.00,S,N,A,-,N,,,,,,,,,,N,2,0,1,1,A,-,03,22350,,N,F,I,A,A,H,-,A,D,0,,Y,,,Y,,L,04,1,0,0,0,0,0,1,0,0,"- ","- ",38.71546,-121.18561,PLACER,UNINCORPORATED,-121.18499,38.714829999999999
90476337,2017,2017-06-12,9222,2017-04-30,1955,017550,,7,2,9,3100,0,1,3,,1,014,SR-28,"SIERRA TERRACE RD",775.00,E,N,A,-,Y,,,28,,,,,,,Y,2,0,1,2,A,-,06,21750,,F,C,C,A,A,H,-,B,D,0,,,Y,,Y,,C,02,1,0,0,0,0,0,0,0,1,"- ","- ",39.177590000000002,-120.13252,PLACER,UNINCORPORATED,-120.13252072,39.177591290000002
90482709,2017,2017-06-21,9220,2017-05-03,1530,15060,,3,2,5,3105,0,1,1,,2,281,"I-80 E/B","CIRBY WAY",965.00,E,N,A,-,Y,,,80,,,,,,E,Y,1,1,1,3,A,-,01,23152,F,N,B,E,E,A,H,-,A,D,0,Y,,,,Y,,A,01,0,1,0,1,0,0,0,0,0,"- ","- ",38.731529999999999,-121.28263,PLACER,ROSEVILLE,-121.28271104,38.731620120000002
90486478,2017,2017-06-23,9220,2017-06-18,1830,017375,,7,2,9,3100,0,2,4,,2,062,"FORESTHILL RD","LAKE CLEMENTINE",1056.00,E,N,A,-,N,,,,,,,,,,Y,2,0,1,1,A,-,01,23152,A,N,F,I,A,A,H,-,A,D,0,,,Y,,Y,Y,C,02,1,0,0,0,0,0,0,0,1,"- ","- ",38.936639999999997,-120.99827000000001,PLACER,UNINCORPORATED,-121.00003785,38.936484749999998
90490583,2017,2018-03-27,9220,2017-06-22,1410,15060,,4,2,9,3100,0,2,4,,2,027,"AUBURN FOLSOM RD.","TWIN ROCKS RD.",154.00,S,N,A,-,N,,,,,,,,,,Y,1,1,2,3,A,-,05,21460,A,N,B,C,A,A,H,-,A,D,0,,,,,Y,Y,A,01,0,2,0,0,0,0,0,0,0,"- ","- ",38.763100000000001,-121.15731,PLACER,UNINCORPORATED,-121.157281,38.767327819999998
90499569,2017,2017-07-13,9221,2017-07-04,1650,018376,,2,2,9,3100,0,1,1,,2,385,"I-80 W/B","ALTA BONNYNOOK RD",120.00,W,N,A,-,Y,,,80,,,,,,W,Y,2,0,1,1,A,-,03,22350,,N,F,I,A,A,A,-,A,D,0,,,Y,,Y,,C,02,1,0,0,0,0,0,0,0,1,"- ","- ",39.200879999999998,-120.81322,PLACER,UNINCORPORATED,-120.81323265,39.200890039999997
90499718,2017,2017-07-13,9222,2017-07-04,1150,019333,,2,1,9,3100,0,1,3,,1,011,"SR-89 SOUTH","TROUT STREET",250.00,S,N,A,-,Y,,,89,,,,,,,Y,2,0,2,3,A,-,08,22107,,N,C,E,A,A,H,-,A,D,0,,,,,Y,,A,08,1,1,0,0,0,0,0,0,0,"- ","- ",39.088790000000003,-120.16159,PLACER,UNINCORPORATED,-120.16170288000001,39.088737090000002
90508265,2017,2017-07-27,9220,2017-07-03,1645,013794,,1,2,5,3105,0,1,3,,1,265,"SR-65 (S/B)","PLEASANT GROVE BOULEVARD O/C",886.00,S,N,A,-,Y,,,,,,,,,,Y,1,1,1,2,A,-,03,22350,,N,C,C,A,A,H,-,A,D,0,,,Y,,Y,,C,02,0,0,1,0,0,0,0,1,0,"- ","- ",,,PLACER,ROSEVILLE,-121.28150268,38.785137509999998
90511738,2017,2017-07-31,9220,2017-06-17,0050,012773,,6,3,9,3100,0,1,3,,1,267,"STATE ROUTE 65 N/B","RIOSA ROAD",3500.00,S,N,A,-,Y,,,65,,,,,,N,Y,1,1,0,2,A,-,11,21956,A,N,G,B,E,A,H,-,D,D,0,Y,,,,Y,Y,N,60,0,0,0,1,0,0,0,0,0,"- ","- ",38.969749999999998,-121.37813,PLACER,UNINCORPORATED,-121.37827446,38.969682370000001
90517600,2017,2017-08-07,9220,2017-06-16,0825,016685,,5,1,9,3100,0,1,3,,1,249,"STATE ROUTE 49 S/B GRASS VALLEY HIGHWAY","LORENSON ROAD",1154.00,N,N,A,-,Y,,,49,,,,,,S,Y,1,1,1,2,A,-,05,21651,B,N,A,C,A,A,H,-,A,D,0,,,,,Y,,A,08,0,1,0,0,0,0,0,0,0,"- ","- ",38.98218,-121.10936,PLACER,UNINCORPORATED,-121.10932516,38.982186169999999
90524623,2017,2017-08-16,9220,2017-08-11,2245,016419,,5,3,9,3100,0,2,4,,2,066,"MOSQUITO RIDGE RD","FORESTHILL RD.",52800.00,W,N,A,-,N,,,,,,,,,,Y,2,0,2,1,A,-,08,22107,,N,E,I,A,A,H,-,D,D,0,,,,,Y,,A,01,1,0,1,0,0,0,0,0,0,"- ","- ",39.013579999999997,-120.73242,PLACER,UNINCORPORATED,-120.82604000000001,39.019289999999998
90530439,2017,2017-08-24,9220,2017-07-22,0204,016419,,6,3,9,3100,0,1,3,,1,265,"SR-65 NORTHBOUND TO SUNSET BOULEVARD","SUNSET BOULEVARD",1420.00,S,N,A,-,Y,,,65,,,,R,,N,Y,1,1,1,1,A,-,08,22107,,N,E,I,A,A,H,-,C,D,0,,,,,Y,,A,01,1,0,0,0,0,0,0,0,0,"- ","- ",38.813789999999997,-121.29979,PLACER,UNINCORPORATED,-121.29979,38.813789999999997
90540399,2017,2017-09-05,9221,2017-09-02,1620,017818,,6,2,9,3100,0,3,5,,2,070,"CULBERSON RD","DRUM POWERHOUSE RD",5280.00,E,N,A,-,N,,,,,,,,,,Y,2,0,2,1,A,-,01,23152,A,N,F,A,A,A,H,-,A,D,0,,,,,Y,Y,D,22,1,1,0,0,0,0,0,0,0,"- ","- ",39.224310000000003,-120.80704,PLACER,UNINCORPORATED,-120.80778646,39.225074769999999
90552021,2017,2017-09-20,9220,2017-09-04,1320,016031,,1,1,9,3100,0,1,1,,2,282,"I-80 E/B",SR-193,1848.00,E,N,A,-,Y,,,80,,,,,,E,Y,2,0,1,1,A,-,03,22350,,N,F,A,A,A,H,-,A,D,0,,,Y,,Y,,C,02,1,0,0,0,0,0,0,0,1,"- ","- ",38.878430000000002,-121.11897,PLACER,UNINCORPORATED,-121.1189767,38.87852067
90552189,2017,2017-09-27,9220,2017-07-06,1439,017118,,4,2,9,3100,0,1,3,,1,267,SR-65,"LEVEE ROAD",240.00,N,N,A,-,Y,,,65,,,,,,,Y,2,0,5,4,A,-,03,22350,,N,C,C,A,A,H,-,A,D,0,,,,,Y,,A,01,3,0,2,0,0,0,0,0,0,"- ","- ",38.999380000000002,-121.40564000000001,PLACER,UNINCORPORATED,-121.40563375000001,38.99939097