CASE_ID,ACCIDENT_YEAR,PROC_DATE,JURIS,COLLISION_DATE,COLLISION_TIME,OFFICER_ID,REPORTING_DISTRICT,DAY_OF_WEEK,CHP_SHIFT,POPULATION,CNTY_CITY_LOC,SPECIAL_COND,BEAT_TYPE,CHP_BEAT_TYPE,CITY_DIVISION_LAPD,CHP_BEAT_CLASS,BEAT_NUMBER,PRIMARY_RD,SECONDARY_RD,DISTANCE,DIRECTION,INTERSECTION,WEATHER_1,WEATHER_2,STATE_HWY_IND,CALTRANS_COUNTY,CALTRANS_DISTRICT,STATE_ROUTE,ROUTE_SUFFIX,POSTMILE_PREFIX,POSTMILE,LOCATION_TYPE,RAMP_INTERSECTION,SIDE_OF_HWY,TOW_AWAY,COLLISION_SEVERITY,NUMBER_KILLED,NUMBER_INJURED,PARTY_COUNT,PRIMARY_COLL_FACTOR,PCF_CODE_OF_VIOL,PCF_VIOL_CATEGORY,PCF_VIOLATION,PCF_VIOL_SUBSECTION,HIT_AND_RUN,TYPE_OF_COLLISION,MVIW,PED_ACTION,ROAD_SURFACE,ROAD_COND_1,ROAD_COND_2,LIGHTING,CONTROL_DEVICE,CHP_ROAD_TYPE,PEDESTRIAN_ACCIDENT,BICYCLE_ACCIDENT,MOTORCYCLE_ACCIDENT,TRUCK_ACCIDENT,NOT_PRIVATE_PROPERTY,ALCOHOL_INVOLVED,STWD_VEHTYPE_AT_FAULT,CHP_VEHTYPE_AT_FAULT,COUNT_SEVERE_INJ,COUNT_VISIBLE_INJ,COUNT_COMPLAINT_PAIN,COUNT_PED_KILLED,COUNT_PED_INJURED,COUNT_BICYCLIST_KILLED,COUNT_BICYCLIST_INJURED,COUNT_MC_KILLED,COUNT_MC_INJURED,PRIMARY_RAMP,SECONDARY_RAMP,LATITUDE,LONGITUDE,COUNTY,CITY,POINT_X,POINT_Y
90561097,2017,2017-10-06,9221,2017-09-21,1050,018213,,4,1,9,3100,0,1,1,,2,386,"I-80 W/B","NYACK ROAD",1194.00,E,N,C,-,Y,,,80,,,,,,W,Y,2,0,2,4,A,-,08,22107,,N,E,E,E,B,H,-,A,D,0,Y,,,,Y,,A,01,1,1,0,0,2,0,0,0,0,"- ","- ",39.294910000000002,-120.67632999999999,PLACER,UNINCORPORATED,-120.67627945,39.294832460000002
90562340,2017,2017-11-15,9220,2017-09-25,2345,017397,,1,3,3,3101,0,1,1,,2,283,"I-80 W/B","EAST AUBURN O.H",30.00,W,N,A,-,Y,,,80,,,,,,W,Y,2,0,3,2,A,-,08,22107,,N,E,I,A,A,H,-,D,D,0,,,,,Y,,A,01,1,1,1,0,0,0,0,0,0,"- ","- ",38.910600000000002,-121.06854,PLACER,AUBURN,-121.06852043000001,38.910573730000003
90564782,2017,2017-10-06,9221,2017-06-25,1840,017320,,7,2,9,3100,0,3,5,,2,070,"YANKEE JIMS RD","GILLIS HILL RD",6864.00,S,N,A,-,N,,,,,,,,,,Y,1,1,2,1,A,-,08,22107,,N,F,I,A,A,A,B,A,D,0,,,,,Y,Y,A,07,0,2,0,0,0,0,0,0,0,"- ","- ",39.044179999999997,-120.92779,PLACER,UNINCORPORATED,-120.92975914,39.047106640000003
90569701,2017,2017-10-13,9221,2017-10-06,1240,017777,,5,1,9,3100,0,1,1,,2,386,"I-80 W/B","CALTRANS WHITMORE STATION",528.00,W,N,A,-,Y,,,80,,,,,,W,Y,2,0,1,1,A,-,08,22107,,N,E,I,A,A,H,-,A,D,0,,,,,Y,,D,22,1,0,0,0,0,0,0,0,0,"- ","- ",39.254939999999998,-120.73644,PLACER,UNINCORPORATED,-120.73650885000001,39.255021079999999
90572040,2017,2017-10-18,9220,2017-10-05,1440,013856,,4,2,9,3100,0,1,1,,2,282,"SWETZER ROAD","AGMONT ROAD",50.00,N,N,A,-,N,,,,,,,,,,Y,2,0,1,1,A,-,08,22107,,N,F,A,A,A,H,-,A,D,0,,,Y,,Y,,C,02,1,0,0,0,0,0,0,0,1,"- ","- ",38.850200000000001,-121.18000000000001,PLACER,UNINCORPORATED,,
90589428,2017,2017-11-07,9220,2017-10-24,0905,016668,,2,1,5,3105,0,1,1,,2,281,"I-80 E/B TO DOUGLAS BLVD. W/B","DOUGLAS BLVD",3.00,N,N,A,-,Y,,,80,,,,R,,E,N,2,0,1,2,A,-,10,21950,A,N,G,B,B,A,H,-,A,A,0,Y,,,,Y,,A,07,1,0,0,0,1,0,0,0,0,"- ","- ",38.744140000000002,-121.26904,PLACER,ROSEVILLE,-121.26875,38.744231999999997
90591492,2017,2017-11-09,9220,2017-10-07,1645,15060,,6,2,5,3105,0,1,3,,1,265,"SR-65 (S/B)","PLEASANT GROVE BLVD",1759.00,S,N,A,-,Y,,,65,,,,,,,Y,1,1,0,2,A,-,03,22350,,N,C,C,A,A,H,-,A,D,0,,,Y,,Y,,C,02,0,0,0,0,0,0,0,1,0,"- ","- ",38.783850000000001,-121.27891,PLACER,ROSEVILLE,-121.27891314,38.783843709999999
90596957,2017,2017-11-17,9220,2017-10-28,0225,015242,,6,3,9,3100,0,3,5,,2,010,"NELSON LANE","HEATHERBROOK LN",1398.00,S,N,A,-,N,,,,,,,,,,Y,2,0,1,1,A,-,08,22107,,N,E,I,A,A,H,-,D,D,0,,,,,Y,,A,01,1,0,0,0,0,0,0,0,0,"- ","- ",38.877429999999997,-121.34001000000001,PLACER,UNINCORPORATED,-121.34009,38.877081079999996
90597982,2017,2017-11-20,9220,2017-11-04,1220,016031,,6,1,9,3100,0,1,3,,1,249,"SR-49 N/B","LONE STAR ROAD",1056.00,S,N,B,C,Y,,,49,,,,,,N,Y,2,0,1,2,A,-,08,22107,,N,E,I,A,B,H,-,A,D,0,,,,,Y,,A,01,1,0,0,0,0,0,0,0,0,"- ","- ",38.993549999999999,-121.1109,PLACER,UNINCORPORATED,-121.1110327,38.993558749999998
90598139,2017,2017-11-20,9220,2017-11-09,0925,013794,,4,1,3,3101,0,1,1,,2,283,"I-80 (W/B)","ELM STREET O/C",1056.00,E,N,B,C,Y,,,80,,,,,,,Y,2,0,1,1,A,-,08,22107,,N,E,I,A,B,H,-,A,D,0,,,,,Y,,A,07,1,0,0,0,0,0,0,0,0,"- ","- ",38.906799999999997,-121.0714,PLACER,AUBURN,-121.07143299000001,38.906801520000002
90600475,2017,2017-11-22,9220,2017-11-04,0925,015242,,6,1,4,3104,0,1,1,,2,281,"I-80 W/B","ROCKLIN RD. U/C",226.00,W,N,C,-,Y,,,80,,,,,,W,Y,2,0,2,1,A,-,03,22350,,N,E,I,A,B,H,-,A,D,0,,,,Y,Y,,F,27,1,1,0,0,0,0,0,0,0,"- ","- ",38.788069999999998,-121.22319,PLACER,ROCKLIN,-121.22323753000001,38.788126310000003
90612376,2017,2018-10-05,9220,2017-10-23,0938,016616,,1,1,5,3105,0,1,1,,2,281,"I-80 E/B","CIRBY WAY",750.00,W,N,A,-,Y,,,80,,,,,,E,Y,1,1,5,3,A,-,07,21658,A,N,B,C,A,A,H,-,A,D,0,,,,Y,Y,,A,01,2,3,0,0,0,0,0,0,0,"- ","- ",38.728059999999999,-121.28651000000001,PLACER,ROSEVILLE,-121.28654813999999,38.728101160000001
90620510,2017,2017-12-19,9220,2017-12-15,1635,016685,,5,2,9,3100,0,3,5,,2,060,"YANKEE JIMS ROAD","RACETRACK STREET",1584.00,N,N,A,-,N,,,,,,,,,,Y,2,0,2,1,A,-,01,23152,A,N,E,I,A,A,H,-,D,D,0,,,,,Y,Y,A,01,1,1,0,0,0,0,0,0,0,"- ","- ",39.023299999999999,-121.82375999999999,PLACER,UNINCORPORATED,-120.82310131,39.022702539999997
90625543,2017,2017-12-22,9220,2017-12-20,1624,013465,,3,2,9,3100,0,3,5,,2,010,"DOWD ROAD","NICOLAUS ROAD",0.00,,Y,A,-,N,,,,,,,,,,Y,2,0,2,2,A,-,12,22450,A,N,D,C,A,A,H,-,A,A,0,,,,,Y,,D,22,1,1,0,0,0,0,0,0,0,"- ","- ",38.534999999999997,-121.22378,PLACER,UNINCORPORATED,-121.37715991,38.897249989999999
90628544,2017,2017-12-28,9220,2017-12-08,1205,014699,,5,1,9,3100,0,1,1,,2,283,"I-80 E/B","DRY CREEK RD",550.00,W,N,A,-,Y,,,80,,,,,,E,Y,2,0,1,1,A,-,08,22107,,N,E,I,A,A,H,-,A,D,0,,,,,Y,,A,07,1,0,0,0,0,0,0,0,0,"- ","- ",38.954500000000003,-121.03749999999999,PLACER,UNINCORPORATED,-121.03746753,38.95446278
90638822,2018,2018-01-12,9221,2018-01-08,1159,015950,,1,1,9,3100,0,1,1,,2,384,"I-80 WESTBOUND","CAPE HORN ROAD",2112.00,W,N,C,-,Y,,,80,,,,,,W,Y,2,0,2,2,A,-,03,22350,,N,A,C,A,B,H,-,A,A,0,,,,,Y,,A,01,1,1,0,0,0,0,0,0,0,"- ","- ",39.138679504394531,-120.92814636230469,PLACER,UNINCORPORATED,-120.92813110351562,39.138645172119141
90641040,2018,2018-01-16,9221,2018-01-08,1815,017320,,1,2,9,3100,0,1,1,,2,386,"I-80 W/B","CARPENTER RD",1584.00,E,N,B,C,Y,,,80,,,,,,W,Y,2,0,2,1,A,-,03,22350,,N,E,I,A,B,H,-,D,D,0,,,,,Y,,A,01,2,0,0,0,0,0,0,0,0,"- ","- ",39.303321838378906,-120.65689849853516,PLACER,UNINCORPORATED,-120.65693664550781,39.303440093994141
90666422,2018,2018-02-22,9222,2018-02-17,0540,019333,,6,3,9,3100,0,1,3,,1,011,"SR-89 SOUTH","WEST RIVER STREET",300.00,S,N,A,-,Y,,,89,,,,,,,Y,2,0,2,1,A,-,01,23152,A,N,E,I,A,A,H,-,B,D,0,,,,,Y,Y,A,01,2,0,0,0,0,0,0,0,0,"- ","- ",39.313968658447266,-120.20381164550781,PLACER,UNINCORPORATED,-120.20399475097656,39.314002990722656
90666887,2018,2018-02-22,9220,2018-02-08,1455,016481,,4,2,5,3105,0,1,1,,2,281,"I-80 W/B","DOUGLAS BLVD",1.00,E,N,A,-,Y,,,,,,,,,,Y,2,0,1,1,C,-,18,,,N,F,A,A,A,H,-,A,D,0,,,Y,,Y,,-,"- ",1,0,0,0,0,0,0,0,1,"- ","- ",38.333889007568359,-121.30098724365234,PLACER,ROSEVILLE,-121.27085876464844,38.744041442871094
90669387,2018,2018-02-26,9222,2018-02-18,1835,019333,,7,2,9,3100,0,3,5,,2,010,"REGENCY WAY","ALLENBY WAY",725.00,W,N,D,-,N,,,,,,,,,,N,2,0,3,1,A,-,03,22350,,N,E,I,A,C,H,-,A,D,0,,,,,Y,,D,22,2,1,0,0,0,0,0,0,0,"- ","- ",39.254631042480469,-120.05074310302734,PLACER,UNINCORPORATED,-120.05075073242188,39.254764556884766
90672954,2018,2018-03-01,9220,2018-01-28,1735,016616,,7,2,5,3105,0,1,1,,2,281,"I-80 WESTBOUND","TAYLOR ROAD",1050.00,E,N,A,-,Y,,,80,,,,,,W,Y,1,1,0,3,A,-,07,21658,A,N,B,C,A,A,H,-,C,D,0,,,Y,,Y,,C,02,0,0,0,0,0,0,0,1,0,"- ","- ",38.767478942871094,-121.25270080566406,PLACER,ROSEVILLE,-121.25272369384766,38.76751708984375
90704953,2018,2018-04-13,9220,2018-04-05,1745,013997,,4,2,9,3100,0,3,5,,2,060,"SOAP STREET","FORESTHILL ROAD",16.00,N,N,B,-,N,,,,,,,,,,N,2,0,1,1,A,-,01,23152,A,N,F,A,A,A,H,-,A,D,0,,,Y,,Y,Y,C,02,1,0,0,0,0,0,0,0,1,"- ","- ",39.020538330078125,-120.81648254394531,PLACER,UNINCORPORATED,-120.81638336181641,39.020511627197266
90709375,2018,2018-04-19,9220,2018-04-06,0850,016481,,5,1,9,3100,0,2,4,,1,012,"BASELINE RD","SOUTH BREWER",0.00,,Y,C,-,N,,,,,,,,,,Y,2,0,1,2,A,-,09,21802,A,N,D,C,A,B,H,-,A,A,0,,,,,Y,,A,01,1,0,0,0,0,0,0,0,0,"- ","- ",38.908889770507812,-121.45761108398438,PLACER,UNINCORPORATED,-121.451171875,38.751598358154297
90709990,2017,2018-09-04,9222,2017-12-30,1235,017515,,6,1,9,3100,0,1,3,,1,016,"STATE ROUTE 267","NORTHSTAR DRIVE",1000.00,S,N,A,-,Y,,,267,,,,,,,Y,1,1,1,3,A,-,03,22350,,N,C,C,A,A,H,-,A,A,0,,,,,Y,,D,22,0,1,0,0,0,0,0,0,0,"- ","- ",39.284179999999999,-120.10433999999999,PLACER,UNINCORPORATED,-120.1043413,39.284180220000003
90712330,2018,2018-04-24,9221,2018-01-31,1008,016862,,3,1,9,3100,0,1,3,,1,320,"SR-20 W/B","LAKE SPAULDING RD",4224.00,W,N,A,-,Y,,,20,,,,,,W,Y,1,2,0,2,A,-,05,21460,A,N,A,C,A,A,H,-,A,D,0,,,,Y,Y,,F,55,0,0,0,0,0,0,0,0,0,"- ","- ",39.309841156005859,-120.65435028076172,PLACER,UNINCORPORATED,-120.65432739257812,39.309791564941406
90712609,2018,2018-04-25,9220,2018-04-16,0550,016668,,1,3,9,3100,0,2,4,,2,027,"AUBURN FOLSOM RD","LOU PL",31.00,S,N,B,-,N,,,,,,,,,,Y,2,0,1,1,A,-,03,22350,,N,E,I,A,B,H,-,B,D,0,,,,,Y,,A,01,1,0,0,0,0,0,0,0,0,"- ","- ",38.724571228027344,-121.17559051513672,PLACER,UNINCORPORATED,-121.17529296875,38.724433898925781
90717089,2018,2018-05-01,9220,2018-04-20,0448,017397,,5,3,9,3100,0,1,1,,2,281,"I-80 E/B","RIVERSIDE AVE",900.00,W,N,A,-,Y,,,,,,,,,,Y,2,0,1,2,A,-,01,23152,,N,C,C,A,A,H,-,C,D,0,,,,,Y,Y,A,01,1,0,0,0,0,0,0,0,0,"- ","- ",38.722518920898438,-121.29267883300781,PLACER,UNINCORPORATED,-121.29244232177734,38.723045349121094
90720018,2018,2018-05-04,9220,2018-04-14,1728,013997,,6,2,9,3100,0,1,1,,2,282,"I-80 E/B","PENRYN ROAD OVER-CROSSING",563.00,W,N,A,-,Y,,,80,,,,,,E,Y,2,0,1,1,A,-,03,22350,,N,F,A,A,A,H,-,A,D,0,,,Y,,Y,,C,02,1,0,0,0,0,0,0,0,1,"- ","- ",38.832218170166016,-121.16957855224609,PLACER,UNINCORPORATED,-121.16996002197266,38.832672119140625
90735239,2018,2018-05-25,9221,2018-05-19,0915,017669,,6,1,9,3100,0,1,1,,2,385,"I-80 W/B","BAXTER OVER CROSSING",1584.00,E,N,A,-,Y,,,80,,,,,,W,Y,2,0,1,2,A,-,08,22107,,N,B,C,A,A,H,-,A,D,0,,,,,Y,,A,01,1,0,0,0,0,0,0,0,0,"- ","- ",39.216670989990234,-120.77520751953125,PLACER,UNINCORPORATED,-120.77521514892578,39.2166748046875
9073615,2020,2020-07-20,3105,2020-04-22,1252,343,,3,5,5,3105,0,0,0,,0,005,"HIGHLAND PARK DR","PLEASANT GROVE BL",798.00,W,N,A,-,N,,,,,,,,,,Y,2,0,1,1,A,-,08,22107,,N,E,I,A,A,H,-,A,D,0,,,,,Y,,A,01,1,0,0,0,0,0,0,0,0,"- ","- ",,,PLACER,ROSEVILLE,-121.28163909912109,38.7930908203125
90739233,2018,2018-07-17,9220,2018-05-19,1345,013605,,6,1,9,3100,0,3,5,,2,050,"OLD AUBURN FORESTHILL RD","FORESTHILL RD",2640.00,S,N,A,-,N,,,,,,,,,,Y,1,1,0,1,A,-,08,22107,,N,E,I,A,A,H,-,A,D,0,,,Y,,Y,,C,02,0,0,0,0,0,0,0,1,0,"- ","- ",38.641899108886719,-121.83260345458984,PLACER,UNINCORPORATED,-121.007564,38.928767999999998
90753272,2018,2018-06-21,9220,2018-06-02,1850,15060,,6,2,9,3100,0,1,1,,2,282,"I-80 W/B","NEWCASTLE RD",2350.00,W,N,A,-,Y,,,80,,,,,,W,Y,2,0,2,1,A,-,08,22107,,N,E,I,A,A,H,-,A,D,0,,,,Y,Y,,G,26,2,0,0,0,0,0,0,0,0,"- ","- ",38.866878509521484,-121.13269805908203,PLACER,UNINCORPORATED,-121.13269805908203,38.866878509521484
9075394,2020,2020-06-26,3105,2020-03-04,1721,1129,,3,5,5,3105,0,0,0,,0,003,"W ORLANDO AV","AUBURN BL",0.00,,Y,A,-,N,,,,,,,,,,N,2,0,2,1,A,-,03,22350,,N,A,I,A,A,H,-,A,A,0,,,,,Y,,A,08,1,0,1,0,0,0,0,0,0,"- ","- ",38.722820281982422,-121.29039001464844,PLACER,ROSEVILLE,-121.29042816162109,38.722789764404297
90756023,2018,2018-06-26,9221,2018-06-20,1215,016634,,3,1,9,3100,0,1,1,,2,386,"I-80 E/B","LAING RD",3168.00,E,N,A,-,Y,,,,,,,,,,Y,2,0,1,1,A,-,08,22107,,N,E,I,A,A,H,-,A,D,0,,,,,Y,,A,01,1,0,0,0,0,0,0,0,0,"- ","- ",39.310020446777344,-120.64057159423828,PLACER,UNINCORPORATED,-120.65020751953125,39.304531097412109
90761604,2018,2018-07-03,9220,2018-05-23,1714,15060,,3,2,4,3104,0,1,1,,2,281,"I-80 E/B",SR-65,2640.00,E,N,A,-,Y,,,80,,,,,,E,Y,1,1,0,1,A,-,08,22107,,N,E,I,A,A,H,-,A,D,0,,,,,Y,,A,07,0,0,0,0,0,0,0,0,0,"- ","- ",38.774948120117188,-121.24028778076172,PLACER,ROCKLIN,-121.24034881591797,38.775047302246094
90765290,2018,2018-07-09,9222,2018-06-15,2220,019294,,5,3,9,3100,0,1,3,,1,016,"SR 267","KINGSWOOD DRIVE",0.00,,Y,A,-,Y,,,267,,,,,,,N,2,0,1,2,A,-,11,21954,A,N,G,B,E,A,H,-,C,D,0,Y,,,,Y,,N,60,1,0,0,0,1,0,0,0,0,"- ","- ",39.250701904296875,-120.03498077392578,PLACER,UNINCORPORATED,-120.03493499755859,39.250747680664062
90780371,2018,2018-08-27,9220,2018-07-13,2500,014438,,5,4,2,3103,0,1,3,,1,265,"SR-65 NORTHBOUND TO LINCOLN BLVD.","LINCOLN BLVD",345.00,S,N,B,-,Y,,,65,,,,R,,N,Y,1,1,0,1,A,-,08,22107,,N,E,I,A,A,H,-,D,D,0,,,Y,,Y,,C,02,0,0,0,0,0,0,0,1,0,"- ","- ",38.864921569824219,-121.29998016357422,PLACER,LINCOLN,-121.29998016357422,38.864921569824219
90785869,2018,2018-08-07,9222,2018-06-29,1740,020546,,5,2,9,3100,0,1,3,,1,013,"SR-89 SOUTH","ALPINE MEADOWS ROAD",1056.00,N,N,A,-,Y,,,89,,,,,,,Y,1,2,0,1,A,-,08,22107,,N,E,I,A,A,H,-,A,D,0,,,,,Y,,A,07,0,0,0,0,0,0,0,0,0,"- ","- ",39.190750122070312,-120.19680786132812,PLACER,UNINCORPORATED,-120.19672393798828,39.190753936767578
90788530,2018,2018-08-10,9220,2018-06-28,1345,013605,,4,1,5,3105,0,1,3,,1,265,"SR-65 N/B","PLEASANT GROVE BLVD",368.00,N,N,A,-,Y,,,65,,,,,,N,Y,2,0,1,2,A,-,08,22107,,F,H,I,A,A,H,-,A,D,0,,,,,Y,,A,07,1,0,0,0,0,0,0,0,0,"- ","- ",38.775199890136719,-121.26190185546875,PLACER,ROSEVILLE,-121.26175689697266,38.775520324707031
90791356,2018,2018-08-15,9221,2018-08-06,1657,017320,,1,2,9,3100,0,1,1,,2,388,"I-80 W/B","CISCO GROVE",3696.00,E,N,A,-,Y,,,80,,,,,,W,Y,2,0,1,1,A,-,08,22107,,N,E,I,A,A,H,-,A,D,0,,,,Y,Y,,G,25,1,0,0,0,0,0,0,0,0,"- ","- ",39.306549072265625,-120.52828216552734,PLACER,UNINCORPORATED,-120.52827453613281,39.306499481201172
90796027,2018,2018-08-22,9220,2018-08-11,2107,016685,,6,2,4,3104,0,1,3,,1,265,"SR-65 (N/B)","BLUE OAKS BLVD",2000.00,S,N,A,-,Y,,,,,,,,,,Y,2,0,1,1,A,-,01,23152,A,N,F,A,A,A,H,-,D,D,0,,,Y,,Y,,C,02,1,0,0,0,0,0,0,0,1,"- ","- ",38.791110992431641,-121.29244995117188,PLACER,ROCKLIN,-121.29312896728516,38.791286468505859
90796039,2018,2018-08-22,9220,2018-08-11,1750,017375,,6,2,9,3100,0,3,5,,2,050,"PLACER HILLS RD","CROTHER RD",528.00,S,N,B,-,N,,,,,,,,,,N,2,0,1,2,A,-,01,23152,A,N,C,C,A,A,H,-,A,D,0,,,Y,,Y,Y,C,02,1,0,0,0,0,0,0,0,1,"- ","- ",39.012649536132812,-121.00567626953125,PLACER,UNINCORPORATED,-121.00450134277344,39.013763427734375
90806061,2018,2019-05-23,9220,2018-06-14,1544,013465,,4,2,9,3100,0,1,3,,2,193,SR-193,"SIERRA COLLEGE BLVD",1437.00,W,N,A,-,Y,,,,,,,,,,Y,1,1,1,2,A,-,09,21801,A,N,A,C,A,A,H,-,A,D,0,,,Y,,Y,,A,07,0,1,0,0,0,0,0,1,0,"- ","- ",38.531139373779297,-121.14353179931641,PLACER,UNINCORPORATED,-121.24305725097656,38.886478424072266
90810444,2018,2018-09-11,9222,2018-09-06,1312,017288,,4,1,9,3100,0,1,3,,1,013,"SR-89 SOUTH","BRIDGE 11",0.00,,Y,A,-,Y,,,89,,,,,,,N,2,0,1,2,A,-,09,21801,A,N,D,G,A,A,H,-,A,D,0,,Y,,,Y,,D,22,1,0,0,0,0,0,1,0,0,"- ","- ",39.268199920654297,-120.20847320556641,PLACER,UNINCORPORATED,-120.20851898193359,39.268234252929688
90812648,2018,2018-09-13,9220,2018-08-17,1150,016657,,5,1,9,3100,0,3,5,,2,050,"LAKE ARTHUR ROAD","PLACER HILLS ROAD",2429.00,E,N,A,-,N,,,,,,,,,,Y,1,1,0,1,A,-,08,22107,,N,E,I,A,A,H,-,A,D,0,,,,,Y,,A,01,0,0,0,0,0,0,0,0,0,"- ","- ",38.976200103759766,-121.01319885253906,PLACER,UNINCORPORATED,-121.01363372802734,38.975502014160156
90822441,2018,2018-09-27,9220,2018-09-19,1725,15060,,3,2,9,3100,0,2,4,,2,027,"AUBURN FOLSOM RD.","BOARDWALK DR.",35.00,S,N,A,-,N,,,,,,,,,,Y,2,0,1,2,A,-,07,21658,A,N,B,C,A,A,H,-,A,D,0,,,Y,,Y,,C,02,1,0,0,0,0,0,0,0,1,"- ","- ",38.741069793701172,-121.17054748535156,PLACER,UNINCORPORATED,-121.17061614990234,38.741123199462891
90824154,2018,2018-09-28,9220,2018-09-20,1950,15060,,4,2,5,3105,0,1,1,,2,281,"I-80 W/B","EAST ROSEVILLE PKY",100.00,E,N,A,-,Y,,,80,,,,,,W,Y,2,0,2,3,A,-,01,23152,A,N,B,C,A,A,H,-,C,D,0,,,,,Y,Y,A,01,1,1,0,0,0,0,0,0,0,"- ","- ",38.763690948486328,-121.25816345214844,PLACER,ROSEVILLE,-121.25811004638672,38.763648986816406
90830802,2018,2018-10-08,9220,2018-09-27,0705,013466,,4,1,5,3105,0,1,1,,2,281,"I-80 W/B","RIVERSIDE AV.",1285.00,W,N,A,-,Y,,,80,,,,,,W,Y,2,0,1,2,A,-,07,21658,A,N,D,C,A,A,H,-,A,A,0,,,Y,,Y,,A,01,1,0,0,0,0,0,0,0,1,"- ","- ",38.722209930419922,-121.29364776611328,PLACER,ROSEVILLE,-121.29353332519531,38.722080230712891
90834730,2018,2018-10-12,9220,2018-10-06,1323,015168,,6,1,2,3103,0,1,3,,1,265,"SR-65 SOUTHBOUND","FERRARI RANCH ROAD",2376.00,S,N,A,-,Y,,,65,,,,,,S,Y,2,0,1,1,A,-,08,22107,,N,E,I,A,A,H,-,A,D,0,,,,,Y,,A,01,1,0,0,0,0,0,0,0,0,"- ","- ",38.867298126220703,-121.30470275878906,PLACER,LINCOLN,-121.30467987060547,38.867321014404297
90836938,2018,2018-10-16,9220,2018-10-07,0450,017397,,7,3,5,3105,0,1,1,,2,281,"I-80 E/B","SUNRISE BLVD. O/C",5.00,W,N,A,-,Y,,,80,,,,,,E,Y,2,0,2,3,A,-,07,21658,A,N,B,C,A,A,H,-,D,D,0,,,,,Y,,A,01,1,1,0,0,0,0,0,0,0,"- ","- ",38.743621826171875,-121.27086639404297,PLACER,ROSEVILLE,-121.27091979980469,38.74365234375
90848152,2018,2018-10-29,9221,2018-10-19,0630,018530,,5,1,9,3100,0,1,3,,1,374,"SR-174 S/B","WHITE OAK DR",2640.00,N,N,A,-,Y,,,174,,,,,,S,Y,2,0,1,1,A,-,03,22350,,N,E,I,A,A,H,-,D,D,0,,,Y,,Y,,C,02,1,0,0,0,0,0,0,0,1,"- ","- ",39.126930236816406,-120.95864105224609,PLACER,UNINCORPORATED,-120.95860290527344,39.126968383789062
90849930,2018,2018-10-31,9220,2018-08-08,1440,016481,,3,2,9,3100,0,3,5,,2,030,"12TH STREET","F STREET",0.00,,Y,A,-,N,,,,,,,,,,Y,2,0,1,2,A,-,09,21800,A,N,D,C,A,A,H,-,A,D,0,,,Y,,Y,,C,02,1,0,0,0,0,0,0,0,1,"- ","- ",38.559089660644531,-121.57099151611328,PLACER,UNINCORPORATED,-121.37345123291016,38.979290008544922
90854127,2018,2018-11-06,9220,2018-11-01,0910,013856,,4,1,9,3100,0,2,4,,2,071,"SIERRA COLLEGE BL.","TWELVE BRIDGES DR",2112.00,N,N,A,-,N,,,,,,,,,,N,2,0,2,1,A,-,03,22350,,N,E,I,A,A,H,-,A,D,0,,,,,Y,,A,01,1,1,0,0,0,0,0,0,0,"- ","- ",38.870639801025391,-121.32333374023438,PLACER,UNINCORPORATED,-121.23686218261719,38.871055603027344
90860796,2018,2018-11-15,9222,2018-11-11,0720,017091,,7,1,9,3100,0,1,3,,1,013,"STATE ROUTE 89","SQUAW VALLEY ROAD",4752.00,N,N,A,-,Y,,,89,,,,,,,Y,2,0,1,1,A,-,08,22107,,N,E,I,A,A,H,-,A,D,0,,,,,Y,,A,07,1,0,0,0,0,0,0,0,0,"- ","- ",39.217258453369141,-120.20230865478516,PLACER,UNINCORPORATED,-120.20235443115234,39.217254638671875
90865148,2018,2018-11-21,9220,2018-11-01,1725,017375,,4,2,9,3100,0,2,4,,2,062,"FORESTHILL RD","PONDEROSA DR",528.00,W,N,A,-,N,,,,,,,,,,Y,2,0,3,5,A,-,03,22350,,N,C,C,A,A,H,-,A,D,0,,,,,Y,,A,07,1,0,2,0,0,0,0,0,0,"- ","- ",38.994659423828125,-120.92198181152344,PLACER,UNINCORPORATED,-120.92076873779297,38.996349334716797
90877535,2018,2018-12-06,9221,2018-11-29,1135,017320,,4,1,9,3100,0,1,1,,2,384,"I-80 E/B","SECRET TOWN OC",1056.00,E,N,B,C,Y,,,80,,,,,,E,Y,2,0,2,1,A,-,03,22350,,N,D,I,A,B,H,-,A,D,0,,,,,Y,,A,01,1,0,1,0,0,0,0,0,0,"- ","- ",39.154781341552734,-120.88758850097656,PLACER,UNINCORPORATED,-120.88761138916016,39.154823303222656
90887874,2018,2018-12-21,9221,2018-12-11,1640,017669,,2,2,9,3100,0,1,1,,2,384,"I-80 E/B","STATE ROUTE HIGHWAY 174",5280.00,E,N,A,-,Y,,,,,,,,,,Y,2,0,1,1,A,-,08,22107,,N,E,I,A,A,H,-,B,D,0,,,,Y,Y,,G,25,1,0,0,0,0,0,0,0,0,"- ","- ",39.065299987792969,-120.56379699707031,PLACER,UNINCORPORATED,,