CASE_ID,ACCIDENT_YEAR,PROC_DATE,JURIS,COLLISION_DATE,COLLISION_TIME,OFFICER_ID,REPORTING_DISTRICT,DAY_OF_WEEK,CHP_SHIFT,POPULATION,CNTY_CITY_LOC,SPECIAL_COND,BEAT_TYPE,CHP_BEAT_TYPE,CITY_DIVISION_LAPD,CHP_BEAT_CLASS,BEAT_NUMBER,PRIMARY_RD,SECONDARY_RD,DISTANCE,DIRECTION,INTERSECTION,WEATHER_1,WEATHER_2,STATE_HWY_IND,CALTRANS_COUNTY,CALTRANS_DISTRICT,STATE_ROUTE,ROUTE_SUFFIX,POSTMILE_PREFIX,POSTMILE,LOCATION_TYPE,RAMP_INTERSECTION,SIDE_OF_HWY,TOW_AWAY,COLLISION_SEVERITY,NUMBER_KILLED,NUMBER_INJURED,PARTY_COUNT,PRIMARY_COLL_FACTOR,PCF_CODE_OF_VIOL,PCF_VIOL_CATEGORY,PCF_VIOLATION,PCF_VIOL_SUBSECTION,HIT_AND_RUN,TYPE_OF_COLLISION,MVIW,PED_ACTION,ROAD_SURFACE,ROAD_COND_1,ROAD_COND_2,LIGHTING,CONTROL_DEVICE,CHP_ROAD_TYPE,PEDESTRIAN_ACCIDENT,BICYCLE_ACCIDENT,MOTORCYCLE_ACCIDENT,TRUCK_ACCIDENT,NOT_PRIVATE_PROPERTY,ALCOHOL_INVOLVED,STWD_VEHTYPE_AT_FAULT,CHP_VEHTYPE_AT_FAULT,COUNT_SEVERE_INJ,COUNT_VISIBLE_INJ,COUNT_COMPLAINT_PAIN,COUNT_PED_KILLED,COUNT_PED_INJURED,COUNT_BICYCLIST_KILLED,COUNT_BICYCLIST_INJURED,COUNT_MC_KILLED,COUNT_MC_INJURED,PRIMARY_RAMP,SECONDARY_RAMP,LATITUDE,LONGITUDE,COUNTY,CITY,POINT_X,POINT_Y
90896482,2018,2019-01-03,9220,2018-09-25,1245,016682,,2,1,9,3100,0,1,3,,1,249,"SR-49 S/B","LORENSON ROAD",0.00,,Y,A,-,Y,,,49,,,,,,S,Y,1,1,2,2,A,-,09,21801,A,N,D,C,A,A,H,-,A,D,0,,,,,Y,,A,07,1,0,1,0,0,0,0,0,0,"- ","- ",38.979030609130859,-121.10868835449219,PLACER,UNINCORPORATED,-121.10857391357422,38.979061126708984
90896799,2018,2019-01-03,9222,2018-12-26,1830,017288,,3,2,9,3100,0,1,3,,1,013,"SR-89 SOUTH","CABIN CREEK ROAD",3696.00,S,N,B,-,Y,,,89,,,,,,,Y,2,0,5,2,A,-,05,21460,A,N,A,C,A,A,H,-,D,D,0,,,,,Y,,A,01,2,0,3,0,0,0,0,0,0,"- ","- ",39.268051147460938,-120.20858001708984,PLACER,UNINCORPORATED,-120.20863342285156,39.268089294433594
90898792,2018,2019-01-07,9222,2018-12-27,2105,019294,,4,2,9,3100,0,2,4,,2,018,"LAKE FOREST ROAD","SR 28",154.00,S,N,A,-,N,,,,,,,,,,Y,2,0,3,1,A,-,01,23152,A,N,E,I,A,A,H,-,C,D,0,,,,,Y,Y,A,01,1,2,0,0,0,0,0,0,0,"- ","- ",39.1893310546875,-120.11327362060547,PLACER,UNINCORPORATED,-120.12133026123047,39.184829711914062
90900037,2018,2019-01-08,9221,2018-12-23,2145,018740,,7,2,9,3100,0,1,1,,2,385,"I-80 W/B","SAW MILL O/C",528.00,W,N,B,-,Y,,,80,,,,,,W,Y,2,0,2,1,A,-,08,22107,,N,E,I,A,B,H,-,D,D,0,,,,,Y,,A,01,1,1,0,0,0,0,0,0,0,"- ","- ",39.182701110839844,-120.84922027587891,PLACER,UNINCORPORATED,-120.84927368164062,39.182746887207031
90906631,2019,2019-01-17,9220,2019-01-14,0555,017534,,1,3,9,3100,0,2,4,,2,027,"AUBURN FOLSOM ROAD","LOU PLACE ROAD",160.00,N,N,B,-,N,,,,,,,,,,Y,2,0,1,1,A,-,01,23152,A,N,E,I,A,A,H,-,D,D,0,,,,,Y,Y,A,07,1,0,0,0,0,0,0,0,0,"- ","- ",38.725551605224609,-121.17568969726562,PLACER,UNINCORPORATED,-121.17546844482422,38.724895477294922
90908854,2019,2019-01-22,9222,2019-01-20,0125,019294,,7,3,9,3100,0,1,1,,2,031,"INTERSTATE 80 W/B",KINGVALE,2112.00,E,N,B,-,Y,,,80,,,,,,W,Y,2,0,4,2,A,-,03,22350,,N,B,C,A,B,H,-,D,D,0,,,,,Y,,A,01,1,0,3,0,0,0,0,0,0,"- ","- ",39.3165283203125,-120.43621063232422,PLACER,UNINCORPORATED,-120.43618011474609,39.316429138183594
90912535,2019,2019-01-25,9220,2019-01-23,1636,016481,,3,2,3,3101,0,1,1,,2,282,I-80,SR-49,333.00,W,N,A,-,Y,,,,,,,,,,Y,2,0,1,1,A,-,08,22107,,N,E,I,A,A,H,-,A,D,0,,,,,Y,,A,01,1,0,0,0,0,0,0,0,0,"- ","- ",38.229091644287109,-121.40981292724609,PLACER,AUBURN,-121.07551574707031,38.899692535400391
90921688,2018,2019-02-07,9220,2018-12-17,1555,017534,,1,2,9,3100,0,2,4,,2,022,"DOUGLAS BOULEVARD","BERG STREET",0.00,,Y,A,-,N,,,,,,,,,,Y,1,1,1,2,A,-,03,22350,,N,D,C,A,A,H,-,B,D,0,,,Y,,Y,,C,02,0,1,0,0,0,0,0,1,0,"- ","- ",38.744251251220703,-121.19863128662109,PLACER,UNINCORPORATED,-121.19863128662109,38.744270324707031
90922503,2019,2019-02-08,9222,2019-01-26,1830,018315,,6,2,9,3100,0,1,3,,1,011,SR-89S,"BRIDGE 6",154.00,N,N,A,-,Y,,,89,,,,,,,Y,1,1,2,2,A,-,01,23152,A,N,A,C,A,A,H,-,D,D,0,,,,,Y,Y,A,01,2,0,0,0,0,0,0,0,0,"- ","- ",39.228858947753906,-120.20578002929688,PLACER,UNINCORPORATED,-120.20572662353516,39.228862762451172
90922555,2019,2019-03-07,9220,2019-02-05,1640,017397,,2,2,9,3100,0,1,3,,1,249,"SR-49 (GRASS VALLEY HWY)","FLORENCE LN",0.00,,Y,A,-,Y,,,49,,,,,,,Y,2,0,2,2,A,-,01,23152,F,N,C,C,A,A,H,-,B,D,0,,,,,Y,,A,07,2,0,0,0,0,0,0,0,0,"- ","- ",38.978309631347656,-121.10835266113281,PLACER,UNINCORPORATED,-121.10836029052734,38.978305816650391
90935842,2019,2019-02-28,9221,2019-02-20,1652,016556,,3,2,9,3100,0,1,1,,2,388,"I-80 E/B","HAMPSHIRE ROCKS RD",5280.00,E,N,D,-,Y,,,80,,,,,,E,Y,2,0,1,3,A,-,01,23152,A,N,C,C,A,C,H,-,A,D,0,,,,Y,Y,Y,A,07,1,0,0,0,0,0,0,0,0,"- ","- ",39.311580657958984,-120.49336242675781,PLACER,UNINCORPORATED,-120.49336242675781,39.311599731445312
9093635,2020,2020-08-03,3103,2020-04-18,1901,DGORB,L5,6,5,2,3103,0,0,0,,0,0L3,"LINCOLN BL","1ST ST",0.00,,Y,A,-,N,,,,,,,,,,N,2,0,4,3,A,-,01,23153,A,F,D,C,A,A,H,-,A,A,0,,,,,Y,Y,A,01,1,1,2,0,0,0,0,0,0,"- ","- ",38.886501312255859,-121.29270172119141,PLACER,LINCOLN,-121.29281616210938,38.886539459228516
90945237,2019,2019-03-13,9220,2019-03-02,1730,15060,,6,2,9,3100,0,2,4,,2,027,"CAVITT STALLMAN RD","AUBURN FOLSOM RD",20.00,W,N,B,C,N,,,,,,,,,,N,2,0,2,2,A,-,08,22107,,N,D,C,A,B,H,-,C,D,0,,,,,Y,,A,01,1,0,1,0,0,0,0,0,0,"- ","- ",38.766548156738281,-121.16290283203125,PLACER,UNINCORPORATED,-121.16278076171875,38.766471862792969
90959012,2019,2019-04-02,9221,2019-03-27,0730,017270,,3,1,9,3100,0,1,1,,2,388,"I-80 E/B",KINGVALE,550.00,W,N,D,-,Y,,,,,,,,,,Y,2,0,1,1,A,-,08,22107,,N,E,I,A,C,H,-,A,A,0,,,,,Y,,A,07,1,0,0,0,0,0,0,0,0,"- ","- ",33.313701629638672,-120.44920349121094,PLACER,UNINCORPORATED,,
90962992,2019,2019-04-08,9220,2019-03-31,1445,017818,,7,2,9,3100,0,3,5,,2,040,"LONE STAR RD","BELL RD",1215.00,E,N,A,-,N,,,,,,,,,,N,2,0,1,1,A,-,08,22107,,N,E,I,A,A,H,-,A,D,0,,,Y,,Y,,C,02,1,0,0,0,0,0,0,0,1,"- ","- ",38.999710083007812,-121.13099670410156,PLACER,UNINCORPORATED,-121.13125610351562,38.999652862548828
90964934,2019,2019-04-10,9221,2019-03-08,1018,015950,,5,1,9,3100,0,1,1,,2,386,"I-80 EB","BLUE CANYON ROAD",6178.00,W,N,D,-,Y,,,80,,,,,,E,Y,1,1,0,1,A,-,03,22350,,N,E,I,A,C,H,-,A,D,0,,,,,Y,,A,07,0,0,0,0,0,0,0,0,0,"- ","- ",39.270851135253906,-120.71536254882812,PLACER,UNINCORPORATED,-120.71537017822266,39.270866394042969
90966541,2019,2019-04-12,9222,2019-04-04,2035,018593,,4,2,9,3100,0,1,3,,1,015,"STATE ROUTE 28","DEER ST.",28.50,W,N,B,-,Y,,,28,,,,,,,N,2,0,1,2,A,-,03,22350,,N,G,B,B,B,H,-,D,A,0,Y,,,,Y,Y,A,07,1,0,0,0,1,0,0,0,0,"- ","- ",39.237560272216797,-120.02716064453125,PLACER,UNINCORPORATED,-120.02716064453125,39.237518310546875
90970130,2019,2019-04-18,9220,2019-04-08,0915,016682,,1,1,9,3100,0,3,5,,2,020,"WELLS AVE","COUNTRY RD.",0.00,,Y,A,-,N,,,,,,,,,,Y,2,0,1,1,A,-,08,22107,,N,F,A,A,A,H,-,A,D,0,,,Y,,Y,,C,02,1,0,0,0,0,0,0,0,1,"- ","- ",38.785259246826172,-121.16438293457031,PLACER,UNINCORPORATED,-121.16432189941406,38.785331726074219
90981522,2019,2019-05-03,9220,2019-04-28,1500,016668,,7,2,9,3100,0,1,1,,2,283,"I-80 W/B","CROTHER RD",23.00,W,N,A,-,Y,,,80,,,,,,W,Y,2,0,1,2,A,-,07,21658,A,N,B,C,A,A,H,-,A,D,0,,,Y,,Y,,A,08,1,0,0,0,0,0,0,0,1,"- ","- ",39.003761291503906,-120.99366760253906,PLACER,UNINCORPORATED,-120.99367523193359,39.003761291503906
90986378,2019,2019-05-10,9220,2019-05-03,1640,014611,,5,2,9,3100,0,2,4,,2,022,"DOUGLAS BLVD.","BARTON RD",500.00,E,N,A,-,N,,,,,,,,,,N,2,0,1,2,A,-,09,21801,A,N,D,G,A,A,H,-,A,D,0,,Y,,,Y,,E,22,1,0,0,0,0,0,1,0,0,"- ","- ",38.744098663330078,-121.18734741210938,PLACER,UNINCORPORATED,-121.18743896484375,38.744052886962891
90989233,2019,2019-05-15,9221,2019-03-13,2257,014763,,3,3,9,3100,0,1,1,,2,385,"I-80 EASTBOUND","ALPINE O/C",1446.00,E,N,A,-,Y,,,80,,,,,,E,N,1,1,0,2,A,-,11,21956,,N,G,B,E,A,H,-,D,D,0,Y,,,,Y,Y,N,60,0,0,0,1,0,0,0,0,0,"- ","- ",39.151939392089844,-120.89382934570312,PLACER,UNINCORPORATED,-120.89383697509766,39.151958465576172
90993085,2019,2019-05-21,9220,2019-04-15,1250,016654,,1,1,9,3100,0,2,4,,1,013,"WALERGA ROAD","FARRIER WAY",998.00,N,N,B,-,N,,,,,,,,,,Y,1,1,1,1,A,-,08,22107,,N,F,I,A,A,H,-,A,D,0,,,,,Y,,A,01,0,1,0,0,0,0,0,0,0,"- ","- ",38.745288848876953,-121.36463928222656,PLACER,UNINCORPORATED,-121.36454010009766,38.745475769042969
90993288,2019,2019-05-21,9220,2019-05-07,2134,015042,,2,2,9,3100,0,2,4,,2,077,"AUBURN FOLSOM ROAD","KING ROAD",435.00,N,N,A,-,N,,,,,,,,,,Y,2,0,2,2,A,-,05,21460,A,N,A,C,A,A,H,-,D,D,0,,,,,Y,,A,01,2,0,0,0,0,0,0,0,0,"- ","- ",38.82659912109375,-121.12419891357422,PLACER,UNINCORPORATED,-121.12429046630859,38.826461791992188
90995079,2019,2019-05-23,9220,2019-05-17,1500,017482,,5,2,9,3100,0,1,1,,2,283,I-80,"W. PAOLI LN",936.00,W,N,B,-,Y,,,80,,,,,,,Y,2,0,2,2,A,-,07,21658,A,N,B,C,A,A,H,-,A,D,0,,,,Y,Y,,G,25,2,0,0,0,0,0,0,0,0,"- ","- ",39.032020568847656,-120.97624969482422,PLACER,UNINCORPORATED,-120.97626495361328,39.032020568847656
91008612,2019,2019-06-12,9220,2019-06-05,0625,016668,,3,1,5,3105,0,1,1,,2,281,"I-80 E/B","LEAD HILL BLVD",1584.00,W,N,A,-,Y,,,80,,,,,,E,Y,2,0,3,2,A,-,03,22350,,N,C,C,A,A,H,-,A,D,0,,,,,Y,,D,22,1,1,1,0,0,0,0,0,0,"- ","- ",38.747509002685547,-121.26850891113281,PLACER,ROSEVILLE,-121.26841735839844,38.747451782226562
91011210,2019,2019-06-17,9220,2019-06-04,0825,017027,,2,1,9,3100,0,3,5,,2,020,"EAST ROSEVILLE PKY","TREELAKE RD",170.00,W,N,A,-,N,,,,,,,,,,N,2,0,1,1,A,-,03,22350,,N,F,A,A,A,H,-,A,D,0,,,Y,,Y,,C,02,1,0,0,0,0,0,0,0,1,"- ","- ",38.728351593017578,-121.21286773681641,PLACER,UNINCORPORATED,-121.21304321289062,38.72821044921875
91011428,2019,2019-06-17,9220,2019-06-10,2245,016429,,1,3,5,3105,0,1,1,,2,281,"I-80 W/B","ATLANTIC ST",60.00,E,N,A,-,Y,,,,,,,,,,Y,2,0,1,2,A,-,01,23152,A,N,C,C,A,A,H,-,C,D,0,,,,Y,Y,Y,A,01,1,0,0,0,0,0,0,0,0,"- ","- ",38.453048706054688,-121.15419006347656,PLACER,ROSEVILLE,,
91026124,2019,2019-07-08,9222,2019-06-26,1736,017907,,3,2,9,3100,0,1,3,,1,015,"SR-28 W/B",SR-267,0.00,,Y,A,-,Y,,,28,,,,,,W,Y,2,0,1,2,A,-,08,22107,,N,B,C,A,A,H,-,A,A,0,,,Y,,Y,,D,22,1,0,0,0,0,0,0,0,1,"- ","- ",39.238010406494141,-120.03147125244141,PLACER,UNINCORPORATED,-120.03147888183594,39.237911224365234
91027979,2019,2019-07-10,9222,2019-06-29,1450,018315,,6,2,9,3100,0,1,3,,2,012,SR-89S,"ALPINE MEADOWS RD.",1584.00,S,N,A,-,Y,,,89,,,,,,,Y,2,0,4,3,A,-,01,23152,A,N,B,C,A,A,H,-,A,D,0,,,Y,,Y,Y,C,02,1,2,1,0,0,0,0,0,1,"- ","- ",39.183200836181641,-120.19529724121094,PLACER,UNINCORPORATED,-120.19526672363281,39.183200836181641
91029252,2019,2019-07-11,9222,2019-06-18,0740,017515,,2,1,9,3100,0,1,3,,1,014,"OLD MILL ROAD","STATE ROUTE ROUTE 28",17.00,N,N,A,-,Y,,,,,,,,,,Y,2,0,1,2,A,-,09,21801,A,N,D,G,A,A,H,-,A,D,0,,Y,,,Y,,A,01,1,0,0,0,0,0,1,0,0,"- ","- ",39.189838409423828,-120.11390686035156,PLACER,UNINCORPORATED,-120.11395263671875,39.1898193359375
91042959,2019,2019-07-31,9220,2019-07-20,0405,016685,,6,3,5,3105,0,1,1,,2,281,"I-80 EB TO SR-65 N/B",I-80,80.00,S,N,A,-,Y,,,80,,,,R,,E,Y,2,0,1,1,A,-,01,23152,A,N,F,A,A,A,H,-,D,D,0,,,Y,,Y,Y,C,02,1,0,0,0,0,0,0,0,1,"- ","- ",38.771110534667969,-121.24610900878906,PLACER,ROSEVILLE,-121.24610900878906,38.771110534667969
91043678,2019,2019-08-01,9220,2019-07-23,1005,014438,,2,1,9,3100,0,3,5,,2,070,"OLD STATE HIGHWAY",SR-193,110.00,S,N,A,-,N,,,,,,,,,,Y,2,0,1,1,A,-,08,22107,,N,E,I,A,A,H,-,A,D,0,,,,,Y,,A,01,1,0,0,0,0,0,0,0,0,"- ","- ",38.876091003417969,-121.13242340087891,PLACER,UNINCORPORATED,-121.13247680664062,38.876239776611328
91062529,2019,2019-08-29,9220,2019-08-16,1447,017863,,5,2,9,3100,0,1,1,,2,283,"I-80 E/B","W. PAOLI LN.",1584.00,W,N,A,-,Y,,,80,,,,,,E,Y,2,0,1,1,A,-,08,22107,,N,F,A,A,A,H,-,A,D,0,,,Y,,Y,,C,02,1,0,0,0,0,0,0,0,1,"- ","- ",39.027450561523438,-120.97708129882812,PLACER,UNINCORPORATED,-120.97706604003906,39.027446746826172
91070028,2019,2019-09-09,9220,2019-09-02,0115,015197,,1,3,9,3100,0,2,4,,1,013,"WALERGA RD","PFE RD",25.00,S,N,A,-,N,,,,,,,,,,Y,2,0,1,2,A,-,11,21956,,N,G,B,E,A,H,-,C,A,0,Y,,,,Y,,N,60,1,0,0,0,1,0,0,0,0,"- ","- ",38.728668212890625,-121.36463928222656,PLACER,UNINCORPORATED,-121.36463928222656,38.728740692138672
91082473,2019,2019-09-25,9220,2019-09-16,1820,013856,,1,2,3,3101,0,1,1,,2,282,"I-80 W/B FROM SR-49 S/B",SR-49,528.00,W,N,C,-,Y,,,80,,,,R,,W,Y,2,0,1,2,A,-,08,22107,,N,D,C,A,B,H,-,B,D,0,,,,Y,Y,,A,01,1,0,0,0,0,0,0,0,0,"- ","- ",38.898578643798828,-121.07682037353516,PLACER,AUBURN,-121.07682037353516,38.898578643798828
91088024,2019,2019-10-01,9220,2019-09-28,2232,015197,,6,3,9,3100,0,1,1,,2,283,"I-80 E/B","HEATHER GLEN DR",1056.00,W,N,B,C,Y,,,80,,,,,,E,Y,2,0,1,1,A,-,01,23152,A,N,E,I,A,B,H,-,D,D,0,,,,,Y,Y,A,01,1,0,0,0,0,0,0,0,0,"- ","- ",39.014671325683594,-120.98909759521484,PLACER,UNINCORPORATED,-120.98911285400391,39.014678955078125
91096409,2019,2019-10-14,9220,2019-10-06,1435,016391,,7,2,9,3100,0,2,4,,2,058,"DRY CREEK ROAD","WIND SONG PLACE",528.00,W,N,A,-,N,,,,,,,,,,Y,2,0,1,1,A,-,01,23152,A,N,F,A,A,A,H,-,A,D,0,,,Y,,Y,Y,C,02,1,0,0,0,0,0,0,0,1,"- ","- ",38.960910797119141,-121.07701873779297,PLACER,UNINCORPORATED,-121.08557891845703,38.962711334228516
91107613,2019,2019-10-28,9222,2019-10-18,0055,016334,,5,3,9,3100,0,1,3,,1,016,SR-267,"NORTH NATIONAL",342.00,N,N,A,-,Y,,,267,,,,,,,Y,2,0,1,1,A,-,01,23152,F,N,E,I,A,A,H,-,D,D,0,,,,,Y,,D,22,1,0,0,0,0,0,0,0,0,"- ","- ",39.255870819091797,-120.04432678222656,PLACER,UNINCORPORATED,-120.04439544677734,39.255802154541016
91111020,2019,2019-10-31,9220,2019-10-19,0950,015168,,6,1,9,3100,0,1,3,,1,265,"SR-65 S/B","NELSON LN",0.00,,Y,A,-,Y,,,65,,,,,,S,Y,2,0,2,2,A,-,12,21453,A,N,D,C,A,A,H,-,A,A,0,,,,,Y,,A,07,1,0,1,0,0,0,0,0,0,"- ","- ",38.885601043701172,-121.34010314941406,PLACER,UNINCORPORATED,-121.340087890625,38.8858642578125
91114922,2019,2019-11-06,9220,2019-10-31,1810,015272,,4,2,9,3100,0,1,3,,1,249,SR-49,"MASTERS CT",0.00,,Y,A,-,Y,,,49,,,,,,,Y,2,0,1,2,A,-,09,21802,A,N,D,C,A,A,H,-,B,A,0,,,Y,,Y,,D,22,1,0,0,0,0,0,0,0,1,"- ","- ",38.937519073486328,-121.09548950195312,PLACER,UNINCORPORATED,-121.09541320800781,38.937553405761719
91115123,2019,2019-11-06,9220,2019-10-30,1745,017482,,3,2,9,3100,0,2,4,,1,011,"WATT AVE","PFE RD",427.00,N,N,A,-,N,,,,,,,,,,Y,2,0,2,2,A,-,08,22107,,N,F,C,A,A,H,-,B,D,0,,,Y,,Y,,C,02,1,1,0,0,0,0,0,0,2,"- ","- ",38.730098724365234,-121.39253997802734,PLACER,UNINCORPORATED,-121.39249420166016,38.730052947998047
91121404,2019,2019-11-15,9220,2019-11-11,0200,017397,,1,3,9,3100,0,3,5,,2,040,"ATWOOD RD","ATWOOD LN",1000.00,E,N,A,-,N,,,,,,,,,,Y,2,0,1,1,A,-,01,23152,A,N,E,I,A,A,H,-,D,D,0,,,,,Y,Y,A,01,1,0,0,0,0,0,0,0,0,"- ","- ",38.934638977050781,-121.11881256103516,PLACER,UNINCORPORATED,-121.11872100830078,38.934608459472656
91128823,2019,2019-11-25,9220,2019-11-16,1215,013997,,6,1,9,3100,0,2,4,,2,051,"PLACER HILLS ROAD","LAKE ARTHUR ROAD",157.00,S,N,A,-,Y,,,,,,,,,,Y,2,0,1,1,C,-,18,,,N,E,I,A,A,H,-,A,D,0,,,,,Y,,-,"- ",1,0,0,0,0,0,0,0,0,"- ","- ",38.970279693603516,-121.01873016357422,PLACER,UNINCORPORATED,-121.0186767578125,38.970291137695312
91130152,2019,2019-11-26,9220,2019-08-15,2010,017818,,4,2,9,3100,0,2,4,,2,051,"PLACER HILLS RD","CROTHER RD",0.00,,Y,A,-,N,,,,,,,,,,Y,1,1,0,2,A,-,12,22450,A,N,D,C,A,A,H,-,D,A,0,,,Y,,Y,Y,C,02,0,0,0,0,0,0,0,1,0,"- ","- ",39.015178680419922,-121.00402069091797,PLACER,UNINCORPORATED,-121.0040283203125,39.015159606933594
91134166,2019,2019-12-03,9221,2019-10-30,1751,018530,,3,2,9,3100,0,3,5,,2,070,"FORESTHILL RD","ELLIOT RANCH RD",6336.00,E,N,A,-,N,,,,,,,,,,Y,2,0,1,1,A,-,03,22350,,N,E,I,A,A,H,-,A,D,0,,,,,Y,,A,01,1,0,0,0,0,0,0,0,0,"- ","- ",39.156398773193359,-120.66770172119141,PLACER,UNINCORPORATED,-120.68354034423828,39.146400451660156
91137820,2019,2019-12-06,9221,2019-11-26,1845,017669,,2,2,9,3100,0,1,1,,2,385,"I-80 W/B","ALTA UNDER CROSSING",550.00,E,N,B,D,Y,,,80,,,,,,W,Y,2,0,3,5,B,-,22,,,N,E,I,E,C,H,-,C,A,0,Y,,,,Y,,K,45,2,1,0,0,2,0,0,0,0,"- ","- ",39.202610015869141,-120.80954742431641,PLACER,UNINCORPORATED,-120.80955505371094,39.202651977539062
91138680,2019,2019-12-10,9220,2019-11-29,1220,013997,,5,1,3,3101,0,1,1,,2,283,"I-80 WB OFF-RAMP TO ELM AVENUE","ELM AVENUE OVER-CROSSING",174.00,W,N,A,-,Y,,,80,,,,R,,W,Y,2,0,2,1,A,-,03,22350,,N,E,I,A,A,H,-,A,D,0,,,,,Y,,A,01,2,0,0,0,0,0,0,0,0,"- ","- ",38.902851104736328,-121.07308959960938,PLACER,AUBURN,-121.07308959960938,38.902851104736328
91148936,2019,2019-12-20,9220,2019-12-16,1930,017818,,1,2,9,3100,0,1,1,,2,283,"PONDEROSA WAY","MARGARET ANN DR",100.00,E,N,A,-,N,,,,,,,,,,Y,2,0,1,1,A,-,01,23152,G,N,E,I,A,A,H,-,D,D,0,,,,,Y,Y,A,07,1,0,0,0,0,0,0,0,0,"- ","- ",39.0330810546875,-120.97061157226562,PLACER,UNINCORPORATED,-120.96997833251953,39.032341003417969
91159880,2019,2020-01-06,9221,2019-12-26,1236,017125,,4,1,9,3100,0,1,1,,2,391,"W/B I-80 TO GOLD RUN REST AREA","GOLD RUN OVER CROSSING",1320.00,E,N,A,-,Y,,,80,,,,R,,,Y,2,0,2,1,A,-,03,22350,,N,E,I,A,A,H,-,A,A,0,,,,,Y,,A,01,1,0,1,0,0,0,0,0,0,"- ","- ",39.179359436035156,-120.85391998291016,PLACER,UNINCORPORATED,-120.85391998291016,39.179359436035156
91160829,2019,2020-01-07,9220,2019-10-12,0957,016031,,6,1,9,3100,0,2,4,,2,023,"BARTON RD","TEAGUE LN",75.00,S,N,A,-,N,,,,,,,,,,Y,1,1,0,2,A,-,03,22350,,N,A,C,A,A,H,-,A,D,0,,,Y,,Y,,C,02,0,0,0,0,0,0,0,1,0,"- ","- ",38.752140045166016,-121.18940734863281,PLACER,UNINCORPORATED,-121.18939208984375,38.752059936523438
91165105,2020,2020-01-14,9220,2020-01-01,0335,016682,,3,3,5,3105,0,1,1,,2,281,"I-80 W/B FROM DOUGLAS BLVD","DOUGLAS BLVD.",750.00,W,N,A,-,Y,,,80,,,,R,,W,Y,2,0,1,2,A,-,01,23152,A,N,F,A,A,A,H,-,D,D,0,,,,,Y,Y,A,01,1,0,0,0,0,0,0,0,0,"- ","- ",38.743640899658203,-121.27114105224609,PLACER,ROSEVILLE,-121.27114105224609,38.743640899658203
91165313,2020,2020-01-14,9220,2020-01-07,1950,016429,,2,2,9,3100,0,1,3,,2,293,SR-193,"MAIN ST",1576.00,W,N,A,-,Y,,,,,,,,,,Y,2,0,2,1,A,-,01,23152,A,N,E,I,A,A,H,-,D,D,0,,,,,Y,Y,A,01,1,0,1,0,0,0,0,0,0,"- ","- ",38.524398803710938,-121.08110046386719,PLACER,UNINCORPORATED,-121.13671112060547,38.878875732421875
91166195,2020,2020-01-15,9220,2020-01-07,1440,017818,,2,2,9,3100,0,3,5,,2,010,"SUNSET BLVDW","AMORUSO WAY",1810.00,E,N,A,-,N,,,,,,,,,,Y,2,0,1,1,A,-,08,22107,,N,F,A,A,A,H,-,A,D,0,,,,,Y,,D,22,1,0,0,0,0,0,0,0,0,"- ","- ",38.82440185546875,-121.38356781005859,PLACER,UNINCORPORATED,-121.38456726074219,38.824367523193359
91166921,2020,2020-01-16,9221,2020-01-15,0905,014763,,3,1,9,3100,0,1,1,,2,384,"I-80 WESTBOUND","CARPENTER RD",1584.00,E,N,A,-,Y,,,80,,,,,,W,Y,2,0,1,2,A,-,08,22107,,N,C,E,A,A,H,-,A,D,0,,,,Y,Y,,F,26,1,0,0,0,0,0,0,0,0,"- ","- ",39.116428375244141,-120.94332885742188,PLACER,UNINCORPORATED,-120.94340515136719,39.116470336914062
91169119,2019,2020-01-23,9220,2019-12-04,1305,017534,,3,1,9,3100,0,1,3,,1,249,"STATE ROUTE 49","CRAMER ROAD",356.00,N,N,B,-,Y,,,49,,,,,,,Y,1,1,1,4,C,-,18,,,N,B,C,A,B,H,-,A,D,0,,,,,Y,,-,"- ",1,0,0,0,0,0,0,0,0,"- ","- ",38.986560821533203,-121.10977172851562,PLACER,UNINCORPORATED,-121.10970306396484,38.986564636230469
91178401,2020,2020-02-03,9220,2020-01-20,0042,016685,,1,3,9,3100,0,1,3,,2,293,"SR-193 E/B","TWIN PONDS LANE",800.00,W,N,B,-,Y,,,193,,,,,,E,Y,2,0,1,1,A,-,01,23152,A,N,E,I,A,A,H,-,D,D,0,,,,,Y,Y,D,22,1,0,0,0,0,0,0,0,0,"- ","- ",38.886600494384766,-121.23174285888672,PLACER,UNINCORPORATED,-121.23174285888672,38.886569976806641
91178415,2020,2020-02-21,9220,2020-01-23,1130,018768,,4,1,9,3100,0,2,4,,1,012,"BASELINE RD","COUNTRY ACRES LN",5280.00,E,N,B,-,N,,,,,,,,,,Y,2,0,4,2,A,-,05,21650,,N,D,C,A,A,H,-,A,D,0,,,,,Y,,D,22,2,2,0,0,0,0,0,0,0,"- ","- ",38.751808166503906,-121.41464996337891,PLACER,UNINCORPORATED,-121.41413116455078,38.751705169677734