CASE_ID,ACCIDENT_YEAR,PROC_DATE,JURIS,COLLISION_DATE,COLLISION_TIME,OFFICER_ID,REPORTING_DISTRICT,DAY_OF_WEEK,CHP_SHIFT,POPULATION,CNTY_CITY_LOC,SPECIAL_COND,BEAT_TYPE,CHP_BEAT_TYPE,CITY_DIVISION_LAPD,CHP_BEAT_CLASS,BEAT_NUMBER,PRIMARY_RD,SECONDARY_RD,DISTANCE,DIRECTION,INTERSECTION,WEATHER_1,WEATHER_2,STATE_HWY_IND,CALTRANS_COUNTY,CALTRANS_DISTRICT,STATE_ROUTE,ROUTE_SUFFIX,POSTMILE_PREFIX,POSTMILE,LOCATION_TYPE,RAMP_INTERSECTION,SIDE_OF_HWY,TOW_AWAY,COLLISION_SEVERITY,NUMBER_KILLED,NUMBER_INJURED,PARTY_COUNT,PRIMARY_COLL_FACTOR,PCF_CODE_OF_VIOL,PCF_VIOL_CATEGORY,PCF_VIOLATION,PCF_VIOL_SUBSECTION,HIT_AND_RUN,TYPE_OF_COLLISION,MVIW,PED_ACTION,ROAD_SURFACE,ROAD_COND_1,ROAD_COND_2,LIGHTING,CONTROL_DEVICE,CHP_ROAD_TYPE,PEDESTRIAN_ACCIDENT,BICYCLE_ACCIDENT,MOTORCYCLE_ACCIDENT,TRUCK_ACCIDENT,NOT_PRIVATE_PROPERTY,ALCOHOL_INVOLVED,STWD_VEHTYPE_AT_FAULT,CHP_VEHTYPE_AT_FAULT,COUNT_SEVERE_INJ,COUNT_VISIBLE_INJ,COUNT_COMPLAINT_PAIN,COUNT_PED_KILLED,COUNT_PED_INJURED,COUNT_BICYCLIST_KILLED,COUNT_BICYCLIST_INJURED,COUNT_MC_KILLED,COUNT_MC_INJURED,PRIMARY_RAMP,SECONDARY_RAMP,LATITUDE,LONGITUDE,COUNTY,CITY,POINT_X,POINT_Y
91182446,2020,2020-02-07,9221,2020-01-28,1130,018213,,2,1,9,3100,0,1,1,,2,386,"I-80 E/B","OLD NYACK RD",287.00,E,N,B,C,Y,,,80,,,,,,E,Y,2,0,2,5,A,-,03,22350,,N,C,C,A,B,H,-,A,D,0,,,,Y,Y,,G,25,1,0,1,0,0,0,0,0,0,"- ","- ",39.292949676513672,-120.67877960205078,PLACER,UNINCORPORATED,-120.67881011962891,39.293003082275391
91183744,2019,2020-02-10,9220,2019-12-06,1712,017863,,5,2,9,3100,0,1,3,,1,249,SR-49,"JOEGER RD.",388.00,N,N,B,-,Y,,,49,,,,,,,Y,1,1,2,3,A,-,01,23152,A,N,A,C,A,A,H,-,D,D,0,,,,,Y,Y,A,01,1,1,0,0,0,0,0,0,0,"- ","- ",38.965019226074219,-121.10420227050781,PLACER,UNINCORPORATED,-121.10421752929688,38.965019226074219
91192862,2020,2020-02-25,9221,2020-02-17,1402,015950,,1,2,9,3100,0,1,1,,2,385,"I-80 WESTBOUND",SR-174,1584.00,E,N,A,-,Y,,,80,,,,,,W,Y,2,0,1,5,A,-,03,22350,,N,C,C,A,A,H,-,A,D,0,,,,,Y,,D,22,1,0,0,0,0,0,0,0,0,"- ","- ",39.0997314453125,-120.94911193847656,PLACER,UNINCORPORATED,-120.94916534423828,39.099742889404297
91195145,2020,2020-02-27,9220,2020-02-11,1352,013997,,2,1,9,3100,0,3,5,,2,050,"WEST WEIMAR CROSS ROAD","I-80 ON RAMP FROM WEIMAR CROSS RD",209.00,E,N,A,-,Y,,,,,,,,,,Y,2,0,2,2,A,-,05,21460,A,F,A,C,A,A,H,-,A,D,0,,,,,Y,,A,01,2,0,0,0,0,0,0,0,0,"- ","- ",39.044700622558594,-120.97402954101562,PLACER,UNINCORPORATED,,
91199502,2020,2020-03-02,9220,2020-02-14,1850,014611,,5,2,9,3100,0,2,4,,2,027,"AUBURN FOLSOM RD","TWIN ROCKS RD",0.00,,Y,A,-,N,,,,,,,,,,Y,2,0,2,2,A,-,09,21802,A,N,D,C,A,A,H,-,D,D,0,,,,,Y,,A,01,1,0,1,0,0,0,0,0,0,"- ","- ",38.767551422119141,-121.15679168701172,PLACER,UNINCORPORATED,-121.15682983398438,38.767559051513672
91213510,2020,2020-03-24,9220,2020-03-13,1635,15060,,5,2,5,3105,0,1,1,,2,281,"I-80 W/B","ATLANTIC ST",1584.00,E,N,A,-,Y,,,80,,,,,,W,Y,2,0,2,2,A,-,01,23152,A,N,C,C,A,A,H,-,A,D,0,,,,,Y,Y,A,01,1,1,0,0,0,0,0,0,0,"- ","- ",38.761318206787109,-121.25968933105469,PLACER,ROSEVILLE,-121.25968170166016,38.761314392089844
91213998,2019,2020-03-23,9220,2019-12-23,1830,016031,,1,2,9,3100,0,1,3,,2,293,"SR-193 W/B","SKYVIEW DR",2640.00,E,N,B,-,Y,,,193,,,,,,W,Y,1,1,0,1,A,-,08,22107,,N,F,A,A,A,H,-,D,D,0,,,,,Y,,A,07,0,0,0,0,0,0,0,0,0,"- ","- ",38.878910064697266,-121.14536285400391,PLACER,UNINCORPORATED,-121.14536285400391,38.878971099853516
91219653,2020,2020-04-03,9220,2020-03-14,1445,016429,,6,2,9,3100,0,1,3,,1,249,"SR-49 (GRASS VALLEY HWY)","LONE STAR RD",1344.00,S,N,B,C,Y,,,,,,,,,,Y,1,1,1,3,A,-,03,22350,,N,D,C,A,B,H,-,A,D,0,,,,,Y,,A,01,1,0,0,0,0,0,0,0,0,"- ","- ",38.593730926513672,-121.06392669677734,PLACER,UNINCORPORATED,-121.11106109619141,38.993255615234375
91241378,2020,2020-05-22,9220,2020-05-07,1430,013997,,4,2,9,3100,0,3,5,,2,050,"AUBURN RAVINE ROAD","BOWMAN ROAD",1056.00,W,N,A,-,N,,,,,,,,,,Y,2,0,1,2,A,-,03,22350,,N,H,F,A,A,H,-,A,A,0,,,,,Y,,A,01,1,0,0,0,0,0,0,0,0,"- ","- ",38.920539855957031,-121.06021881103516,PLACER,UNINCORPORATED,-121.05928039550781,38.92138671875
91241438,2020,2020-05-22,9220,2020-05-16,1250,019040,,6,1,9,3100,0,2,4,,2,062,"FORESTHILL RD","LINCOLN WAY",6336.00,E,N,A,-,N,,,,,,,,,,N,2,0,1,2,A,-,08,22107,,N,D,G,A,A,H,-,A,D,0,,Y,,,Y,,A,01,1,0,0,0,0,0,1,0,0,"- ","- ",38.923091888427734,-121.03218841552734,PLACER,UNINCORPORATED,-121.03411102294922,38.922889709472656
91245203,2020,2020-05-29,9220,2020-05-24,1632,017482,,7,2,5,3105,0,1,3,,1,265,"S/B SR-65 TO W/B I-80 TRANSITION","S/B SR-65 TO E/B I-80 TRANS",518.00,W,N,A,-,Y,,,65,,,,R,,,Y,2,0,1,1,A,-,01,23152,A,N,F,A,A,A,H,-,A,D,0,,,,,Y,Y,A,01,1,0,0,0,0,0,0,0,0,"- ","- ",38.769401550292969,-121.25103759765625,PLACER,ROSEVILLE,-121.25103759765625,38.769401550292969
91247529,2020,2020-06-04,9220,2020-05-31,1015,017534,,7,1,9,3100,0,3,5,,2,070,"NEWCASTLE ROAD","GILARDI ROAD",312.00,S,N,A,-,N,,,,,,,,,,N,2,0,1,1,A,-,03,22350,,N,F,A,A,A,H,-,A,D,0,,,Y,,Y,,C,02,1,0,0,0,0,0,0,0,1,"- ","- ",38.853839874267578,-121.13162994384766,PLACER,UNINCORPORATED,-121.131591796875,38.853855133056641
91249650,2020,2020-06-09,9222,2020-06-01,0936,017288,,1,1,9,3100,0,1,3,,1,014,SR-28,"OLD COUNTY ROAD",1056.00,E,N,A,-,Y,,,28,,,,,,,N,2,0,1,1,A,-,03,22350,,N,F,A,A,A,H,-,A,D,0,,Y,,,Y,,L,04,1,0,0,0,0,0,1,0,0,"- ","- ",39.199378967285156,-120.09623718261719,PLACER,UNINCORPORATED,-120.09634399414062,39.199386596679688
91250795,2020,2020-06-11,9220,2020-06-06,1822,020447,,6,2,9,3100,0,2,4,,2,053,"LINCOLN WAY","FERGUSON RD",0.00,,Y,B,-,N,,,,,,,,,,Y,2,0,2,2,A,-,09,21801,A,N,F,A,A,A,H,-,A,D,0,,,Y,,Y,,A,08,1,1,0,0,0,0,0,0,2,"- ","- ",38.922260284423828,-121.0565185546875,PLACER,UNINCORPORATED,-121.05660247802734,38.922210693359375
91251209,2020,2020-06-12,9220,2020-06-04,1917,017482,,4,2,9,3100,0,1,3,,1,249,SR-49,"LONE STAR RD",568.00,S,N,A,-,Y,,,49,,,,,,,Y,2,0,2,1,A,-,08,22107,,N,E,I,A,A,H,-,A,D,0,,,,,Y,,A,07,1,1,0,0,0,0,0,0,0,"- ","- ",38.995250701904297,-121.1103515625,PLACER,UNINCORPORATED,-121.11028289794922,38.995185852050781
91253201,2020,2020-06-17,9220,2020-06-13,1745,016685,,6,2,9,3100,0,3,5,,2,020,"LEONA WAY","OLIVE RANCH ROAD",546.00,N,N,B,-,N,,,,,,,,,,N,2,0,1,2,A,-,11,21954,A,N,G,B,D,A,H,-,A,D,0,Y,,,,Y,,N,60,1,0,0,0,1,0,0,0,0,"- ","- ",38.753791809082031,-121.20513916015625,PLACER,UNINCORPORATED,-121.20515441894531,38.753799438476562
91264437,2020,2020-07-07,9221,2020-06-29,0720,017777,,1,1,9,3100,0,1,3,,1,320,"SR-20 E/B","LAKE SPAULDING RD",3696.00,E,N,A,-,Y,,,20,,,,,,E,Y,2,0,1,1,A,-,01,23152,A,N,E,I,A,A,H,-,A,D,0,,,,,Y,Y,A,08,1,0,0,0,0,0,0,0,0,"- ","- ",39.317928314208984,-120.62770080566406,PLACER,UNINCORPORATED,-120.62767791748047,39.317897796630859
91265907,2019,2020-07-09,9220,2019-11-02,2300,017818,,6,3,9,3100,0,2,4,,2,042,"MT. VERNON RD","VINEYARD RD",0.00,,N,A,-,N,,,,,,,,,,Y,1,1,1,1,A,-,01,23152,A,N,E,I,A,A,H,-,D,D,0,,,,,Y,Y,A,07,1,0,0,0,0,0,0,0,0,"- ","- ",38.915771484375,-121.09767150878906,PLACER,UNINCORPORATED,-121.09867095947266,38.916500091552734
91266537,2020,2020-07-10,9220,2020-07-05,0015,017534,,7,3,9,3100,0,1,1,,2,282,"INTERSTATE 80, WESTBOUND","PENYRN ROAD",1930.00,W,N,A,-,Y,,,80,,,,,,W,Y,2,0,6,2,A,-,01,23152,A,N,C,C,A,A,H,-,D,D,0,,,,,Y,Y,D,22,1,0,5,0,0,0,0,0,0,"- ","- ",38.830158233642578,-121.17323303222656,PLACER,UNINCORPORATED,-121.17321014404297,38.830135345458984
91268827,2020,2020-07-22,9220,2020-06-20,1717,015168,,6,2,9,3100,0,3,5,,2,070,"HORSESHOE BAR ROAD","EL MONTE DR",0.00,,Y,A,-,N,,,,,,,,,,Y,1,1,0,2,A,-,09,21801,A,N,D,C,A,A,H,-,A,D,0,,,Y,,Y,,A,07,0,0,0,0,0,0,0,1,0,"- ","- ",38.811241149902344,-121.13327026367188,PLACER,UNINCORPORATED,-121.13339233398438,38.811138153076172
91269643,2020,2020-07-16,9222,2020-07-10,1658,017907,,5,2,9,3100,0,1,3,,1,011,"SR-89 SOUTH","FIR AVENUE",130.00,S,N,A,-,Y,,,89,,,,,,,Y,2,0,1,1,A,-,08,22107,,N,E,I,A,A,H,-,A,D,0,,,,,Y,,A,01,1,0,0,0,0,0,0,0,0,"- ","- ",39.140708923339844,-120.15457916259766,PLACER,UNINCORPORATED,-120.15460205078125,39.140705108642578
91269864,2020,2020-07-16,9220,2020-06-27,1500,014611,,6,2,9,3100,0,3,5,,2,030,"GLADDING RD","WEST WISE RD.",3696.00,S,N,A,-,N,,,,,,,,,,Y,1,1,0,1,A,-,08,22107,,N,E,I,A,A,H,-,A,D,0,,,,,Y,,D,22,0,0,0,0,0,0,0,0,0,"- ","- ",38.91558837890625,-121.29354858398438,PLACER,UNINCORPORATED,-121.29352569580078,38.916351318359375
91272604,2020,2020-07-22,9220,2020-07-13,0930,016682,,1,1,9,3100,0,2,4,,2,077,"AUBURN FOLSOM RD.","NEWCASTTLE RD.",1240.00,N,N,A,-,N,,,,,,,,,,N,2,0,1,3,A,-,03,22350,,N,C,C,E,A,D,-,A,D,0,Y,,,,Y,,A,01,1,0,0,0,1,0,0,0,0,"- ","- ",38.845458984375,-121.11392211914062,PLACER,UNINCORPORATED,-121.11392974853516,38.845420837402344
91272766,2020,2020-07-22,9221,2020-07-15,1220,018213,,3,1,9,3100,0,1,1,,2,385,"I-80 W/B","HI SIERRA DR",512.00,E,N,A,-,Y,,,80,,,,,,W,Y,2,0,1,1,A,-,01,23152,F,N,E,I,A,A,H,-,A,D,0,,,,,Y,,A,01,1,0,0,0,0,0,0,0,0,"- ","- ",39.185398101806641,-120.84719085693359,PLACER,UNINCORPORATED,-120.84713745117188,39.185333251953125
91280494,2020,2020-08-04,9220,2020-07-21,0042,017863,,2,3,9,3100,0,3,5,,2,030,"NICOLAUS RD","MAVERICK LN.",1584.00,W,N,A,-,N,,,,,,,,,,Y,2,0,3,1,C,-,18,,,N,H,H,A,A,C,-,D,D,0,,,,,Y,,-,"- ",1,2,0,0,0,0,0,0,0,"- ","- ",38.897178649902344,-121.40577697753906,PLACER,UNINCORPORATED,-121.40595245361328,38.897178649902344
91281149,2020,2020-08-05,9221,2020-07-29,1700,019020,,3,2,9,3100,0,3,5,,2,070,"SECRET TOWN ROAD","HAUL RD",6864.00,E,N,A,-,N,,,,,,,,,,N,2,0,1,1,A,-,01,23152,A,N,E,I,A,A,H,-,A,D,0,,,,,Y,Y,D,22,1,0,0,0,0,0,0,0,0,"- ","- ",39.166900634765625,-120.87909698486328,PLACER,UNINCORPORATED,-120.87897491455078,39.166847229003906
91281826,2020,2020-08-06,9222,2020-07-30,0007,018593,,4,3,9,3100,0,3,5,,2,010,"TWIN PEAKS DR.","WARD AVE.",70.00,N,N,A,-,N,,,,,,,,,,Y,2,0,1,1,A,-,01,23152,A,N,E,I,A,A,H,-,D,D,0,,,,,Y,Y,A,01,1,0,0,0,0,0,0,0,0,"- ","- ",39.137310028076172,-120.16361236572266,PLACER,UNINCORPORATED,-120.16368103027344,39.137203216552734
91290380,2020,2020-08-21,9220,2020-08-10,1815,019040,,1,2,5,3105,0,1,1,,2,281,"I-80 W/B","CIRBY WAY",1100.00,E,N,A,-,Y,,,80,,,,,,W,Y,2,0,1,2,A,-,03,22350,,N,C,C,A,A,H,-,A,D,0,,,,,Y,,A,07,1,0,0,0,0,0,0,0,0,"- ","- ",38.730178833007812,-121.28459167480469,PLACER,ROSEVILLE,-121.28460693359375,38.730197906494141
91295367,2020,2020-08-28,9220,2020-08-21,1954,017375,,5,2,9,3100,0,1,3,,1,249,"SR-49 (GRASS VALLEY HIGHWAY)","MARGUERITE MINE RD",75.00,S,N,F,-,Y,,,49,,,,,,,Y,2,0,1,2,A,-,03,22350,,N,C,C,A,A,H,-,B,A,0,,,Y,,Y,,C,02,1,0,0,0,0,0,0,0,1,"- ","- ",38.918331146240234,-121.08090972900391,PLACER,UNINCORPORATED,-121.08095550537109,38.918304443359375
91296687,2020,2020-09-01,9220,2020-08-18,0010,017027,,2,3,9,3100,0,3,5,,2,010,"SOUTH BREWER ROAD","SUNSET BLVDW",5280.00,S,N,A,-,N,,,,,,,,,,Y,2,0,2,1,A,-,08,22107,,N,F,A,A,A,H,-,D,D,0,,,,,Y,,D,22,1,0,1,0,0,0,0,0,0,"- ","- ",38.809551239013672,-121.45098114013672,PLACER,UNINCORPORATED,-121.45132446289062,38.809684753417969
91303094,2020,2020-09-11,9220,2020-09-04,0800,018752,,5,1,9,3100,0,3,5,,2,010,"ATHENS AVE","N FOOTHILLS BLVD",910.00,W,N,A,-,N,,,,,,,,,,Y,2,0,1,2,A,-,01,23152,F,N,A,C,A,A,H,-,A,D,0,,,,Y,Y,,A,01,1,0,0,0,0,0,0,0,0,"- ","- ",38.838939666748047,-121.32920837402344,PLACER,UNINCORPORATED,-121.32909393310547,38.838962554931641
91304245,2020,2020-09-14,9220,2020-09-01,0130,017027,,2,3,4,3104,0,1,3,,1,265,"SR-65 N/B","BLUE OAKS BLVD",2112.00,S,N,A,-,Y,,,,,,,,,,Y,2,0,2,1,A,-,08,22107,,N,E,I,A,A,H,-,C,D,0,,,,,Y,,A,07,1,0,1,0,0,0,0,0,0,"- ","- ",38.791530609130859,-121.29279327392578,PLACER,ROCKLIN,-121.29257965087891,38.791141510009766
91318414,2020,2020-10-06,9220,2020-09-29,0050,017397,,2,3,9,3100,0,3,5,,2,010,"S. LOOP DR.","W. SUNSET BLVD.",510.00,S,N,A,-,N,,,,,,,,,,Y,2,0,1,1,A,-,01,23152,G,N,E,I,A,A,H,-,D,D,0,,,Y,,Y,Y,C,02,1,0,0,0,0,0,0,0,1,"- ","- ",38.815818786621094,-121.30400085449219,PLACER,UNINCORPORATED,-121.30405426025391,38.815822601318359
9132251,2020,2020-10-12,3105,2020-07-20,2103,1127,,1,5,5,3105,0,0,0,,0,007,"NE FIDDYMENT RD","PLEASANT GROVE BL",274.00,S,N,A,-,N,,,,,,,,,,Y,2,0,4,4,A,-,01,23152,A,N,H,C,A,-,H,-,C,A,0,,,,,Y,Y,A,01,1,0,3,0,0,0,0,0,0,"- ","- ",38.765678405761719,-121.35772705078125,PLACER,ROSEVILLE,-121.35859680175781,38.76556396484375
91324466,2020,2020-10-15,9220,2020-10-09,0640,018752,,5,1,9,3100,0,3,5,,2,010,"DYER LN","WATT AVE",2665.00,W,N,A,-,N,,,,,,,,,,Y,2,0,1,1,A,-,03,22350,,N,E,J,A,A,C,-,B,D,0,,,,,Y,,A,01,1,0,0,0,0,0,0,0,0,"- ","- ",38.736148834228516,-121.40957641601562,PLACER,UNINCORPORATED,-121.40191650390625,38.736160278320312
91327144,2020,2020-10-20,9220,2020-10-08,2240,015961,,4,3,9,3100,0,2,4,,2,051,"PLACER HILLS RD","PINECREST DR",227.00,S,N,A,-,N,,,,,,,,,,Y,2,0,2,1,A,-,01,23152,G,N,E,I,A,A,H,-,D,D,0,,,,,Y,Y,A,01,1,1,0,0,0,0,0,0,0,"- ","- ",38.986099243164062,-121.02249908447266,PLACER,UNINCORPORATED,-121.02253723144531,38.986099243164062
91327168,2020,2021-01-05,9220,2020-10-04,2310,017534,,7,3,9,3100,0,2,4,,2,064,"FORESTHILL ROAD","BATH ROAD",615.00,E,N,A,-,N,,,,,,,,,,Y,1,1,0,2,A,-,01,23152,A,N,E,I,A,A,H,-,D,D,0,,,,,Y,Y,D,22,0,0,0,0,0,0,0,0,0,"- ","- ",39.027988433837891,-120.80074310302734,PLACER,UNINCORPORATED,-120.80079650878906,39.028034210205078
91327300,2020,2020-10-20,9220,2020-10-03,0210,014282,,6,3,9,3100,0,1,1,,2,283,"I-80 W/B TO S. AUBURN ST","ILLINOISTOWN RD",146.00,W,N,A,-,Y,,,80,,,,R,,W,Y,2,0,1,1,A,-,01,23152,A,N,E,I,A,A,H,-,C,A,0,,,,,Y,Y,D,22,1,0,0,0,0,0,0,0,0,"- ","- ",39.077999114990234,-120.96057891845703,PLACER,UNINCORPORATED,-120.96057891845703,39.077999114990234
91329376,2020,2020-10-22,9221,2020-10-18,1135,019020,,7,1,9,3100,0,1,1,,2,384,"I-80 W/B","CAPE HORN RD",1000.00,W,N,A,-,Y,,,80,,,,,,W,Y,2,0,1,2,A,-,07,21658,A,F,C,C,A,A,H,-,A,D,0,,,Y,,Y,,C,02,1,0,0,0,0,0,0,0,1,"- ","- ",39.138900756835938,-120.92269897460938,PLACER,UNINCORPORATED,-120.92270660400391,39.138862609863281
91334160,2020,2020-10-29,9221,2020-10-28,0645,016634,,3,1,9,3100,0,1,1,,2,386,"I-80 W/B","YUBA GAP",7920.00,W,N,A,-,Y,,,,,,,,,,Y,2,0,1,1,A,-,08,22107,,N,E,I,A,A,H,-,D,D,0,,,,,Y,,A,01,1,0,0,0,0,0,0,0,0,"- ","- ",39.307201385498047,-120.62670135498047,PLACER,UNINCORPORATED,-120.49737548828125,39.311981201171875
91336347,2020,2020-11-02,9220,2020-10-17,2330,017397,,6,3,4,3104,0,1,3,,1,265,"SR-65 S/B","BLUE OAKS BLVD",730.00,N,N,A,-,Y,,,65,,,,,,S,Y,2,0,1,1,A,-,01,23152,A,N,E,I,A,A,H,-,D,D,0,,,,,Y,Y,A,01,1,0,0,0,0,0,0,0,0,"- ","- ",38.797370910644531,-121.29891204833984,PLACER,ROCKLIN,-121.29869079589844,38.797492980957031
91336530,2020,2020-11-02,9220,2020-10-25,0500,017397,,7,3,9,3100,0,3,5,,2,070,"HORSESHOE BAR RD","TUDSBURY RD",150.00,E,N,A,-,N,,,,,,,,,,Y,2,0,1,1,A,-,01,23152,A,N,F,I,A,A,H,-,C,D,0,,,,,Y,Y,A,01,1,0,0,0,0,0,0,0,0,"- ","- ",38.810550689697266,-121.1414794921875,PLACER,UNINCORPORATED,-121.14125823974609,38.810546875
91340840,2020,2020-11-06,9220,2020-10-25,0100,019148,,7,3,9,3100,0,2,4,,2,062,"DRIVERS FLAT RD","FORESTHILL RD.",1135.00,S,N,A,-,N,,,,,,,,,,Y,2,0,1,1,A,-,08,22107,,N,E,I,A,A,H,-,D,D,0,,,,,Y,,A,07,1,0,0,0,0,0,0,0,0,"- ","- ",38.969638824462891,-120.95303344726562,PLACER,UNINCORPORATED,-120.95303344726562,38.969879150390625
91344452,2020,2020-11-12,9220,2020-11-05,1610,015272,,4,2,9,3100,0,3,5,,2,030,"SHERIDAN LINCOLN BLVD","NADER RD",225.00,N,N,A,-,N,,,,,,,,,,Y,2,0,1,1,A,-,08,22107,,N,F,A,A,A,H,-,A,D,0,,,Y,,Y,,C,02,1,0,0,0,0,0,0,0,1,"- ","- ",38.945899963378906,-121.3553466796875,PLACER,UNINCORPORATED,-121.36133575439453,38.963050842285156
91346052,2020,2020-11-16,9220,2020-07-24,2235,018752,,5,3,5,3105,0,1,3,,1,265,"SR-65 N/B","PLEASANT GROVE BLVD",2567.00,S,N,A,-,Y,,,65,,,,,,N,Y,1,2,0,1,A,-,01,23152,F,N,F,A,A,A,H,-,C,D,0,,,,,Y,,A,01,0,0,0,0,0,0,0,0,0,"- ","- ",38.782970428466797,-121.27646636962891,PLACER,ROSEVILLE,-121.27651214599609,38.782878875732422
91346744,2020,2021-03-03,9220,2020-10-30,2319,017397,,5,3,5,3105,0,1,3,,1,265,"SR-65 S/B","GALLERIA BLVD.",912.00,S,N,A,-,Y,,,65,,,,,,S,Y,1,1,0,2,A,-,03,22350,,N,C,C,A,A,H,-,D,D,0,,,,,Y,Y,A,01,0,0,0,0,0,0,0,0,0,"- ","- ",38.776008605957031,-121.26300811767578,PLACER,ROSEVILLE,-121.2630615234375,38.775901794433594
91350257,2020,2021-02-10,9220,2020-11-12,0545,015996,,4,3,9,3100,0,3,5,,2,010,"INDUSTRIAL AVE","SOUTH LOOP RD",26.00,N,N,A,-,N,,,,,,,,,,Y,2,0,2,1,A,-,01,23152,F,N,E,I,A,A,H,-,C,D,0,,,,,Y,,A,01,1,1,0,0,0,0,0,0,0,"- ","- ",38.839118957519531,-121.31137847900391,PLACER,UNINCORPORATED,-121.30725860595703,38.814682006835938
91351543,2020,2020-11-23,9220,2020-11-15,1220,015168,,7,1,9,3100,0,2,4,,2,076,"KING RD","SUGARLOAF MTN RD",0.00,,Y,A,-,N,,,,,,,,,,N,2,0,1,3,A,-,09,21801,A,N,D,G,A,A,H,-,E,D,0,,Y,,,Y,,A,07,1,0,0,0,0,0,1,0,0,"- ","- ",38.825199127197266,-121.15190124511719,PLACER,UNINCORPORATED,-121.15206146240234,38.825229644775391
91351596,2020,2020-11-23,9220,2020-11-15,0355,015961,,7,3,9,3100,0,1,3,,1,249,SR-49,"BELL RD",0.00,,Y,A,-,N,,,49,,,,,,,Y,2,0,1,1,A,-,01,23152,A,N,E,I,A,A,H,-,C,A,0,,,,,Y,Y,D,22,1,0,0,0,0,0,0,0,0,"- ","- ",38.94219970703125,-121.09690093994141,PLACER,UNINCORPORATED,-121.09712982177734,38.942138671875
91353946,2020,2020-11-25,9220,2020-10-28,1600,018548,,3,2,9,3100,0,1,1,,2,283,"I-80 E/B TO WEIMAR CROSS RD","WEIMAR CROSS RD",0.00,,Y,A,-,Y,,,80,,,,R,,E,N,2,0,1,2,A,-,09,21801,A,N,D,G,A,A,H,-,A,A,0,,,,,Y,,M,91,1,0,0,0,0,0,0,0,0,"- ","- ",39.043098449707031,-120.97370147705078,PLACER,UNINCORPORATED,-120.97370147705078,39.043098449707031
91355526,2020,2020-11-30,9220,2020-11-22,0140,015961,,7,3,2,3103,0,1,3,,1,265,"SR-65 (N/B) TO LINCOLN BLVD","LINCOLN BLVD",440.00,S,N,A,-,Y,,,65,,,,R,,,Y,2,0,3,1,A,-,01,23152,A,N,E,I,A,A,H,-,A,D,0,,,,,Y,Y,A,01,2,1,0,0,0,0,0,0,0,"- ","- ",38.864601135253906,-121.29979705810547,PLACER,LINCOLN,-121.29979705810547,38.864601135253906
91360199,2020,2020-12-07,9221,2020-11-30,0310,017125,,1,3,9,3100,0,1,1,,2,388,"I-80 WESTBOUND","SOUTH YUBA DR. U/C",90.00,E,N,A,-,Y,,,80,,,,,,W,Y,2,0,1,1,A,-,08,22107,,N,E,I,A,A,H,-,D,D,0,,,,Y,Y,,F,26,1,0,0,0,0,0,0,0,0,"- ","- ",39.313751220703125,-120.46927642822266,PLACER,UNINCORPORATED,-120.46928405761719,39.313819885253906
91377828,2020,2020-12-30,9220,2020-07-17,0610,016682,,5,1,5,3105,0,1,3,,1,265,"SR-65 SB","GALLERIA BLVD.",2013.00,S,N,A,-,Y,,,65,,,,,,S,Y,1,1,0,1,A,-,01,23152,F,N,E,I,A,A,H,-,A,D,0,,,,,Y,,A,01,0,0,0,0,0,0,0,0,0,"- ","- ",38.774101257324219,-121.25936126708984,PLACER,ROSEVILLE,-121.25933074951172,38.774188995361328
91379549,2020,2021-01-04,9220,2020-12-18,1542,017482,,5,2,9,3100,0,2,4,,2,027,"AUBURN FOLSOM RD","LONG VALLEY DR",62.00,S,N,A,-,N,,,,,,,,,,Y,2,0,1,1,A,-,08,22107,,N,E,I,A,A,H,-,A,D,0,,,,,Y,,D,22,1,0,0,0,0,0,0,0,0,"- ","- ",38.848640441894531,-121.10845184326172,PLACER,UNINCORPORATED,-121.10846710205078,38.848674774169922
91382859,2020,2021-01-06,9220,2020-12-28,0645,013975,,1,1,9,3100,0,2,4,,2,071,"SIERRA COLLEGE BLVD","ENGLISH COLONY WAY",1056.00,W,N,C,-,N,,,,,,,,,,Y,2,0,2,2,A,-,05,21460,A,N,A,C,A,B,H,-,D,D,0,,,,,Y,,A,01,2,0,0,0,0,0,0,0,0,"- ","- ",38.863300323486328,-121.21929931640625,PLACER,UNINCORPORATED,-121.22090911865234,38.863590240478516
91384084,2020,2021-01-08,9220,2020-12-30,1240,013997,,3,1,9,3100,0,1,S,,2,059,"SR-49 (EL DORADO STREET)","AUBURN CITY LIMITS",2112.00,S,N,A,-,Y,,,49,,,,,,,Y,2,0,1,1,A,-,08,22107,,N,E,I,A,A,H,-,A,D,0,,,,,Y,,A,01,1,0,0,0,0,0,0,0,0,"- ","- ",38.906688690185547,-121.05258178710938,PLACER,UNINCORPORATED,-121.05274963378906,38.906791687011719