CASE_ID,ACCIDENT_YEAR,PROC_DATE,JURIS,COLLISION_DATE,COLLISION_TIME,OFFICER_ID,REPORTING_DISTRICT,DAY_OF_WEEK,CHP_SHIFT,POPULATION,CNTY_CITY_LOC,SPECIAL_COND,BEAT_TYPE,CHP_BEAT_TYPE,CITY_DIVISION_LAPD,CHP_BEAT_CLASS,BEAT_NUMBER,PRIMARY_RD,SECONDARY_RD,DISTANCE,DIRECTION,INTERSECTION,WEATHER_1,WEATHER_2,STATE_HWY_IND,CALTRANS_COUNTY,CALTRANS_DISTRICT,STATE_ROUTE,ROUTE_SUFFIX,POSTMILE_PREFIX,POSTMILE,LOCATION_TYPE,RAMP_INTERSECTION,SIDE_OF_HWY,TOW_AWAY,COLLISION_SEVERITY,NUMBER_KILLED,NUMBER_INJURED,PARTY_COUNT,PRIMARY_COLL_FACTOR,PCF_CODE_OF_VIOL,PCF_VIOL_CATEGORY,PCF_VIOLATION,PCF_VIOL_SUBSECTION,HIT_AND_RUN,TYPE_OF_COLLISION,MVIW,PED_ACTION,ROAD_SURFACE,ROAD_COND_1,ROAD_COND_2,LIGHTING,CONTROL_DEVICE,CHP_ROAD_TYPE,PEDESTRIAN_ACCIDENT,BICYCLE_ACCIDENT,MOTORCYCLE_ACCIDENT,TRUCK_ACCIDENT,NOT_PRIVATE_PROPERTY,ALCOHOL_INVOLVED,STWD_VEHTYPE_AT_FAULT,CHP_VEHTYPE_AT_FAULT,COUNT_SEVERE_INJ,COUNT_VISIBLE_INJ,COUNT_COMPLAINT_PAIN,COUNT_PED_KILLED,COUNT_PED_INJURED,COUNT_BICYCLIST_KILLED,COUNT_BICYCLIST_INJURED,COUNT_MC_KILLED,COUNT_MC_INJURED,PRIMARY_RAMP,SECONDARY_RAMP,LATITUDE,LONGITUDE,COUNTY,CITY,POINT_X,POINT_Y
91387609,2021,2021-01-14,9220,2021-01-05,1117,013997,,2,1,9,3100,0,1,3,,1,249,"SR-49 (GRASS VALLEY HWY)","LONE STAR ROAD",0.00,,Y,A,-,Y,,,,,,,,,,Y,2,0,1,2,A,-,09,21802,A,N,D,C,A,A,H,-,A,D,0,,,,,Y,,E,22,1,0,0,0,0,0,0,0,0,"- ","- ",38.969879150390625,-121.10881805419922,PLACER,UNINCORPORATED,-121.10910034179688,38.996532440185547
91389222,2021,2021-01-18,9220,2021-01-05,1230,013997,,2,1,9,3100,0,3,5,,2,040,"JOEGER ROAD","BELL ROAD",2640.00,W,N,A,-,N,,,,,,,,,,Y,2,0,2,1,A,-,03,22350,,N,E,I,A,A,H,-,A,D,0,,,,,Y,,D,22,1,1,0,0,0,0,0,0,0,"- ","- ",38.942249298095703,-121.12451171875,PLACER,UNINCORPORATED,-121.1246337890625,38.942218780517578
91390612,2020,2021-01-19,9220,2020-12-31,0749,017927,,4,1,9,3100,0,1,3,,1,249,"GRASS VALLEY HWY","LONE STAR RD",0.00,,Y,B,-,Y,,,,,,,,,,Y,2,0,1,2,A,-,09,21802,A,N,D,C,A,B,H,-,A,A,0,,,,,Y,,A,07,1,0,0,0,0,0,0,0,0,"- ","- ",38.996540069580078,-121.10897827148438,PLACER,UNINCORPORATED,,
91391388,2020,2021-06-08,9221,2020-11-05,0905,014763,,4,1,9,3100,0,1,1,,2,388,"I-80 WESTBOUND","KINGVALE UNDERCROSSING",1056.00,W,N,A,-,Y,,,80,,,,,,W,Y,1,1,0,1,A,-,08,22107,,N,E,I,A,A,H,-,A,D,0,,,,,Y,,A,07,0,0,0,0,0,0,0,0,0,"- ","- ",39.314048767089844,-120.44818115234375,PLACER,UNINCORPORATED,-120.44818115234375,39.314079284667969
91395387,2021,2021-01-27,9221,2021-01-20,1955,017881,,3,2,9,3100,0,1,1,,2,386,"I-80 E/B","NYACK RD",1920.00,W,N,A,-,Y,,,80,,,,,,E,Y,2,0,1,1,A,-,01,23152,A,N,E,I,A,A,H,-,D,D,0,,,,,Y,Y,A,07,1,0,0,0,0,0,0,0,0,"- ","- ",39.291759490966797,-120.68631744384766,PLACER,UNINCORPORATED,-120.68628692626953,39.291595458984375
91407726,2020,2021-02-12,9221,2020-12-30,0745,017125,,3,1,9,3100,0,1,1,,2,385,"I-80 E/B","GOLD RUN OVER CROSSING",2100.00,E,N,B,-,Y,,,80,,,,,,E,Y,1,1,3,1,A,-,08,22107,,N,E,I,A,A,H,-,A,D,0,,,,,Y,,D,22,3,0,0,0,0,0,0,0,0,"- ","- ",39.179378509521484,-120.85275268554688,PLACER,UNINCORPORATED,-120.85279846191406,39.179435729980469
91409847,2021,2021-02-17,9221,2021-02-15,0720,017777,,1,1,9,3100,0,1,1,,2,386,"I-80 E/B",WHITMORE,2112.00,E,N,B,C,Y,,,80,,,,,,E,Y,2,0,2,2,A,-,03,22350,,N,C,C,A,B,H,-,A,D,0,,,,Y,Y,,A,01,1,0,1,0,0,0,0,0,0,"- ","- ",39.266521453857422,-120.72586059570312,PLACER,UNINCORPORATED,-120.72589874267578,39.266559600830078
91419673,2021,2021-03-03,9220,2021-02-22,0018,017482,,1,3,9,3100,0,2,4,,2,015,"INDUSTRIAL AVE","PLACER CORPORATE DR",95.00,N,N,A,-,N,,,,,,,,,,Y,2,0,2,1,A,-,08,22107,,N,E,J,A,A,H,-,C,A,0,,,,,Y,Y,A,07,2,0,0,0,0,0,0,0,0,"- ","- ",38.819789886474609,-121.30725860595703,PLACER,UNINCORPORATED,-121.30720520019531,38.819732666015625
91420553,2021,2021-03-04,9220,2021-02-18,2350,015917,,4,3,9,3100,0,1,1,,2,283,"I-80 WESTBOUND","HEATHER GLEN DR",186.00,E,N,B,-,Y,,,,,,,,,,Y,2,0,1,1,A,-,01,23152,A,N,H,I,A,A,H,-,C,D,0,,,,,Y,Y,A,01,1,0,0,0,0,0,0,0,0,"- ","- ",39.018959045410156,-121.98213958740234,PLACER,UNINCORPORATED,,
91427182,2020,2021-03-15,9221,2020-11-14,2046,017669,,6,2,9,3100,0,1,1,,2,384,"I-80 W/B","ALPINE OVER CROSSING",396.00,E,N,B,-,Y,,,,,,,,,,Y,1,2,2,1,A,-,08,22107,,N,E,I,A,A,H,-,D,D,0,,,,,Y,,A,07,1,1,0,0,0,0,0,0,0,"- ","- ",39.090198516845703,-120.53510284423828,PLACER,UNINCORPORATED,,
91429019,2021,2021-03-17,9220,2021-03-07,1825,15060,,7,2,9,3100,0,2,4,,2,027,"AUBURN FOLSOM RD.","EAGLE VIEW LN",294.00,S,N,A,-,N,,,,,,,,,,Y,2,0,6,3,A,-,05,21460,A,N,B,C,A,A,H,-,D,D,0,,,,,Y,,A,07,1,3,2,0,0,0,0,0,0,"- ","- ",38.774871826171875,-121.15126800537109,PLACER,UNINCORPORATED,-121.15122222900391,38.774898529052734
91431149,2020,2021-03-19,9220,2020-10-13,1317,015231,,2,1,9,3100,0,2,4,,2,027,"AUBURN FOLSOM RD (S/B)","EUREKA RD",83.00,N,N,A,-,N,,,,,,,,,,Y,1,1,1,2,A,-,03,22350,,N,C,C,A,A,H,-,A,A,0,,,,,Y,,A,01,1,0,0,0,0,0,0,0,0,"- ","- ",38.736198425292969,-121.17050170898438,PLACER,UNINCORPORATED,-121.17054748535156,38.736316680908203
91438791,2021,2021-03-29,9222,2021-03-25,1032,018123,,4,1,9,3100,0,1,3,,1,013,SR-89,"WEST RIVER ST",2112.00,S,N,A,-,Y,,,89,,,,,,,Y,2,0,2,2,A,-,08,22107,,N,D,C,A,A,H,-,A,D,0,,,,,Y,,A,01,1,0,1,0,0,0,0,0,0,"- ","- ",39.309799194335938,-120.20565795898438,PLACER,UNINCORPORATED,-120.20563507080078,39.309787750244141
91448003,2021,2021-04-12,9220,2021-04-05,1007,014370,,1,1,9,3100,0,2,4,,2,075,"TAYLOR RD","PENRYN RD",2640.00,W,N,B,-,N,,,,,,,,,,Y,2,0,2,1,A,-,08,22107,,N,E,I,A,A,H,-,A,D,0,,,,,Y,,D,22,2,0,0,0,0,0,0,0,0,"- ","- ",38.838569641113281,-121.17510223388672,PLACER,UNINCORPORATED,-121.17452239990234,38.838912963867188
91456084,2021,2021-04-22,9220,2021-04-19,1258,014370,,1,1,9,3100,0,2,4,,2,042,"MOUNT VERNON RD","LITTLE HILL RD",310.00,N,N,A,-,N,,,,,,,,,,N,2,0,1,1,A,-,08,22107,,N,E,I,A,A,H,-,A,D,0,,Y,,,Y,,L,04,1,0,0,0,0,0,1,0,0,"- ","- ",38.946170806884766,-121.16311645507812,PLACER,UNINCORPORATED,-121.16310882568359,38.946037292480469
91456452,2021,2021-04-22,9222,2021-04-11,1408,017288,,7,2,9,3100,0,1,3,,1,016,SR-267,"DOLLY VARDEN AVENUE",0.00,,Y,A,-,Y,,,267,,,,,,,Y,2,0,2,2,A,-,09,21802,A,N,D,C,A,A,H,-,A,A,0,,,Y,,Y,,A,07,2,0,0,0,0,0,0,0,2,"- ","- ",39.24163818359375,-120.03058624267578,PLACER,UNINCORPORATED,-120.03069305419922,39.241657257080078
91460531,2021,2021-04-28,9220,2021-04-20,1455,013997,,2,2,9,3100,0,1,1,,2,283,"I-80 EASTBOUND","HEATHER GLEN (APPLEGATE) O/C",1584.00,E,N,A,-,Y,,,80,,,,,,E,Y,2,0,1,2,A,-,01,23152,A,N,C,C,A,A,H,-,A,D,0,,,,Y,Y,Y,A,07,1,0,0,0,0,0,0,0,0,"- ","- ",39.022640228271484,-120.97853851318359,PLACER,UNINCORPORATED,-120.97854614257812,39.02264404296875
91463137,2021,2021-05-12,9220,2021-03-10,0530,018768,,3,3,5,3105,0,1,1,,2,281,"I-80 W/B FROM DOUGLAS BLVD","DOUGLAS BLVD",23.00,E,N,B,C,Y,,,80,,,,R,,W,Y,1,1,1,3,A,-,08,22107,,N,B,C,A,B,H,-,C,D,0,,,,,Y,,A,01,0,0,1,0,0,0,0,0,0,"- ","- ",38.744098663330078,-121.27092742919922,PLACER,ROSEVILLE,-121.27092742919922,38.744098663330078
91464271,2021,2021-05-03,9220,2021-04-25,1441,013997,,7,2,9,3100,0,2,4,,2,058,"DRY CREEK ROAD","BLUE GRASS DRIVE",15.00,E,N,B,C,N,,,,,,,,,,Y,2,0,1,2,A,-,09,21802,A,N,D,C,A,B,H,-,A,D,0,,,,,Y,,A,01,1,0,0,0,0,0,0,0,0,"- ","- ",38.962589263916016,-121.08827209472656,PLACER,UNINCORPORATED,-121.08835601806641,38.962596893310547
91467940,2021,2021-05-07,9220,2021-05-02,2030,017027,,7,2,9,3100,0,1,3,,1,249,SR-49,"EDUCATION ST",200.00,N,N,A,-,Y,,,49,,,,,,,Y,2,0,1,3,A,-,01,23152,A,M,C,C,A,A,H,-,C,D,0,,,,,Y,Y,A,01,1,0,0,0,0,0,0,0,0,"- ","- ",38.944938659667969,-121.09812164306641,PLACER,UNINCORPORATED,-121.09803771972656,38.944965362548828
91473515,2021,2021-05-27,9220,2021-05-08,1115,015197,,6,1,9,3100,0,1,1,,2,282,"I-80 W/B","HORSESHOE BAR RD",500.00,W,N,A,-,Y,,,,,,,,,,Y,2,0,1,2,A,-,03,22350,,N,C,C,A,A,H,-,A,D,0,,,Y,,Y,,C,02,1,0,0,0,0,0,0,0,1,"- ","- ",38.814811706542969,-121.19149780273438,PLACER,UNINCORPORATED,-121.19033813476562,38.815765380859375
91474833,2021,2021-05-27,9220,2021-05-08,1750,015060,,6,2,5,3105,0,1,3,,1,265,SR-65,I-80,500.00,N,N,A,-,Y,,,65,,,,,,,Y,2,0,1,2,A,-,17,23114,A,N,E,J,A,A,H,-,A,D,0,,,Y,,Y,,D,22,1,0,0,0,0,0,0,0,1,"- ","- ",38.771671295166016,-121.25113677978516,PLACER,ROSEVILLE,-121.25113677978516,38.771675109863281
91481898,2021,2021-05-27,9220,2021-05-16,0122,019148,,7,3,2,3103,0,1,3,,1,265,"SR-65 N/B TO LINCOLN BLVD.","LINCOLN BLVD.",375.00,S,N,B,C,Y,,,65,,,,R,,N,Y,2,0,1,1,A,-,01,23152,A,N,E,I,A,A,H,-,D,D,0,,,Y,,Y,Y,C,02,1,0,0,0,0,0,0,0,1,"- ","- ",38.864841461181641,-121.29991912841797,PLACER,LINCOLN,-121.29991912841797,38.864841461181641
91485197,2021,2021-05-28,9220,2021-05-22,1320,015961,,6,1,9,3100,0,1,3,,2,293,SR-193,"WHITTINGTON DR",730.00,E,N,A,-,Y,,,193,,,,,,,Y,2,0,1,1,C,-,18,,,N,H,H,A,A,H,-,A,D,0,,,Y,,Y,,-,"- ",1,0,0,0,0,0,0,0,1,"- ","- ",38.886501312255859,-121.17600250244141,PLACER,UNINCORPORATED,-121.17597198486328,38.886528015136719
91502867,2021,2021-06-22,9220,2021-06-14,0727,017534,,1,1,5,3105,0,1,3,,1,265,"STATE ROUTE 65, NORTHBOUND","PLEASANT GROVE BOULEVARD",1100.00,N,N,A,-,Y,,,65,,,,,,N,Y,2,0,3,3,A,-,03,22350,,N,C,C,A,A,H,-,A,D,0,,,,,Y,,D,22,1,0,2,0,0,0,0,0,0,"- ","- ",38.788299560546875,-121.28745269775391,PLACER,ROSEVILLE,-121.28742980957031,38.788345336914062
91511967,2021,2021-07-02,9221,2021-06-23,1336,014763,,3,1,9,3100,0,1,1,,2,386,"I-80 WESTBOUND","DRUM FOREBAY RD",1584.00,E,N,A,-,Y,,,80,,,,,,W,Y,2,0,1,1,A,-,01,23152,G,N,E,I,A,A,H,-,A,D,0,,,,,Y,Y,D,22,1,0,0,0,0,0,0,0,0,"- ","- ",39.241371154785156,-120.7523193359375,PLACER,UNINCORPORATED,-120.75234985351562,39.241378784179688
91518966,2021,2021-07-13,9221,2021-07-05,0720,018579,,1,1,9,3100,0,1,3,,1,320,"SR-20 W/B","LAKE SPAULDING ROAD",690.00,W,N,A,-,Y,,,,,,,,,,Y,2,0,2,3,A,-,08,22107,,N,D,C,A,A,H,-,A,D,0,,,,,Y,,A,01,1,0,1,0,0,0,0,0,0,"- ","- ",39.184768676757812,-120.38304901123047,PLACER,UNINCORPORATED,-120.64154815673828,39.313251495361328
91527736,2021,2021-07-23,9222,2021-07-17,1145,016852,,6,1,9,3100,0,3,5,,2,010,"BARKER PASS ROAD [BLACKWOOD CREEK]","BARKER PASS BRIDGE",365.00,W,N,A,-,N,,,,,,,,,,N,2,0,1,1,A,-,03,22350,,N,F,A,A,A,G,-,A,D,0,,Y,,,Y,,L,04,1,0,0,0,0,0,1,0,0,"- ","- ",39.104290008544922,-120.19657897949219,PLACER,UNINCORPORATED,,
91528999,2021,2021-07-26,9220,2021-03-19,0604,015078,,5,1,9,3100,0,2,4,,2,051,"PLACER HILLS RD","PINEWOOD WAY",775.00,N,N,B,-,N,,,,,,,,,,Y,1,1,1,2,A,-,05,21460,A,N,A,C,A,B,H,-,D,D,0,,,,,Y,,A,01,0,1,0,0,0,0,0,0,0,"- ","- ",38.979320526123047,-121.01924133300781,PLACER,UNINCORPORATED,-121.01889038085938,38.978874206542969
91531926,2021,2021-07-29,9220,2021-04-14,0132,016657,,3,3,9,3100,0,3,5,,2,010,"ATHENS AVE","FOOTHILLS BLVD",3326.00,W,N,A,-,N,,,,,,,,,,N,1,1,0,2,A,-,11,21954,A,N,G,B,D,A,H,-,D,D,0,Y,,,,Y,Y,N,60,0,0,0,1,0,0,0,0,0,"- ","- ",38.8389892578125,-121.33766174316406,PLACER,UNINCORPORATED,-121.33757781982422,38.838943481445312
91534761,2021,2021-08-02,9220,2021-04-22,2142,019148,,4,2,5,3105,0,1,1,,2,281,"I-80 E/B","LEAD HILL BLVD",913.00,W,N,A,-,Y,,,80,,,,,,E,Y,1,1,1,3,A,-,03,22350,,N,D,C,A,A,H,-,C,D,0,,,,,Y,Y,A,01,0,0,1,0,0,0,0,0,0,"- ","- ",38.749771118164062,-121.26703643798828,PLACER,ROSEVILLE,-121.26692962646484,38.749702453613281
91535104,2021,2021-08-02,9220,2021-07-28,0923,013794,,3,1,9,3100,0,2,4,,2,066,"FORESTHILL ROAD","SEQUOIA WAY",1056.00,W,N,A,-,N,,,,,,,,,,Y,2,0,1,1,C,-,18,,,N,H,H,A,A,H,-,A,D,0,,,,,Y,,-,"- ",1,0,0,0,0,0,0,0,0,"- ","- ",39.060470581054688,-120.75633239746094,PLACER,UNINCORPORATED,-120.75544738769531,39.061912536621094
91536679,2021,2021-08-04,9221,2021-06-08,1800,018530,,2,2,9,3100,0,1,3,,1,321,SR-20,"LAKE SPAULDING ROAD",3696.00,E,N,A,-,Y,,,,,,,,,,Y,1,1,0,1,A,-,08,22107,,N,E,I,A,A,H,-,A,D,0,,,,,Y,,A,01,0,0,0,0,0,0,0,0,0,"- ","- ",39.3184814453125,-120.62696838378906,PLACER,UNINCORPORATED,-120.62741088867188,39.318000793457031
91544427,2021,2021-08-13,9220,2021-07-31,0328,019148,,6,3,9,3100,0,2,4,,2,015,"INDUSTRIAL AVE","LON MCANALLY LOOP",0.00,,Y,A,-,N,,,,,,,,,,Y,2,0,3,2,A,-,01,23152,A,N,D,C,A,A,H,-,C,A,0,,,,,Y,Y,A,07,1,1,1,0,0,0,0,0,0,"- ","- ",38.826438903808594,-121.30702972412109,PLACER,UNINCORPORATED,,
91546744,2021,2021-08-17,9222,2021-08-13,2352,018123,,5,3,9,3100,0,1,3,,1,015,SR-28,"PARK LANE",200.00,W,N,A,-,Y,,,28,,,,,,,Y,2,0,1,2,A,-,01,23152,A,M,D,C,A,A,H,-,C,D,0,,,,Y,Y,Y,A,01,1,0,0,0,0,0,0,0,0,"- ","- ",39.230018615722656,-120.01384735107422,PLACER,UNINCORPORATED,-120.01389312744141,39.229991912841797
91549486,2021,2021-08-19,9220,2021-08-13,2500,013465,,5,4,9,3100,0,2,4,,2,015,"ATHENS AVE","INDUSTRIAL AVE",0.00,,Y,A,-,N,,,,,,,,,,N,2,0,1,2,D,-,00,,,F,G,B,E,A,H,-,A,D,0,Y,,,,Y,,-,"- ",1,0,0,0,1,0,0,0,0,"- ","- ",38.819801330566406,-121.02760314941406,PLACER,UNINCORPORATED,-121.30690002441406,38.838985443115234
91551635,2021,2021-08-23,9220,2021-08-10,2015,017027,,2,2,9,3100,0,1,3,,1,249,SR-49,"EDGEWOOD ROAD",350.00,N,N,A,-,Y,,,49,,,,,,,N,2,0,1,2,A,-,17,21200,,N,C,C,A,D,H,-,C,D,0,,Y,,,Y,Y,L,04,1,0,0,0,0,0,1,0,0,"- ","- ",38.921348571777344,-121.08268737792969,PLACER,UNINCORPORATED,-121.08258056640625,38.921401977539062
91560466,2021,2021-09-01,9220,2021-08-28,1540,016685,,6,2,5,3105,0,1,3,,1,265,SR-65,"PLEASANT GROVE BLVD",1880.00,N,N,A,F,Y,,,65,,,,,,,Y,2,0,2,3,A,-,08,22107,,N,C,2,A,A,H,-,A,D,0,,,,,Y,,D,22,1,1,0,0,0,0,0,0,0,"- ","- ",38.789249420166016,-121.28990173339844,PLACER,ROSEVILLE,-121.28987121582031,38.789310455322266
91568564,2021,2021-09-13,9220,2021-08-15,2109,017863,,7,2,9,3100,0,1,3,,1,265,"SR-65 S/B","BLUE OAKS BLVD. OFF RAMP",2640.00,N,N,A,-,Y,,,65,,,,,,S,Y,2,0,1,1,A,-,01,23152,A,N,E,I,A,A,H,-,C,A,0,,,,,Y,Y,D,22,1,0,0,0,0,0,0,0,0,"- ","- ",38.808769226074219,-121.300537109375,PLACER,UNINCORPORATED,-121.30043792724609,38.808769226074219
9157342,2020,2020-10-21,3103,2020-08-10,2100,BGORE,L8,1,5,2,3103,0,0,0,,0,0L4,"E JOINER PKWY","FIELDSTONE DR /WESTVIEW DR",0.00,,Y,A,-,N,,,,,,,,,,Y,2,0,1,2,A,-,01,23153,A,F,G,B,F,-,H,-,C,D,0,Y,,,,Y,Y,A,01,1,0,0,0,1,0,0,0,0,"- ","- ",,,PLACER,LINCOLN,-121.28658,38.847610000000003
91576562,2021,2021-09-22,9220,2021-09-17,1444,017863,,5,2,9,3100,0,3,5,,2,010,"MOORE RD.","S. BREWER RD.",650.00,W,N,A,-,N,,,,,,,,,,Y,2,0,1,1,A,-,08,22107,,N,E,I,A,A,H,-,A,D,0,,,,,Y,,A,07,1,0,0,0,0,0,0,0,0,"- ","- ",38.867870330810547,-121.45410919189453,PLACER,UNINCORPORATED,-121.45394134521484,38.867908477783203
91585790,2021,2021-10-01,9221,2021-09-25,1130,015869,,6,1,9,3100,0,3,5,,2,070,"FORESTHILL ROAD","DEADWOOD ROAD",1584.00,W,N,A,-,Y,,,,,,,,,,N,2,0,1,1,A,-,08,22107,,N,H,A,A,A,H,-,A,D,0,,,Y,,Y,,C,02,1,0,0,0,0,0,0,0,1,"- ","- ",39.175991058349609,-120.63500213623047,PLACER,UNINCORPORATED,-120.63428497314453,39.176399230957031
91589227,2021,2021-10-06,9220,2021-09-21,2113,017482,,2,2,9,3100,0,1,3,,1,265,"SR-65 N/B","SUNSET BLVD",124.00,S,N,A,-,Y,,,65,,,,,,N,Y,2,0,1,1,A,-,01,23152,F,N,E,I,A,A,H,-,C,D,0,,,,,Y,,A,07,1,0,0,0,0,0,0,0,0,"- ","- ",38.816810607910156,-121.30003356933594,PLACER,UNINCORPORATED,-121.30011749267578,38.816814422607422
91596128,2021,2022-06-03,9220,2021-07-30,1635,013997,,5,2,9,3100,0,2,4,,2,056,"BELL ROAD","OLD AIRPORT ROAD",1056.00,W,N,A,-,N,,,,,,,,,,Y,1,1,1,3,A,-,05,21651,A,N,A,C,A,A,H,-,A,D,0,,,,,Y,,A,01,1,0,0,0,0,0,0,0,0,"- ","- ",38.942638397216797,-121.07180023193359,PLACER,UNINCORPORATED,-121.06809234619141,38.943603515625
91599635,2021,2021-10-18,9221,2021-10-17,1510,019869,,7,2,9,3100,0,1,1,,2,385,"INTERSTATE 80 EASTBOUND","CRYSTAL SPRINGS ROAD",69.00,W,N,B,-,Y,,,,,,,,,,Y,2,0,1,1,A,-,03,22350,,N,E,I,A,A,D,-,A,A,0,,,,,Y,,A,01,1,0,0,0,0,0,0,0,0,"- ","- ",39.209171295166016,-120.18636322021484,PLACER,UNINCORPORATED,-120.78415679931641,39.210411071777344
91605788,2021,2021-10-25,9220,2021-10-18,1735,017397,,1,2,9,3100,0,3,5,,2,010,"PLEASANT GROVE RD","TIMS LN.",2265.00,S,N,A,-,N,,,,,,,,,,Y,2,0,1,2,A,-,05,21650,,N,B,C,A,A,H,-,A,D,0,,,,Y,Y,,D,22,1,0,0,0,0,0,0,0,0,"- ","- ",38.737239837646484,-121.48438262939453,PLACER,UNINCORPORATED,-121.48438262939453,38.737400054931641
91606374,2021,2021-10-26,9220,2021-10-18,1610,017762,,1,2,9,3100,0,2,4,,2,058,"DRY CREEK RD.",SR-49,100.00,E,N,A,-,Y,,,,,,,,,,N,2,0,1,1,A,-,08,22107,,N,F,A,A,A,H,-,A,D,0,,,Y,,Y,,C,02,1,0,0,0,0,0,0,0,1,"- ","- ",38.956691741943359,-121.10086059570312,PLACER,UNINCORPORATED,-121.10100555419922,38.956649780273438
91609061,2021,2021-10-28,9220,2021-09-23,1525,019431,,4,2,9,3100,0,3,5,,2,010,"FIDDYMENT ROAD","SUNSET BOULEVARD WEST",1619.00,S,N,A,-,N,,,,,,,,,,Y,1,1,1,2,A,-,01,23152,F,N,D,C,A,A,H,-,A,D,0,,,,Y,Y,,A,07,0,1,0,0,0,0,0,0,0,"- ","- ",38.817981719970703,-121.34928894042969,PLACER,UNINCORPORATED,-121.34930419921875,38.820075988769531
91611896,2021,2021-11-01,9220,2021-10-20,1810,017762,,3,2,9,3100,0,1,3,,1,249,"SR-49 N/B","IVY LANE",0.00,,Y,B,-,N,,,49,,,,,,N,Y,2,0,1,2,A,-,09,21801,A,N,A,C,A,A,H,-,B,D,0,,,,,Y,,A,07,1,0,0,0,0,0,0,0,0,"- ","- ",38.922168731689453,-121.08296966552734,PLACER,UNINCORPORATED,-121.08294677734375,38.92218017578125
91617442,2021,2021-11-05,9220,2021-10-31,2207,018768,,7,3,9,3100,0,1,1,,2,283,"INTERSTATE 80 WESTBOUND","ELM AVE",300.00,E,N,A,-,Y,,,,,,,,,,Y,2,0,3,4,A,-,03,22350,,N,G,2,E,A,C,-,C,D,0,Y,,,,Y,,D,22,1,1,1,0,1,0,0,0,0,"- ","- ",38.905071258544922,-121.07141876220703,PLACER,UNINCORPORATED,-121.07176971435547,38.903518676757812
91619906,2021,2021-11-09,9222,2021-11-02,1855,017907,,2,2,9,3100,0,1,3,,1,015,SR-28,"STAGG DRIVE",539.00,W,N,A,-,Y,,,28,,,,,,,Y,2,0,1,2,A,-,03,22350,,N,D,C,A,A,H,-,D,D,0,,,,,Y,,A,01,1,0,0,0,0,0,0,0,0,"- ","- ",39.236839294433594,-120.06458282470703,PLACER,UNINCORPORATED,-120.0645751953125,39.236820220947266
91623153,2021,2021-11-12,9220,2021-11-09,1455,017397,,2,2,3,3101,0,1,1,,2,283,"I-80 W/B","ELM AVE.",550.00,W,N,C,-,Y,,,80,,,,,,W,Y,2,0,1,2,A,-,03,22350,,N,A,C,A,B,H,-,A,D,0,,,,,Y,,A,01,1,0,0,0,0,0,0,0,0,"- ","- ",38.90216064453125,-121.07273864746094,PLACER,AUBURN,-121.07270050048828,38.902118682861328
91638252,2021,2021-11-30,9220,2021-11-19,2120,015961,,5,2,9,3100,0,2,4,,2,027,"AUBRUN FOLSOM RD","CAVITT STALLMAN RD",0.00,,Y,A,-,N,,,,,,,,,,Y,2,0,1,1,A,-,01,23152,A,N,E,I,A,A,H,-,C,D,0,,,Y,,Y,Y,C,02,1,0,0,0,0,0,0,0,1,"- ","- ",38.766368865966797,-121.16297149658203,PLACER,UNINCORPORATED,-121.16273498535156,38.766429901123047
91643654,2021,2021-12-06,9220,2021-11-25,0012,019040,,4,3,9,3100,0,1,3,,1,249,"SR-49 N/B","DRY CREEK RD",300.00,S,N,A,-,Y,,,49,,,,,,N,N,2,0,1,2,A,-,11,21954,A,N,G,B,D,A,H,-,C,D,0,Y,,,,Y,,N,60,1,0,0,0,1,0,0,0,0,"- ","- ",38.955768585205078,-121.10098266601562,PLACER,UNINCORPORATED,-121.10113525390625,38.955738067626953
91644420,2021,2021-12-06,9221,2021-11-24,2210,016634,,3,3,9,3100,0,3,5,,2,070,"RIDGE RD.","FROST HILL RD.",1056.00,N,N,A,-,N,,,,,,,,,,Y,2,0,1,1,A,-,01,23152,A,N,E,I,A,A,H,-,D,D,0,,,,,Y,Y,A,07,1,0,0,0,0,0,0,0,0,"- ","- ",39.203479766845703,-120.82270050048828,PLACER,UNINCORPORATED,-120.83085632324219,39.197856903076172
91653839,2021,2021-12-16,9220,2021-09-24,1925,017482,,5,2,9,3100,0,1,3,,1,249,"SR-49 (GRASS VALLEY HIGHWAY)","WILLOW CREEK DR",15.00,S,N,A,-,Y,,,49,,,,,,,Y,1,1,1,2,A,-,11,21950,B,N,G,B,B,A,H,-,C,A,0,Y,,,,Y,,N,60,0,1,0,1,0,0,0,0,0,"- ","- ",38.938308715820312,-121.09593963623047,PLACER,UNINCORPORATED,-121.09585571289062,38.938350677490234
91654427,2021,2021-12-16,9220,2021-12-08,0045,019148,,3,3,9,3100,0,2,4,,1,011,"WATT AVE.","DYER LN.",1056.00,S,N,E,-,N,,,,,,,,,,Y,2,0,1,1,A,-,08,22107,,N,E,I,A,A,H,-,D,D,0,,,,,Y,,A,01,1,0,0,0,0,0,0,0,0,"- ","- ",38.733478546142578,-121.39241027832031,PLACER,UNINCORPORATED,-121.39252471923828,38.733219146728516