CASE_ID,ACCIDENT_YEAR,PROC_DATE,JURIS,COLLISION_DATE,COLLISION_TIME,OFFICER_ID,REPORTING_DISTRICT,DAY_OF_WEEK,CHP_SHIFT,POPULATION,CNTY_CITY_LOC,SPECIAL_COND,BEAT_TYPE,CHP_BEAT_TYPE,CITY_DIVISION_LAPD,CHP_BEAT_CLASS,BEAT_NUMBER,PRIMARY_RD,SECONDARY_RD,DISTANCE,DIRECTION,INTERSECTION,WEATHER_1,WEATHER_2,STATE_HWY_IND,CALTRANS_COUNTY,CALTRANS_DISTRICT,STATE_ROUTE,ROUTE_SUFFIX,POSTMILE_PREFIX,POSTMILE,LOCATION_TYPE,RAMP_INTERSECTION,SIDE_OF_HWY,TOW_AWAY,COLLISION_SEVERITY,NUMBER_KILLED,NUMBER_INJURED,PARTY_COUNT,PRIMARY_COLL_FACTOR,PCF_CODE_OF_VIOL,PCF_VIOL_CATEGORY,PCF_VIOLATION,PCF_VIOL_SUBSECTION,HIT_AND_RUN,TYPE_OF_COLLISION,MVIW,PED_ACTION,ROAD_SURFACE,ROAD_COND_1,ROAD_COND_2,LIGHTING,CONTROL_DEVICE,CHP_ROAD_TYPE,PEDESTRIAN_ACCIDENT,BICYCLE_ACCIDENT,MOTORCYCLE_ACCIDENT,TRUCK_ACCIDENT,NOT_PRIVATE_PROPERTY,ALCOHOL_INVOLVED,STWD_VEHTYPE_AT_FAULT,CHP_VEHTYPE_AT_FAULT,COUNT_SEVERE_INJ,COUNT_VISIBLE_INJ,COUNT_COMPLAINT_PAIN,COUNT_PED_KILLED,COUNT_PED_INJURED,COUNT_BICYCLIST_KILLED,COUNT_BICYCLIST_INJURED,COUNT_MC_KILLED,COUNT_MC_INJURED,PRIMARY_RAMP,SECONDARY_RAMP,LATITUDE,LONGITUDE,COUNTY,CITY,POINT_X,POINT_Y
91657650,2021,2021-12-27,9220,2021-11-20,0535,016685,,6,3,9,3100,0,1,3,,1,267,"SR-65 N/B","WHEATLAND ROAD",560.00,S,N,E,-,Y,,,65,,,,,,N,Y,1,1,4,2,A,-,01,23152,G,N,A,C,A,B,H,-,D,D,0,,,Y,,Y,Y,A,01,3,1,0,0,0,0,0,1,0,"- ","- ",38.99530029296875,-121.39849090576172,PLACER,UNINCORPORATED,-121.39850616455078,38.995273590087891
91662221,2021,2021-12-27,9220,2021-11-25,1119,015961,,4,1,5,3105,0,1,1,,2,281,"I-80 (E/B)","RIVERSIDE AVE O/C",94.00,E,N,A,-,Y,,,80,,,,,,,Y,1,1,0,1,A,-,08,22107,,N,E,I,A,A,H,-,A,D,0,,,Y,,Y,,C,02,0,0,0,0,0,0,0,1,0,"- ","- ",38.724708557128906,-121.28996276855469,PLACER,ROSEVILLE,-121.29009246826172,38.724853515625
91665891,2021,2021-12-29,9220,2021-12-11,1900,017482,,6,2,9,3100,0,1,1,,2,283,"I-80 E/B","CROTHER RD",6125.00,W,N,E,-,Y,,,80,,,,,,E,Y,1,1,2,2,A,-,03,22350,,N,C,C,A,A,H,-,D,D,0,,,,,Y,,D,22,0,2,0,0,0,0,0,0,0,"- ","- ",38.988529205322266,-121.00240325927734,PLACER,UNINCORPORATED,-121.00239562988281,38.988529205322266
91668236,2021,2022-01-03,9220,2021-12-23,1405,017027,,4,2,9,3100,0,1,3,,1,249,SR-49,"CRAMER ROAD",0.00,,Y,B,-,Y,,,49,,,,,,,Y,2,0,3,3,A,-,01,23152,A,N,C,C,A,B,H,-,A,D,0,,,,,Y,Y,A,01,2,1,0,0,0,0,0,0,0,"- ","- ",38.985591888427734,-121.10959625244141,PLACER,UNINCORPORATED,-121.10961151123047,38.985588073730469
91671027,2022,2022-01-05,9222,2022-01-03,1810,015913,,1,2,9,3100,0,1,3,,1,016,SR-267,"MARTIS PEAK RD.",130.00,S,N,D,G,Y,PLA,,267,,,6.261,H,,R,Y,2,0,1,1,A,-,01,23152,A,N,E,I,A,C,H,-,D,D,0,,,,,Y,Y,A,01,1,0,0,0,0,0,0,0,0,"- ","- ",39.267219543457031,-120.07398223876953,PLACER,UNINCORPORATED,-120.07401275634766,39.267166137695312
91677298,2022,2022-01-13,9222,2022-01-05,1445,015913,,3,2,9,3100,0,1,3,,1,014,SR-28,"LAKE FOREST RD.",0.00,,Y,A,-,Y,,,,,,,,,,Y,2,0,2,2,A,-,09,21802,B,N,D,C,A,A,H,-,A,A,0,,,,,Y,,A,01,1,0,1,0,0,0,0,0,0,"- ","- ",39.184780120849609,-120.12149047851562,PLACER,UNINCORPORATED,-120.12181854248047,39.185009002685547
91681566,2022,2022-01-20,9220,2022-01-08,0710,017397,,6,1,9,3100,0,3,5,,2,050,"SYLVAN VISTA DR.","LINCOLN WAY",730.00,E,N,A,-,N,,,,,,,,,,N,2,0,1,1,A,-,01,23152,A,N,E,I,A,A,H,-,A,D,0,,,,,Y,Y,A,07,1,0,0,0,0,0,0,0,0,"- ","- ",38.928180694580078,-121.05357360839844,PLACER,UNINCORPORATED,-121.05370330810547,38.928127288818359
91685828,2022,2022-01-26,9220,2022-01-16,2210,020072,,7,3,4,3104,0,1,1,,2,281,"I-80 E/B","ROCKLIN RD",1.00,E,N,A,-,Y,PLA,,80,,,6.073,H,,R,Y,2,0,2,2,A,-,01,23152,A,N,C,C,A,A,H,-,D,D,0,,,,Y,Y,Y,D,22,1,1,0,0,0,0,0,0,0,"- ","- ",38.788558959960938,-121.22238922119141,PLACER,ROCKLIN,-121.22241973876953,38.788578033447266
91686440,2022,2022-01-27,9220,2022-01-14,2355,019148,,5,3,9,3100,0,3,5,,2,070,"HUMPHREY RD.","ENGLISH COLONY RD",2600.00,S,N,A,-,N,,,,,,,,,,N,2,0,1,1,A,-,01,23152,A,N,E,I,A,A,H,-,D,D,0,,,,,Y,Y,A,01,1,0,0,0,0,0,0,0,0,"- ","- ",38.846839904785156,-121.20570373535156,PLACER,UNINCORPORATED,-121.20558929443359,38.84686279296875
91688733,2022,2022-01-28,9220,2022-01-22,1105,015961,,6,1,9,3100,0,2,4,,2,077,"AUBURN FOLSOM RD","JUNEWOOD LN",110.00,N,N,A,-,N,,,,,,,,,,N,2,0,2,2,A,-,08,22107,,N,H,G,A,A,H,-,A,D,0,,Y,,,Y,,L,04,2,0,0,0,0,0,2,0,0,"- ","- ",38.831409454345703,-121.12184906005859,PLACER,UNINCORPORATED,-121.12181091308594,38.831439971923828
91727700,2022,2022-03-21,9220,2022-03-10,2055,017306,,4,2,9,3100,0,3,5,,2,010,"SOUTH LOOP RD","SUNSET BLVD",485.00,S,N,A,-,N,,,,,,,,,,N,2,0,2,1,A,-,08,22107,,N,F,A,A,A,H,-,D,D,0,,,Y,,Y,,C,02,1,1,0,0,0,0,0,0,2,"- ","- ",38.815799713134766,-121.30399322509766,PLACER,UNINCORPORATED,-121.30404663085938,38.815887451171875
91742153,2022,2022-04-06,9220,2022-03-25,1000,016031,,5,1,9,3100,0,3,5,,2,060,"MICHIGAN BLUFF RD","CHICKEN HAWK RD.",2640.00,W,N,A,-,N,,,,,,,,,,N,2,0,1,1,A,-,08,22107,,N,E,I,A,A,H,-,A,D,0,,,,,Y,,A,01,1,0,0,0,0,0,0,0,0,"- ","- ",39.046638488769531,-120.75495910644531,PLACER,UNINCORPORATED,-120.75516510009766,39.046665191650391
91745653,2022,2022-04-11,9220,2022-04-06,0855,015272,,3,1,9,3100,0,1,3,,2,193,SR-193,"DUTCH CT",797.00,E,N,A,-,Y,,,,,,,,,,Y,2,0,1,1,C,-,18,,,N,H,J,A,A,H,-,A,D,0,,,Y,,Y,,-,"- ",1,0,0,0,0,0,0,0,1,"- ","- ",38.123458862304688,-121.12345886230469,PLACER,UNINCORPORATED,-121.17295837402344,38.882225036621094
91750400,2022,2022-04-18,9221,2022-04-11,1357,020032,,1,1,9,3100,0,1,1,,2,386,"I-80 EASTBOUND","BLUE CANYON RD",6336.00,W,N,B,-,Y,PLA,,80,,,51.980,H,,R,Y,2,0,3,1,A,-,03,22350,,N,E,8,A,C,G,-,A,A,0,,,,,Y,,D,22,1,2,0,0,0,0,0,0,0,"- ","- ",39.26947021484375,-120.71901702880859,PLACER,UNINCORPORATED,-120.71900177001953,39.269432067871094
91757826,2022,2022-04-27,9220,2022-02-06,0350,019148,,7,3,9,3100,0,3,5,,2,010,"SUNSET BLVD. W","FIDDYMENT RD.",6193.00,W,N,A,-,N,,,,,,,,,,Y,1,1,1,2,A,-,05,21460,A,N,A,C,A,A,H,-,D,D,0,,,,,Y,,A,01,0,1,0,0,0,0,0,0,0,"- ","- ",38.824440002441406,-121.37029266357422,PLACER,UNINCORPORATED,-121.37100982666016,38.824443817138672
91760982,2022,2022-04-29,9222,2022-04-23,1733,018315,,6,2,9,3100,0,3,5,,2,010,"CUTTHROAT AVE.","RACCOON ST.",258.00,W,N,A,-,N,,,,,,,,,,Y,2,0,2,3,A,-,01,23153,A,N,E,E,A,A,H,-,A,A,0,,,,,Y,Y,A,01,2,0,0,0,0,0,0,0,0,"- ","- ",39.242481231689453,-120.02236175537109,PLACER,UNINCORPORATED,-120.02273559570312,39.24249267578125
91764677,2022,2022-05-04,9220,2022-05-01,1150,017397,,7,1,9,3100,0,1,3,,1,249,"SR-49 (EL DORADO STREET)","OLD FORESTHILL ROAD",2900.00,S,N,A,-,Y,PLA,,49,,,0.603,H,,R,N,2,0,1,2,A,-,03,22350,,N,F,A,A,A,H,-,A,D,0,,,Y,,Y,,C,02,1,0,0,0,0,0,0,0,1,"- ","- ",38.909030914306641,-121.04505920410156,PLACER,UNINCORPORATED,-121.04515075683594,38.909023284912109
9176581,2020,2020-12-28,3103,2020-10-30,1946,BGORE,L5,5,5,2,3103,0,0,0,,0,0L3,"6TH ST","D ST",0.00,,Y,A,-,N,,,,,,,,,,Y,2,0,2,1,A,-,03,22350,,N,H,A,A,A,H,-,C,D,0,,,Y,,Y,Y,C,02,2,0,0,0,0,0,0,0,2,"- ","- ",38.892898559570312,-121.28865051269531,PLACER,LINCOLN,-121.28901672363281,38.893131256103516
91768622,2022,2022-05-10,9220,2022-04-30,0156,019109,,6,3,9,3100,0,1,3,,1,265,"S/B SR-65","BLUE OAKS BLVD  O/C",1.00,N,N,A,-,Y,PLA,,65,,M,8.077,H,,R,Y,2,0,1,1,A,-,01,23152,A,N,E,8,A,A,H,-,C,A,0,,,,,Y,Y,A,01,1,0,0,0,0,0,0,0,0,"- ","- ",38.795669555664062,-121.29763793945312,PLACER,UNINCORPORATED,-121.29734802246094,38.795799255371094
91773107,2022,2022-05-16,9220,2022-05-07,1030,018785,,6,1,9,3100,0,1,3,,1,249,"SR-49 S/B","MASTERS COURT",0.00,,Y,A,-,Y,PLA,,49,,,6.063,H,,L,N,2,0,3,4,A,-,01,23152,F,N,D,C,A,A,H,-,A,D,0,,,,,Y,,A,07,1,1,1,0,0,0,0,0,0,"- ","- ",38.937511444091797,-121.09561157226562,PLACER,UNINCORPORATED,-121.09550476074219,38.937557220458984
91774246,2022,2022-05-17,9220,2022-05-09,1613,016752,,1,2,9,3100,0,2,4,,2,024,"EUREKA RD","STOCKHORSE LANE",196.00,W,N,B,-,N,,,,,,,,,,Y,2,0,3,2,A,-,05,21460,A,N,A,C,A,A,H,-,A,D,0,,,Y,,Y,,C,02,1,2,0,0,0,0,0,0,2,"- ","- ",38.736228942871094,-121.20686340332031,PLACER,UNINCORPORATED,-121.20682525634766,38.736240386962891
91781356,2022,2022-05-26,9221,2022-05-21,1745,019869,,6,2,9,3100,0,3,5,,2,070,"YANKEE JIMS RD","SHIRT TAIL CANYON ROAD",8448.00,N,N,A,-,N,,,,,,,,,,N,2,0,2,1,A,-,03,22350,,N,F,A,A,A,H,-,A,D,0,,,Y,,Y,,C,02,1,1,0,0,0,0,0,0,2,"- ","- ",39.036331176757812,-120.90455627441406,PLACER,UNINCORPORATED,-120.8782958984375,39.039936065673828
91788144,2022,2022-06-03,9221,2022-05-29,2030,018213,,7,2,9,3100,0,3,5,,2,070,"RIDGE RD","MAIN ST",790.00,W,N,A,-,N,,,,,,,,,,Y,2,0,1,1,A,-,01,23152,A,N,E,I,A,A,H,-,A,D,0,,,,,Y,Y,A,01,1,0,0,0,0,0,0,0,0,"- ","- ",38.582401275634766,-121.49539947509766,PLACER,UNINCORPORATED,-120.81848907470703,39.205368041992188
91796751,2022,2022-06-16,9220,2022-04-03,1529,019133,,7,2,9,3100,0,2,4,,2,062,"FORESTHILL RD","DRIVERS FLAT ROAD",3168.00,E,N,A,-,N,,,,,,,,,,Y,1,1,1,2,A,-,05,21460,A,N,A,C,A,A,H,-,A,D,0,,,Y,,Y,,A,01,0,1,0,0,0,0,0,1,0,"- ","- ",38.971500396728516,-121.94727325439453,PLACER,UNINCORPORATED,-120.95630645751953,38.964118957519531
91800765,2022,2022-06-22,9220,2022-02-23,2205,019040,,3,3,5,3105,0,1,3,,1,265,"SR-65 S/B","PLEASANT GROVE BLVD",2156.00,S,N,A,-,Y,PLA,,65,,R,6.745,H,,L,Y,1,1,1,3,A,-,01,23152,A,N,A,C,A,A,H,-,C,D,0,,,,,Y,Y,A,01,1,0,0,0,0,0,0,0,0,"- ","- ",38.783699035644531,-121.27858734130859,PLACER,ROSEVILLE,-121.27860260009766,38.783687591552734
91801219,2022,2022-06-22,9220,2022-06-14,0745,015917,,2,1,9,3100,0,2,4,,2,056,"BELL RD","RICHARDSON DR",0.00,,Y,A,-,N,,,,,,,,,,Y,2,0,1,3,A,-,12,21453,A,N,D,C,A,A,H,-,A,A,0,,,,,Y,,A,07,1,0,0,0,0,0,0,0,0,"- ","- ",38.941860198974609,-121.10804748535156,PLACER,UNINCORPORATED,-121.10804748535156,38.941848754882812
91811528,2022,2022-07-06,9220,2022-06-23,0910,015491,,4,1,5,3105,0,1,3,,1,265,"STATE ROUTE 65 SOUTHBOUND","PLEASANT GROVE ROAD",750.00,S,N,A,-,Y,PLA,,65,,R,6.943,H,,L,N,2,0,1,1,A,-,08,22107,,F,F,A,A,A,H,-,A,D,0,,,Y,,Y,,C,02,1,0,0,0,0,0,0,0,1,"- ","- ",38.785301208496094,-121.28166961669922,PLACER,ROSEVILLE,-121.28171539306641,38.785240173339844
91812401,2022,2022-07-07,9222,2022-07-01,1718,017907,,5,2,9,3100,0,3,5,,2,010,"COURCHEVEL ROAD","ZERMATT ROAD",266.00,E,N,A,-,N,,,,,,,,,,N,2,0,1,2,A,-,06,21750,A,N,D,C,A,A,H,-,A,D,0,,,Y,,Y,,C,02,1,0,0,0,0,0,0,0,1,"- ","- ",39.146648406982422,-120.21656799316406,PLACER,UNINCORPORATED,-120.21652221679688,39.14666748046875
91817310,2022,2022-07-14,9222,2022-04-28,1440,016852,,4,2,9,3100,0,3,5,,2,010,"STATE ROUTE 89 SOUTH (WEST LAKE BOULEVARD)","PINE AVENUE (MPM 89 PLA 6.73)",220.00,S,N,A,-,Y,PLA,,89,,,6.696,H,,R,Y,1,1,0,1,A,-,08,22107,,N,E,I,A,A,H,-,A,D,0,,,,,Y,,A,07,0,0,0,0,0,0,0,0,0,"- ","- ",39.14447021484375,-120.15395355224609,PLACER,UNINCORPORATED,-120.15391540527344,39.144451141357422
91819880,2022,2022-08-30,9220,2022-07-10,1805,019133,,7,2,9,3100,0,3,5,,2,040,"ATWOOD RD","RICHARDSON DR",0.00,,Y,A,-,N,,,,,,,,,,N,2,0,1,2,A,-,12,21453,A,N,D,G,A,A,H,-,A,A,0,,Y,,,Y,,L,04,1,0,0,0,0,0,1,0,0,"- ","- ",38.934780120849609,-121.10553741455078,PLACER,UNINCORPORATED,-121.10556793212891,38.934791564941406
91826429,2022,2022-07-27,9220,2022-07-22,1920,017027,,5,2,9,3100,0,2,4,,2,027,"AUBURN FOLSOM ROAD","MUIR WAY",1056.00,S,N,A,-,N,,,,,,,,,,N,2,0,1,1,A,-,03,22350,,N,E,I,A,A,H,-,E,D,0,,,Y,,Y,,C,02,1,0,0,0,0,0,0,0,1,"- ","- ",38.726028442382812,-121.17549896240234,PLACER,UNINCORPORATED,-121.17545318603516,38.725997924804688
91831696,2022,2022-08-02,9220,2022-07-27,1550,017818,,3,2,9,3100,0,1,3,,1,267,"SR-65 N/B","RIOSA ROAD",2044.00,N,N,A,-,Y,PLA,,65,,L,23.564,H,,R,Y,2,0,1,3,A,-,03,22350,,N,C,C,A,A,H,-,A,D,0,,,,,Y,,D,22,1,0,0,0,0,0,0,0,0,"- ","- ",38.9840087890625,-121.38480377197266,PLACER,UNINCORPORATED,-121.38481903076172,38.984004974365234
91835004,2022,2022-08-08,9220,2022-07-14,1620,017863,,4,2,9,3100,0,2,4,,2,064,"FORESTHILL RD.","HAPPY PINES DR.",528.00,W,N,A,-,N,,,,,,,,,,Y,2,0,3,3,A,-,01,23152,A,N,A,C,A,A,H,-,A,A,0,,,,,Y,Y,A,07,1,2,0,0,0,0,0,0,0,"- ","- ",39.001419067382812,-120.89260864257812,PLACER,UNINCORPORATED,-120.89241790771484,39.001449584960938
91836145,2022,2022-08-09,9222,2022-07-30,1640,018315,,6,2,9,3100,0,1,1,,2,021,"I-80 (W/B)","KINGVALE RD.",528.00,E,N,B,-,Y,PLA,,80,,,69.578,H,,L,N,2,0,2,1,A,-,08,22107,,N,E,8,A,A,H,-,A,D,0,,,,,Y,,A,07,2,0,0,0,0,0,0,0,0,"- ","- ",39.3155517578125,-120.44026184082031,PLACER,UNINCORPORATED,-120.44026184082031,39.315567016601562
91838830,2022,2022-08-12,9220,2022-08-06,2110,017863,,6,2,9,3100,0,3,5,,2,070,"GILARDI RD.","ROCK SPRINGS RD.",100.00,E,N,A,-,N,,,,,,,,,,Y,2,0,1,1,A,-,01,23152,A,N,E,I,A,A,H,-,D,D,0,,,Y,,Y,Y,C,02,1,0,0,0,0,0,0,0,1,"- ","- ",38.846538543701172,-121.15660095214844,PLACER,UNINCORPORATED,-121.15660858154297,38.846519470214844
91842356,2022,2022-08-17,9222,2022-08-07,0915,016340,,7,1,9,3100,0,1,3,,1,016,"STATE ROUTE 267","CARNELIAN BAY AVENUE",2112.00,S,N,A,-,Y,PLA,,267,,,7.170,H,,R,N,2,0,1,3,A,-,09,21801,A,N,D,G,A,D,H,-,A,D,0,,Y,,,Y,,A,01,1,0,0,0,0,0,1,0,0,"- ","- ",39.258491516113281,-120.06500244140625,PLACER,UNINCORPORATED,-120.06500244140625,39.258518218994141
91843319,2022,2022-08-18,9220,2022-08-11,1900,017375,,4,2,9,3100,0,2,4,,2,051,"PLACER HILLS ROAD","PINEWOOD WAY",1056.00,N,N,A,-,N,,,,,,,,,,Y,2,0,1,1,A,-,01,23152,F,N,E,I,A,A,H,-,A,D,0,,,,,Y,,A,01,1,0,0,0,0,0,0,0,0,"- ","- ",38.97998046875,-121.02088165283203,PLACER,UNINCORPORATED,-121.01943206787109,38.979499816894531
91844354,2022,2022-08-19,9220,2022-07-30,1557,017375,,6,2,9,3100,0,1,3,,1,249,"SR-49 (GRASS VALLEY HIGHWAY)","LUTHER ROAD",0.00,,Y,A,-,Y,PLA,,49,,,5.210,H,,R,Y,1,1,1,2,A,-,09,21453,C,N,D,C,A,A,H,-,A,A,0,,,,,Y,,A,01,0,0,1,0,0,0,0,0,0,"- ","- ",38.927349090576172,-121.08661651611328,PLACER,UNINCORPORATED,-121.08655548095703,38.927383422851562
91853361,2022,2022-08-30,9221,2022-08-18,0410,017669,,4,3,9,3100,0,1,1,,2,386,"I-80 W/B","CARPENTER FLAT UNDER CROSSING",5280.00,E,N,A,-,Y,,,,,,,,,,Y,2,0,1,1,A,-,01,23152,A,N,F,A,A,A,H,-,D,D,0,,,,,Y,Y,A,07,1,0,0,0,0,0,0,0,0,"- ","- ",39.309280395507812,-120.64021301269531,PLACER,UNINCORPORATED,-120.64047241210938,39.309825897216797
91854290,2022,2022-08-31,9220,2022-08-07,1756,019454,,7,2,9,3100,0,3,5,,2,060,"BRUCK LN","GEISENDORFER RD",279.00,W,N,A,-,N,,,,,,,,,,N,2,0,1,2,A,-,11,21954,A,N,G,B,E,A,H,-,A,D,0,Y,,,,Y,,N,60,1,0,0,0,1,0,0,0,0,"- ","- ",39.024909973144531,-120.97924041748047,PLACER,UNINCORPORATED,-120.97924041748047,39.024921417236328
91860593,2022,2022-09-09,9220,2022-09-05,2220,019830,,1,3,9,3100,0,3,5,,2,030,"MCOURTNEY ROAD","KILAGA SPRINGS RD",1158.00,N,N,A,-,N,,,,,,,,,,Y,2,0,1,1,A,-,01,23152,A,N,F,A,A,A,H,-,D,D,0,,,,,Y,Y,D,22,1,0,0,0,0,0,0,0,0,"- ","- ",38.973251342773438,-121.275390625,PLACER,UNINCORPORATED,-121.27538299560547,38.973228454589844
91873227,2022,2022-09-26,9222,2022-09-14,0740,015908,,3,1,9,3100,0,1,3,,1,016,SR-267,"HIGHLANDS VIEW DR.",5808.00,S,N,A,-,Y,PLA,,267,,,5.606,H,,R,Y,2,0,5,2,A,-,03,22350,,N,C,C,A,A,H,-,A,D,0,,,,,Y,,A,01,1,4,0,0,0,0,0,0,0,"- ","- ",39.27056884765625,-120.08885955810547,PLACER,UNINCORPORATED,-120.08885955810547,39.270561218261719
91896205,2022,2022-10-21,9220,2022-10-11,1719,017027,,2,2,9,3100,0,1,3,,1,249,SR-49,"DRY CREEK ROAD",500.00,N,N,A,-,Y,,,,,,,,,,Y,2,0,3,5,A,-,03,22350,,N,C,C,A,A,H,-,A,D,0,,,,,Y,,D,22,1,1,1,0,0,0,0,0,0,"- ","- ",38.057998657226562,-121.10178375244141,PLACER,UNINCORPORATED,-121.10173034667969,38.958003997802734
91904364,2022,2022-10-28,9221,2022-10-19,0650,018579,,3,1,9,3100,0,1,1,,2,386,"I-80 W/B","WHITMORE ROAD",2587.00,E,N,B,-,Y,,,,,,,,,,Y,2,0,1,2,A,-,08,22107,,N,C,C,A,A,H,-,C,D,0,,,,Y,Y,,A,01,1,0,0,0,0,0,0,0,0,"- ","- ",39.154830932617188,-121.43459320068359,PLACER,UNINCORPORATED,,
91917189,2022,2022-11-14,9220,2022-11-05,1900,017818,,6,2,9,3100,0,3,5,,2,050,"PLAZA WAY","GATEWAY CT.",130.00,N,N,B,C,N,,,,,,,,,,N,2,0,1,2,A,-,11,21956,A,N,G,B,E,B,H,-,D,D,0,Y,,,,Y,,N,60,1,0,0,0,1,0,0,0,0,"- ","- ",38.939571380615234,-121.0943603515625,PLACER,UNINCORPORATED,-121.09427642822266,38.939487457275391
91929333,2022,2022-11-29,9220,2022-10-08,1905,015917,,6,2,9,3100,0,2,4,,2,064,"FORESTHILL RD","RACETRACK ST",0.00,,Y,A,-,N,,,,,,,,,,N,2,0,1,2,A,-,09,21804,A,N,D,C,A,A,H,-,B,A,0,,,Y,,Y,,C,02,1,0,0,0,0,0,0,0,1,"- ","- ",39.01934814453125,-120.82584381103516,PLACER,UNINCORPORATED,-120.82604217529297,39.019294738769531
91930033,2022,2022-11-30,9220,2022-09-26,0605,015917,,1,1,9,3100,0,1,3,,1,249,SR-49,"BELL ROAD",0.00,,Y,A,-,Y,PLA,,49,,,6.382,H,,R,Y,2,0,2,3,A,-,12,21453,A,N,D,C,A,A,H,-,B,A,0,,,,,Y,,A,01,1,0,1,0,0,0,0,0,0,"- ","- ",38.942058563232422,-121.09697723388672,PLACER,UNINCORPORATED,-121.09701538085938,38.942050933837891
91937250,2022,2022-12-08,9222,2022-12-02,1500,020259,,5,2,9,3100,0,3,5,,2,010,"CARNELIAN BAY AVE",SR-267,1381.00,W,N,B,-,N,,,,,,,,,,N,2,0,1,1,A,-,08,38314,,N,E,I,A,C,H,-,A,D,0,,,,,Y,,-,"- ",1,0,0,0,0,0,0,0,0,"- ","- ",39.257949829101562,-120.07556915283203,PLACER,UNINCORPORATED,-120.08307647705078,39.226726531982422
91945666,2022,2022-12-19,9220,2022-12-03,1255,017762,,6,1,3,3101,0,1,1,,2,283,"I-80 E/B","ELM AVE.",540.00,E,N,B,C,Y,PLA,,80,,,17.948,H,,R,Y,2,0,5,2,A,-,08,22107,,N,A,C,A,B,H,-,A,D,0,,,,,Y,,D,22,1,1,3,0,0,0,0,0,0,"- ","- ",38.904991149902344,-121.0712890625,PLACER,AUBURN,-121.07119750976562,38.904987335205078
91947150,2022,2022-12-20,9220,2022-12-08,1530,017818,,4,2,9,3100,0,1,3,,1,265,"SR-65 N/B TO SUNSET BLVD","SUNSET BLVD",154.00,S,N,B,-,Y,,,,,,,,,,Y,2,0,2,1,A,-,08,22107,,N,F,A,A,A,H,-,A,D,0,,,,,Y,,A,01,2,0,0,0,0,0,0,0,0,"- ","- ",38.816791534423828,-121.29808807373047,PLACER,UNINCORPORATED,-121.29808807373047,38.816791534423828
91949435,2022,2022-12-22,9220,2022-11-16,0846,015961,,3,1,5,3105,0,1,1,,2,281,"I-80 E/B","RIVERSIDE AVE O/C",990.00,E,N,A,-,Y,PLA,,80,,,0.445,H,,R,Y,1,1,2,2,A,-,08,22107,,N,C,C,A,A,H,-,A,A,0,,,,,Y,,D,22,1,1,0,0,0,0,0,0,0,"- ","- ",38.726509094238281,-121.28809356689453,PLACER,ROSEVILLE,-121.28818511962891,38.726573944091797
91952204,2022,2022-12-26,9220,2022-12-13,1910,017818,,2,2,9,3100,0,3,5,,2,010,"SUNSET BLVD. WEST","FIDDYMENT RD.",3200.00,W,N,A,-,N,,,,,,,,,,Y,2,0,7,3,A,-,05,21460,A,N,A,C,A,A,H,-,D,D,0,,,,,Y,,A,07,1,5,1,0,0,0,0,0,0,"- ","- ",38.824451446533203,-121.35501098632812,PLACER,UNINCORPORATED,-121.36050415039062,38.824481964111328
91952210,2022,2022-12-26,9220,2022-12-17,1051,015961,,6,1,9,3100,0,3,5,,2,010,"ATHENS AVE","N. FOOTHILLS BLVD",1373.00,E,N,A,-,N,,,,,,,,,,Y,2,0,1,1,A,-,01,23152,A,M,F,A,A,A,H,-,A,D,0,,,,,Y,Y,A,07,1,0,0,0,0,0,0,0,0,"- ","- ",38.838920593261719,-121.32077026367188,PLACER,UNINCORPORATED,-121.32108306884766,38.839000701904297
9195775,2020,2021-01-30,3105,2020-11-09,1208,1109,,1,5,5,3105,0,0,0,,0,006,"FOOTHILLS BL","JUNCTION BL",620.00,N,N,A,-,N,,,,,,,,,,,2,0,2,2,A,-,08,22107,,N,A,C,A,A,H,-,A,D,0,,,,,Y,,D,22,1,1,0,0,0,0,0,0,0,"- ","- ",38.763431549072266,-121.311767578125,PLACER,ROSEVILLE,-121.31008911132812,38.760868072509766
91957792,2022,2023-01-02,9220,2022-12-31,1805,019133,,6,2,9,3100,0,2,4,,2,021,"SIERRA COLLEGE BOULEVARD","EUREKA RD",681.00,N,N,B,C,N,,,,,,,,,,N,2,0,1,2,A,-,11,21954,A,N,G,B,D,B,H,-,C,D,0,Y,,,,Y,,N,60,1,0,0,0,1,0,0,0,0,"- ","- ",38.738658905029297,-121.22604370117188,PLACER,UNINCORPORATED,-121.22579193115234,38.738548278808594
91966692,2022,2023-10-02,9220,2022-10-08,0645,017762,,6,1,9,3100,0,2,4,,1,012,"BASELINE ROAD","WATT AVENUE",3090.00,W,N,A,-,N,,,,,,,,,,Y,1,1,2,2,A,-,05,21460,A,N,A,C,A,A,D,E,B,D,0,,,,Y,Y,,A,01,0,0,2,0,0,0,0,0,0,"- ","- ",38.751720428466797,-121.40363311767578,PLACER,UNINCORPORATED,-121.40350341796875,38.751750946044922