CASE_ID,ACCIDENT_YEAR,PROC_DATE,JURIS,COLLISION_DATE,COLLISION_TIME,OFFICER_ID,REPORTING_DISTRICT,DAY_OF_WEEK,CHP_SHIFT,POPULATION,CNTY_CITY_LOC,SPECIAL_COND,BEAT_TYPE,CHP_BEAT_TYPE,CITY_DIVISION_LAPD,CHP_BEAT_CLASS,BEAT_NUMBER,PRIMARY_RD,SECONDARY_RD,DISTANCE,DIRECTION,INTERSECTION,WEATHER_1,WEATHER_2,STATE_HWY_IND,CALTRANS_COUNTY,CALTRANS_DISTRICT,STATE_ROUTE,ROUTE_SUFFIX,POSTMILE_PREFIX,POSTMILE,LOCATION_TYPE,RAMP_INTERSECTION,SIDE_OF_HWY,TOW_AWAY,COLLISION_SEVERITY,NUMBER_KILLED,NUMBER_INJURED,PARTY_COUNT,PRIMARY_COLL_FACTOR,PCF_CODE_OF_VIOL,PCF_VIOL_CATEGORY,PCF_VIOLATION,PCF_VIOL_SUBSECTION,HIT_AND_RUN,TYPE_OF_COLLISION,MVIW,PED_ACTION,ROAD_SURFACE,ROAD_COND_1,ROAD_COND_2,LIGHTING,CONTROL_DEVICE,CHP_ROAD_TYPE,PEDESTRIAN_ACCIDENT,BICYCLE_ACCIDENT,MOTORCYCLE_ACCIDENT,TRUCK_ACCIDENT,NOT_PRIVATE_PROPERTY,ALCOHOL_INVOLVED,STWD_VEHTYPE_AT_FAULT,CHP_VEHTYPE_AT_FAULT,COUNT_SEVERE_INJ,COUNT_VISIBLE_INJ,COUNT_COMPLAINT_PAIN,COUNT_PED_KILLED,COUNT_PED_INJURED,COUNT_BICYCLIST_KILLED,COUNT_BICYCLIST_INJURED,COUNT_MC_KILLED,COUNT_MC_INJURED,PRIMARY_RAMP,SECONDARY_RAMP,LATITUDE,LONGITUDE,COUNTY,CITY,POINT_X,POINT_Y
91969755,2022,2023-01-17,9220,2022-07-15,2250,019109,,5,3,9,3100,0,2,4,,1,013,"WALERGA ROAD","TOWN CENTER AVE",195.00,N,N,A,-,N,,,,,,,,,,Y,1,1,1,2,A,-,01,23152,A,N,E,I,A,A,H,-,C,D,0,,,,,Y,Y,A,01,0,1,0,0,0,0,0,0,0,"- ","- ",38.745929718017578,-121.36408233642578,PLACER,UNINCORPORATED,-121.3643798828125,38.745750427246094
91974448,2023,2023-01-23,9221,2023-01-11,"930 ",018213,,3,1,9,3100,0,1,1,,2,385,"I-80 E/B","RIDGE ROAD",3005.00,E,N,B,-,Y,PLA,,80," "," ",43.737,H,,R,Y,2,0,1,3,A,-,03,22350,,N,C,C,A,B,H,-,A,D,0,,,,Y,Y,,F,26,1,0,0,0,0,0,0,0,0,"- ","- ",39.189411163330078,-120.82200622558594,PLACER,UNINCORPORATED,-120.822021484375,39.189418792724609
9197866,2020,2021-02-22,3105,2020-12-09,1146,150,,3,5,5,3105,0,0,0,,0,005,"WASHINGTON BL","INDUSTRIAL BL",0.00,,Y,A,-,N,,,,,,,,,,N,2,0,5,2,A,-,00,23103,A,N,D,C,A,A,H,-,A,A,0,,,,,Y,,A,01,1,2,2,0,0,0,0,0,0,"- ","- ",38.778709411621094,-121.30158233642578,PLACER,ROSEVILLE,-121.30381774902344,38.777168273925781
91986144,2023,2023-02-03,9220,2023-01-21,1120,017762,,6,1,9,3100,0,3,5,,2,070,"RIDGE RD.","UNCLE JOES LN.",0.00,,Y,A,-,N,,,,,,,,,,N,2,0,1,2,A,-,09,21802,A,N,D,G,A,A,H,-,A,D,0,,Y,,Y,Y,,F,26,1,0,0,0,0,0,1,0,0,"- ","- ",38.883510589599609,-121.15428924560547,PLACER,UNINCORPORATED,-121.15430450439453,38.883529663085938
91990685,2023,2023-02-09,9221,2023-02-05,"905 ",020567,,7,1,9,3100,0,1,1,,2,386,"I-80 W/B","WHITMORE ROAD",39.00,W,N,B,D,Y,PLA,,80," "," ",50.775,H,,L,Y,2,0,4,2,A,-,03,22350,,N,C,E,A,C,H,-,A,A,0,,,,Y,Y,,A,07,1,1,2,0,0,0,0,0,0,"- ","- ",39.25701904296875,-120.73423004150391,PLACER,UNINCORPORATED,-120.73416900634766,39.256977081298828
91991961,2022,2023-02-10,9220,2022-12-01,2500,015917,,4,4,9,3100,0,2,4,,2,064,"FORESTHILL ROAD","TODD VALLEY RD",2500.00,E,N,B,C,N,,,,,,,,,,Y,1,1,0,1,A,-,01,23152,A,N,E,I,A,B,H,-,D,D,0,,,,,Y,Y,A,07,0,0,0,0,0,0,0,0,0,"- ","- ",39.006168365478516,-120.85649108886719,PLACER,UNINCORPORATED,-120.86649322509766,38.999565124511719
92000298,2023,2023-02-22,9220,2023-02-15,1010,015961,,3,1,9,3100,0,3,5,,2,020,"E. ROSEVILLE PKWY.","BARTON RD",0.00,,Y,A,-,N,,,,,,,,,,N,2,0,1,2,A,-,12,22450,A,N,H,G,A,A,H,-,A,A,0,,Y,,,Y,,L,04,1,0,0,0,0,0,1,0,0,"- ","- ",38.728050231933594,-121.1888427734375,PLACER,UNINCORPORATED,-121.18885803222656,38.728115081787109
92017232,2022,2023-03-14,9220,2022-12-14,2057,018785,,3,2,9,3100,0,3,5,,2,020,"EAST ROSEVILLE PARKWAY","BRACKENBURY WAY",254.40,W,N,A,-,N,,,,,,,,,,Y,1,4,0,1,A,-,01,23152,A,N,E,J,A,A,H,-,C,D,0,,,,,Y,Y,A,01,0,0,0,0,0,0,0,0,0,"- ","- ",38.723190307617188,-121.20868682861328,PLACER,UNINCORPORATED,-121.20858764648438,38.723236083984375
92027222,2023,2023-03-23,9220,2023-03-04,1051,015961,,6,1,5,3105,0,1,1,,2,281,"I-80 W/B","CIRBY WAY O/C",2633.00,E,N,B,-,Y,PLA,,80," "," ",1.187,H,,L,Y,1,1,0,1,A,-,08,22107,,N,E,I,A,A,H,-,A,D,0,,,,,Y,,A,01,0,0,0,0,0,0,0,0,0,"- ","- ",38.735038757324219,-121.27947235107422,PLACER,ROSEVILLE,-121.27939605712891,38.734989166259766
92038468,2023,2023-04-06,9220,2023-03-24,2044,016752,,5,2,9,3100,0,1,3,,2,293,SR-193,"SKYVIEW DRIVE",739.00,E,N,A,-,Y,PLA,,193," "," ",8.568,H,,R,Y,2,0,3,2,A,-,08,22107,,N,D,C,A,A,H,-,D,D,0,,,,,Y,,A,01,2,0,1,0,0,0,0,0,0,"- ","- ",38.877189636230469,-121.15081787109375,PLACER,UNINCORPORATED,-121.15084075927734,38.877216339111328
92046872,2023,2023-04-17,9220,2023-04-16,1355,016429,,7,1,9,3100,0,1,3,,1,249,"SR-49 (EL DORADO ST)","LINCOLN WAY",5280.00,S,N,A,-,Y,PLA,,49," "," ",1.300,H,,R,Y,2,0,1,1,A,-,03,22350,,N,F,A,A,A,H,-,A,D,0,,,Y,,Y,,C,02,1,0,0,0,0,0,0,0,1,"- ","- ",38.905281066894531,-121.05384063720703,PLACER,UNINCORPORATED,-121.0538330078125,38.9052734375
92050626,2023,2023-04-21,9220,2023-04-13,2115,017375,,4,2,9,3100,0,1,1,,2,283,"I-80 W/B","WEST PAOLI LANE",352.00,W,N,A,-,Y,PLA,,80," "," ",28.519,H,,L,Y,1,1,0,1,A,-,08,22107,,N,E,I,A,A,H,-,D,D,0,,,,,Y,,A,01,0,0,0,0,0,0,0,0,0,"- ","- ",39.033649444580078,-120.97583770751953,PLACER,UNINCORPORATED,-120.97579193115234,39.033634185791016
92051636,2023,2023-04-24,9221,2023-04-16,1804,019565,,7,2,9,3100,0,3,5,,2,070,"1155 ROBBERS RAVINE RD","ROCKROSE LN",630.00,N,N,A,-,N,,,,,,,,,,Y,2,0,1,1,A,-,03,22350,,N,E,8,A,A,H,-,A,D,0,,,,,Y,,-,"- ",1,0,0,0,0,0,0,0,0,"- ","- ",39.123561859130859,-120.91989898681641,PLACER,UNINCORPORATED,-120.91993713378906,39.123497009277344
92057552,2023,2023-05-01,9220,2023-04-29,1840,019133,,6,2,9,3100,0,1,1,,2,282,"I-80 W/B TO OPHIR RD","OPHIR RD",95.00,E,N,A,-,Y,,,,,,,,,,N,2,0,1,1,A,-,01,23152,A,N,F,A,A,A,H,-,A,D,0,,,,,Y,Y,D,22,1,0,0,0,0,0,0,0,0,"- ","- ",38.893829345703125,-121.08358001708984,PLACER,UNINCORPORATED,-121.08358001708984,38.893829345703125
92058467,2023,2023-05-01,9220,2023-04-28,1747,019373,,5,2,9,3100,0,1,3,,1,249,"SR-49 (GRASS VALLEY HIGHWAY)","KEMPER RD",32.00,N,N,A,-,Y,PLA,,49," "," ",5.655,H,,R,Y,2,0,1,2,A,-,03,22350,,N,C,C,A,A,H,-,A,A,0,,,Y,,Y,,C,02,1,0,0,0,0,0,0,0,1,"- ","- ",38.932540893554688,-121.09101104736328,PLACER,UNINCORPORATED,-121.09086608886719,38.9326171875
92061286,2023,2023-05-04,9220,2023-04-26,1755,020096,,3,2,5,3105,0,1,3,,1,265,"SR-65 S/B","BLUE OAKS BLVD",1547.00,S,N,A,-,Y,PLA,,65," ",R,7.764,H,,L,Y,2,0,1,2,A,-,03,22350,,N,C,C,A,A,H,-,A,D,0,,,Y,,Y,,C,02,1,0,0,0,0,0,0,0,1,"- ","- ",38.792091369628906,-121.29415893554688,PLACER,ROSEVILLE,-121.29418182373047,38.792072296142578
92067959,2023,2023-05-12,9220,2023-04-08,1735,020096,,6,2,5,3105,0,1,3,,1,265,"SR-65 S/B","PLEASANT GROVE BLVD OVERCROSSING (NORTH ROAD EDGE)",4.00,S,N,A,-,Y,PLA,,65," ",R,7.109,H,,L,Y,1,1,7,4,A,-,03,22350,,N,C,C,A,A,H,-,A,D,0,,,,,Y,Y,-,"- ",0,4,3,0,0,0,0,0,0,"- ","- ",38.786518096923828,-121.28433227539062,PLACER,ROSEVILLE,-121.28431701660156,38.786537170410156
92070208,2023,2023-05-16,9221,2023-04-16,1927,017979,,7,2,9,3100,0,1,1,,2,385,"I-80 W/B","TOWLE RD. U/P",550.00,W,N,A,-,Y,PLA,,80," "," ",45.607,H,,L,Y,1,1,0,1,A,-,08,22107,,N,E,I,A,A,H,-,D,D,0,,,,,Y,,A,01,0,0,0,0,0,0,0,0,0,"- ","- ",39.203338623046875,-120.79702758789062,PLACER,UNINCORPORATED,-120.79698944091797,39.203269958496094
92074318,2023,2023-05-22,9222,2023-05-19,1248,017907,,5,1,9,3100,0,1,3,,1,016,SR-267,"MARTIS PEAK RD",1584.00,N,N,A,-,Y,PLA,,267," "," ",6.016,H,,R,N,2,0,1,1,A,-,08,22107,,N,E,8,A,A,H,-,A,D,0,,,,,Y,,A,01,1,0,0,0,0,0,0,0,0,"- ","- ",39.268669128417969,-120.07907104492188,PLACER,UNINCORPORATED,-120.07928466796875,39.268474578857422
92075393,2023,2023-05-23,9220,2023-05-16,1755,019465,,2,2,9,3100,0,1,3,,1,267,"SR-65 S/B","NELSON LANE",95.00,N,N,A,-,N,,,,,,,,,,Y,2,0,2,2,A,-,03,22350,,N,C,C,A,A,H,-,A,A,0,,,,,Y,,A,01,1,0,1,0,0,0,0,0,0,"- ","- ",38.885879516601562,-121.3408203125,PLACER,UNINCORPORATED,-121.3408203125,38.885902404785156
92077457,2023,2023-05-25,9222,2023-05-16,1347,018315,,2,1,9,3100,0,1,3,,1,015,SR-28,"CENTER ST.",495.00,W,N,A,-,Y,PLA,,28," "," ",5.641,H,,R,N,2,0,1,2,A,-,08,22107,,N,G,B,E,A,H,-,A,D,0,Y,,,,Y,,-,"- ",1,0,0,0,1,0,0,0,0,"- ","- ",39.224918365478516,-120.08529663085938,PLACER,UNINCORPORATED,-120.08525848388672,39.224872589111328
92091577,2023,2023-06-12,9220,2023-06-06,1708,016752,,2,2,9,3100,0,1,1,,2,282,"I-80 E/B","BRACE RD",1531.00,E,N,B,-,Y,PLA,,80," "," ",8.423,H,,R,Y,2,0,1,1,A,-,01,23152,A,N,E,I,A,A,H,-,A,D,0,,,,,Y,Y,D,22,1,0,0,0,0,0,0,0,0,"- ","- ",38.813541412353516,-121.19283294677734,PLACER,UNINCORPORATED,-121.19278717041016,38.813507080078125
92101960,2023,2023-06-26,9220,2023-06-06,1744,019465,,2,2,9,3100,0,2,4,,2,027,"AUBURN FOLSOM ROAD","MINERS DRIVE",490.00,S,N,B,-,N,,,,,,,,,,Y,2,0,1,1,A,-,08,22107,,N,E,I,A,A,H,-,A,D,0,,,,,Y,,A,07,1,0,0,0,0,0,0,0,0,"- ","- ",38.807300567626953,-121.13186645507812,PLACER,UNINCORPORATED,-121.13177490234375,38.807266235351562
92113271,2023,2023-07-10,9220,2023-06-21,1110,015491,,3,1,9,3100,0,3,5,,2,010,"ATHENS AVENUE","N. FOOTHILLS BLVD",323.00,W,N,A,-,N,,,,,,,,,,N,2,0,1,2,A,-,03,22350,,N,C,C,A,A,H,-,A,D,0,,,,Y,Y,,A,01,1,0,0,0,0,0,0,0,0,"- ","- ",38.839019775390625,-121.3271484375,PLACER,UNINCORPORATED,-121.32703399658203,38.838981628417969
92117085,2023,2023-07-14,9220,2023-06-29,1518,015917,,4,2,9,3100,0,1,3,,1,249,"SR-49 (GRASS VALLEY HIGHWAY)","DRY CREEK RD",308.00,N,N,A,-,Y,PLA,,49," "," ",7.492,H,,R,Y,2,0,1,2,A,-,09,21801,A,N,D,C,A,A,H,-,A,D,0,,,,,Y,,D,22,1,0,0,0,0,0,0,0,0,"- ","- ",38.957569122314453,-121.10147857666016,PLACER,UNINCORPORATED,-121.10150146484375,38.957565307617188
92124556,2023,2023-07-24,9222,2023-07-15,2110,021995,,6,2,9,3100,0,3,5,,2,010,"FLEUR DE LAC","SCHAFFER MILL ROAD",0.00,,Y,B,-,N,,,,,,,,,,N,2,0,5,1,A,-,01,23152,A,N,F,I,A,A,H,-,D,D,0,,,,,Y,Y,M,96,2,3,0,0,0,0,0,0,0,"- ","- ",39.286930084228516,-120.16539001464844,PLACER,UNINCORPORATED,-120.16542816162109,39.286933898925781
92141043,2023,2023-08-10,9220,2023-05-28,"149 ",019621,,7,3,9,3100,0,3,5,,2,010,"VINEYARD RD","COOK RIOLO RD",276.00,W,N,A,-,N,,,,,,,,,,Y,1,3,0,1,A,-,01,23152,A,N,E,8,A,A,H,-,D,D,0,,,,,Y,Y,A,01,0,0,0,0,0,0,0,0,0,"- ","- ",38.743598937988281,-121.33802032470703,PLACER,UNINCORPORATED,-121.33793640136719,38.743629455566406
92143400,2023,2023-08-14,9220,2023-06-29,1315,017863,,4,1,9,3100,0,3,5,,2,030,"MCCOURTNEY RD.","MERRIT LN.",0.00,,Y,A,-,N,,,,,,,,,,Y,1,1,2,2,A,-,09,21804,A,N,D,C,A,A,H,-,A,A,0,,,,,Y,,D,22,0,2,0,0,0,0,0,0,0,"- ","- ",38.941070556640625,-121.27474212646484,PLACER,UNINCORPORATED,-121.27469635009766,38.941055297851562
92145152,2023,2023-08-16,9222,2023-08-10,1810,017550,,4,2,9,3100,0,1,3,,1,016,SR-267,"MARTIS DAM RD.",4800.00,S,N,A,-,Y,PLA,,267," "," ",1.932,H,,R,Y,2,0,4,3,A,-,03,22350,,N,C,C,A,A,H,-,A,D,0,,,,,Y,,A,07,1,0,3,0,0,0,0,0,0,"- ","- ",39.302791595458984,-120.122802734375,PLACER,UNINCORPORATED,-120.122802734375,39.302768707275391
92147490,2023,2023-08-18,9220,2023-05-21,"210 ",018548,,7,3,9,3100,0,2,4,,2,075,"PENRYN RD","TAYLOR RD",315.00,S,N,A,-,N,,,,,,,,,,Y,1,1,0,1,A,-,01,23152,G,N,E,J,A,A,H,-,D,D,0,,,,,Y,Y,A,07,0,0,0,0,0,0,0,0,0,"- ","- ",38.843929290771484,-121.16815948486328,PLACER,UNINCORPORATED,-121.16834259033203,38.844150543212891
92164839,2023,2023-09-07,9222,2023-08-30,1626,018494,,3,2,9,3100,0,1,3,,2,012,SR-89,"CEDAR CREST AVE",236.00,N,N,A,-,Y,PLA,,89," "," ",6.602,H,,R,N,2,0,1,2,A,-,03,22350,,N,C,C,A,A,H,-,A,D,0,,,Y,,Y,,D,22,1,0,0,0,0,0,0,0,1,"- ","- ",39.143318176269531,-120.15457916259766,PLACER,UNINCORPORATED,-120.15459442138672,39.143321990966797
92178713,2023,2023-09-25,9221,2023-09-24,1328,018579,,7,1,9,3100,0,1,1,,2,384,"I-80 W/B","MAGRA ROAD",152.00,W,N,A,-,Y,PLA,,80," "," ",37.747,H,,L,Y,2,0,2,1,A,-,03,22350,,N,F,0,A,A,H,-,A,A,0,,,Y,,Y,,C,02,2,0,0,0,0,0,0,0,2,"- ","- ",39.147258758544922,-120.90853881835938,PLACER,UNINCORPORATED,-120.90852355957031,39.147190093994141
92178731,2023,2023-09-25,9220,2023-08-11,1729,019465,,5,2,9,3100,0,1,3,,1,267,SR-65,"NELSON LANE",0.00,,Y,A,-,Y,PLA,,65," ",R,15.549,H,,R,Y,1,1,1,2,A,-,09,21453,C,N,D,C,A,A,H,-,A,A,0,,,Y,,Y,,C,02,0,0,1,0,0,0,0,1,0,"- ","- ",38.886100769042969,-121.34014129638672,PLACER,UNINCORPORATED,-121.34014129638672,38.886081695556641
92193062,2023,2023-10-06,9220,2023-09-18,1445,016752,,1,2,9,3100,0,1,1,,2,282,"I-80 W/B","OPHIR RD",581.00,E,N,A,-,Y,PLA,,80," "," ",16.972,H,,L,Y,2,0,5,2,A,-,08,22107,,N,E,I,A,A,H,-,A,D,0,,,,,Y,,A,07,2,1,2,0,0,0,0,0,0,"- ","- ",38.894260406494141,-121.08235168457031,PLACER,UNINCORPORATED,-121.08242034912109,38.894313812255859
92209382,2023,2023-10-26,9220,2023-10-15,"510 ",020990,,7,3,9,3100,0,1,1,,2,282,"I-80 E/B","NEWCASTLE ROAD",3168.00,W,N,A,-,Y,PLA,,80," "," ",13.165,H,,R,Y,2,0,1,1,A,-,01,23152,F,N,E,I,A,A,H,-,D,D,0,,,,,Y,,A,01,1,0,0,0,0,0,0,0,0,"- ","- ",38.863998413085938,-121.13333129882812,PLACER,UNINCORPORATED,-121.13325500488281,38.863975524902344
92226602,2023,2023-11-02,9220,2023-09-13,"55  ",018768,,3,3,9,3100,0,2,4,,2,027,"AUBURN FOLSOM RD","MORNINGSIDE DR",629.00,N,N,A,-,N,,,,,,,,,,Y,1,1,0,1,A,-,08,22107,,N,E,8,A,A,H,-,D,D,0,,,,,Y,,A,01,0,0,0,0,0,0,0,0,0,"- ","- ",38.755390167236328,-121.16558837890625,PLACER,UNINCORPORATED,-121.16562652587891,38.755439758300781
92228890,2023,2023-11-06,9220,2023-10-20,1847,019465,,5,2,9,3100,0,3,5,,2,020,"WELLINGTON WAY","COPPERWOOD DRIVE",0.00,,Y,A,-,N,,,,,,,,,,Y,2,0,2,2,A,-,03,22350,,N,G,B,B,A,H,-,C,A,0,Y,,Y,,Y,,C,06,1,1,0,0,1,0,0,0,1,"- ","- ",38.732158660888672,-121.21436309814453,PLACER,UNINCORPORATED,-121.21435546875,38.732032775878906
92231282,2023,2023-11-08,9220,2023-11-02,"605 ",015961,,4,1,9,3100,0,2,4,,1,014,"PFE RD.","VIKING PL.",15.00,W,N,B,-,N,,,,,,,,,,Y,2,0,2,1,A,-,01,23152,A,N,E,I,A,A,H,-,C,D,0,,,,,Y,Y,A,01,2,0,0,0,0,0,0,0,0,"- ","- ",38.729209899902344,-121.32128143310547,PLACER,UNINCORPORATED,-121.32115173339844,38.729248046875
92237750,2023,2023-11-16,9220,2023-11-01,1110,017762,,3,1,9,3100,0,3,5,,2,040,"JOEGER RD.","OAK CREEK CT.",310.00,N,N,A,-,N,,,,,,,,,,Y,2,0,1,1,A,-,03,22350,,N,E,I,A,A,H,-,A,D,0,,,,,Y,,A,01,1,0,0,0,0,0,0,0,0,"- ","- ",38.942058563232422,-121.12500762939453,PLACER,UNINCORPORATED,-121.12518310546875,38.942020416259766
92241565,2023,2023-11-21,9221,2023-11-11,2340,018740,,6,3,9,3100,0,1,1,,2,384,"I-80 E/B","SECRET TOWN RD. O/C",2112.00,W,N,A,-,Y,PLA,,80," "," ",37.940,H,,R,Y,2,0,1,1,A,-,01,23152,A,N,E,I,A,A,H,-,D,D,0,,,,,Y,Y,A,01,1,0,0,0,0,0,0,0,0,"- ","- ",39.147129058837891,-120.9049072265625,PLACER,UNINCORPORATED,-120.90489959716797,39.1470947265625
92248983,2023,2023-11-30,9221,2023-11-22,1515,017979,,3,2,9,3100,0,3,5,,2,070,"ELLIOT RANCH RD.","FOREST SERVICE RD. LOOP 1-4 (.8 MILES NORTH OF FOR",0.00,,Y,A,-,N,,,,,,,,,,N,2,0,2,2,D,-,00,,,N,D,C,A,A,H,-,A,D,0,,,Y,,Y,,-,"- ",1,1,0,0,0,0,0,0,2,"- ","- ",39.139640808105469,-120.71491241455078,PLACER,UNINCORPORATED,,
92256154,2023,2023-12-07,9220,2023-11-30,1719,021953,,4,2,9,3100,0,3,5,,2,040,"WILLOW CREEK DR",SR-49,350.00,W,N,A,-,N,,,,,,,,,,N,2,0,1,2,A,-,09,21804,A,N,D,C,A,A,H,-,C,A,0,,,Y,,Y,,A,01,1,0,0,0,0,0,0,0,1,"- ","- ",38.938449859619141,-121.09741973876953,PLACER,UNINCORPORATED,-121.09719848632812,38.938404083251953
92258658,2023,2023-12-11,9220,2023-11-23,"935 ",015272,,4,1,9,3100,0,2,4,,2,077,"AUBURN FOLSOM RD","ROCK SPRINGS RD",617.00,S,N,A,-,N,,,,,,,,,,Y,2,0,1,1,C,-,18,,,N,E,H,A,A,H,-,A,D,0,,,Y,,Y,,-,"- ",1,0,0,0,0,0,0,0,1,"- ","- ",38.83837890625,-121.11750030517578,PLACER,UNINCORPORATED,-121.11747741699219,38.838405609130859
92267390,2023,2023-12-20,9220,2023-12-19,1645,017397,,2,2,9,3100,0,1,1,,2,283,"I-80 W/B","ILLINOISTOWN ROAD",5597.00,W,N,C,-,Y,PLA,,80," "," ",30.735,H,,L,Y,2,0,3,1,A,-,08,22107,,N,E,I,A,B,H,-,D,D,0,,,,,Y,,D,22,1,2,0,0,0,0,0,0,0,"- ","- ",39.064300537109375,-120.96649932861328,PLACER,UNINCORPORATED,-120.96646881103516,39.064281463623047
92268256,2023,2023-12-21,9220,2023-11-30,1703,020096,,4,2,5,3105,0,1,3,,1,265,"SR-65 NB",I-80,1710.00,N,N,A,-,Y,PLA,,65," ",R,5.417,H,,R,Y,2,0,2,3,A,-,03,22350,,N,C,C,A,A,H,-,C,D,0,,,,,Y,,D,22,1,0,1,0,0,0,0,0,0,"- ","- ",38.773891448974609,-121.25737762451172,PLACER,ROSEVILLE,-121.25736236572266,38.773929595947266
92275035,2023,2024-01-17,9220,2023-12-22,1135,017762,,5,1,9,3100,0,3,5,,2,050,"CHRISTIAN VALLEY RD.","ORMSBY LN.",50.00,W,N,A,-,N,,,,,,,,,,Y,2,0,1,1,A,-,08,22107,,N,E,8,A,A,H,-,A,D,0,,,,,Y,,A,07,1,0,0,0,0,0,0,0,0,"- ","- ",38.973129272460938,-121.04541015625,PLACER,UNINCORPORATED,-121.04534149169922,38.97308349609375
92283711,2023,2024-01-10,9221,2023-12-28,2240,018740,,4,3,9,3100,0,1,3,,1,374,"SR-174 N/B","HILL DR",26.00,N,N,A,-,Y,PLA,,174," "," ",1.335,H,,R,Y,2,0,1,1,A,-,01,23152,F,N,E,I,A,A,H,-,D,D,0,,,,,Y,,A,07,1,0,0,0,0,0,0,0,0,"- ","- ",39.113590240478516,-120.95021820068359,PLACER,UNINCORPORATED,-120.95012664794922,39.113590240478516
9228640,2021,2021-04-12,3101,2021-02-05,1827,A691,AU12,5,5,3,3101,0,0,0,,0,0A1,"GRASS VALLEY HWY","PALM AV",0.00,N,N,A,-,Y,PLA,3,49,-,-,4.050,H,-,S,N,2,0,2,5,A,-,03,22350,,N,D,C,A,A,H,-,D,D,0,,,,,Y,,A,01,1,1,0,0,0,0,0,0,0,"- ","- ",38.908390045166016,-121.07695770263672,PLACER,AUBURN,-121.07753753662109,38.912220001220703
92287087,2024,2024-01-15,9220,2024-01-05,1940,017027,,5,2,9,3100,0,1,3,,1,249,"SR-49 (GRASS VALLEY HIGHWAY)","WILLOW CREEK DR",0.00,,Y,A,-,Y,PLA,,49," "," ",6.124,H,,R,Y,2,0,1,2,A,-,12,21453,A,N,D,C,A,A,H,-,C,A,0,,,,,Y,,A,01,1,0,0,0,0,0,0,0,0,"- ","- ",38.938430786132812,-121.09604644775391,PLACER,UNINCORPORATED,-121.09584045410156,38.938491821289062
92288346,2024,2024-01-24,9220,2024-01-09,2345,018768,,2,3,9,3100,0,2,4,,2,015,"INDUSTRIAL AVE","W SUNSET BLVD",61.00,N,N,B,-,N,,,,,,,,,,Y,2,0,2,2,A,-,01,23152,A,N,A,C,A,A,H,-,D,D,0,,,,,Y,Y,A,01,2,0,0,0,0,0,0,0,0,"- ","- ",38.817520141601562,-121.30726623535156,PLACER,UNINCORPORATED,-121.30724334716797,38.817466735839844
92289103,2024,2024-01-17,9220,2024-01-10,"635 ",016429,,3,1,9,3100,0,1,3,,1,249,"SR-49 (GRASS VALLEY HIGHWAY)","ATWOOD RD",0.00,,Y,B,-,Y,PLA,,49," "," ",5.851,H,,R,N,2,0,1,2,A,-,11,21456,B,N,G,B,B,B,H,-,C,A,0,Y,,,,Y,,N,60,1,0,0,0,1,0,0,0,0,"- ","- ",38.935009002685547,-121.09320831298828,PLACER,UNINCORPORATED,-121.09307861328125,38.935077667236328
92293343,2023,2024-01-22,9220,2023-12-23,1830,022556,,6,2,9,3100,0,2,4,,2,053,"LINCOLN WAY","SILVER BEND WAY",224.00,S,N,A,-,N,,,,,,,,,,N,2,0,1,2,A,-,11,21954,A,F,G,B,D,A,H,-,C,D,0,Y,,,,Y,,N,60,1,0,0,0,1,0,0,0,0,"- ","- ",38.924400329589844,-121.05593872070312,PLACER,UNINCORPORATED,-121.05594635009766,38.924461364746094
92301906,2024,2024-01-31,9220,2024-01-23,1047,015961,,2,1,9,3100,0,1,1,,2,282,"I-80 E/B TO PENRYN RD","PENRYN RD O/C",520.00,W,N,B,-,Y,PLA,,80," "," ",10.198,H,,R,Y,2,0,1,1,A,-,01,23152,A,N,F,A,A,B,H,-,A,D,0,,,,,Y,Y,A,07,1,0,0,0,0,0,0,0,0,"- ","- ",38.832160949707031,-121.17034912109375,PLACER,UNINCORPORATED,-121.17047119140625,38.832244873046875
92316050,2024,2024-02-16,9220,2024-01-23,1850,018532,,2,2,2,3103,0,1,3,,1,265,"SR-65 S/B","TWELVE BRIDGES DRIVE",1043.00,S,N,B,-,Y,PLA,,65," ",R,11.713,H,,L,Y,1,1,0,2,A,-,03,22350,,N,C,C,A,A,H,-,D,D,0,,,Y,,Y,,C,02,0,0,0,0,0,0,0,0,0,"- ","- ",38.848091125488281,-121.29998779296875,PLACER,LINCOLN,-121.29999542236328,38.848091125488281
92316092,2023,2024-02-16,9220,2023-12-17,"118 ",019621,,7,3,9,3100,0,2,4,,2,022,"DOUGLAS BLVD","HIDDEN CROSSING ROAD",15.00,E,N,A,-,N,,,,,,,,,,Y,1,1,0,1,A,-,03,22350,,N,E,8,A,A,H,-,C,D,0,,,,,Y,,A,01,0,0,0,0,0,0,0,0,0,"- ","- ",38.743759155273438,-121.2105712890625,PLACER,UNINCORPORATED,,