CASE_ID,ACCIDENT_YEAR,PROC_DATE,JURIS,COLLISION_DATE,COLLISION_TIME,OFFICER_ID,REPORTING_DISTRICT,DAY_OF_WEEK,CHP_SHIFT,POPULATION,CNTY_CITY_LOC,SPECIAL_COND,BEAT_TYPE,CHP_BEAT_TYPE,CITY_DIVISION_LAPD,CHP_BEAT_CLASS,BEAT_NUMBER,PRIMARY_RD,SECONDARY_RD,DISTANCE,DIRECTION,INTERSECTION,WEATHER_1,WEATHER_2,STATE_HWY_IND,CALTRANS_COUNTY,CALTRANS_DISTRICT,STATE_ROUTE,ROUTE_SUFFIX,POSTMILE_PREFIX,POSTMILE,LOCATION_TYPE,RAMP_INTERSECTION,SIDE_OF_HWY,TOW_AWAY,COLLISION_SEVERITY,NUMBER_KILLED,NUMBER_INJURED,PARTY_COUNT,PRIMARY_COLL_FACTOR,PCF_CODE_OF_VIOL,PCF_VIOL_CATEGORY,PCF_VIOLATION,PCF_VIOL_SUBSECTION,HIT_AND_RUN,TYPE_OF_COLLISION,MVIW,PED_ACTION,ROAD_SURFACE,ROAD_COND_1,ROAD_COND_2,LIGHTING,CONTROL_DEVICE,CHP_ROAD_TYPE,PEDESTRIAN_ACCIDENT,BICYCLE_ACCIDENT,MOTORCYCLE_ACCIDENT,TRUCK_ACCIDENT,NOT_PRIVATE_PROPERTY,ALCOHOL_INVOLVED,STWD_VEHTYPE_AT_FAULT,CHP_VEHTYPE_AT_FAULT,COUNT_SEVERE_INJ,COUNT_VISIBLE_INJ,COUNT_COMPLAINT_PAIN,COUNT_PED_KILLED,COUNT_PED_INJURED,COUNT_BICYCLIST_KILLED,COUNT_BICYCLIST_INJURED,COUNT_MC_KILLED,COUNT_MC_INJURED,PRIMARY_RAMP,SECONDARY_RAMP,LATITUDE,LONGITUDE,COUNTY,CITY,POINT_X,POINT_Y
92317384,2024,2024-02-19,9220,2024-02-03,2115,022556,,6,2,9,3100,0,2,4,,2,027,"AUBURN FOLSOM ROAD","LOU PLACE",209.00,N,N,B,-,N,,,,,,,,,,Y,2,0,2,2,A,-,01,23152,A,N,C,2,A,A,H,-,D,D,0,,,,,Y,Y,A,07,1,0,1,0,0,0,0,0,0,"- ","- ",38.725170135498047,-121.17540740966797,PLACER,UNINCORPORATED,-121.17551422119141,38.725063323974609
92323471,2023,2024-02-26,9220,2023-11-28,2105,018526,,2,2,2,3103,0,1,3,,1,265,"SR-65 S/B","TWELVE BRIDGES DR",2798.00,S,N,A,-,Y,PLA,,65," ",R,11.378,H,,L,Y,1,1,0,1,A,-,01,23152,F,N,E,9,A,A,C,-,D,D,0,,,,,Y,,A,01,0,0,0,0,0,0,0,0,0,"- ","- ",38.843238830566406,-121.30007934570312,PLACER,LINCOLN,-121.30005645751953,38.843238830566406
92327535,2023,2024-03-01,9220,2023-12-17,1245,017863,,7,1,9,3100,0,3,5,,2,010,"N. FOOTHILLS BLVD.","ATHENS AVE.",3168.00,S,N,B,-,N,,,,,,,,,,Y,1,1,1,2,A,-,08,22107,,N,D,8,A,A,H,-,A,D,0,,,,,Y,Y,A,01,0,1,0,0,0,0,0,0,0,"- ","- ",38.829971313476562,-121.32586669921875,PLACER,UNINCORPORATED,-121.32575225830078,38.830299377441406
92341973,2024,2024-03-19,9220,2024-03-10,1615,021521,,7,2,9,3100,0,2,4,,2,021,"SIERRA COLLEGE BLVD","DOUGLAS BLVD",216.00,N,N,A,-,N,,,,,,,,,,Y,2,0,1,2,A,-,09,21804,A,N,D,C,A,A,H,-,A,D,0,,,Y,,Y,,A,01,1,0,0,0,0,0,0,0,1,"- ","- ",38.744678497314453,-121.22624206542969,PLACER,UNINCORPORATED,-121.22625732421875,38.744533538818359
92344996,2024,2024-03-22,9220,2024-02-07,"525 ",014512,,3,3,9,3100,0,3,5,,2,030,"NICOLAUS ROAD","BREWER ROAD",2300.00,W,N,B,C,N,,,,,,,,,,Y,1,1,0,1,A,-,08,22107,,N,F,A,A,B,F,-,D,D,0,,,,,Y,,A,01,0,0,0,0,0,0,0,0,0,"- ","- ",38.896991729736328,-121.45999908447266,PLACER,UNINCORPORATED,-121.45989227294922,38.896949768066406
92364502,2024,2024-04-15,9220,2024-04-01,"556 ",021442,,1,3,5,3105,0,1,1,,2,281,"I-80 E/B","DOUGLAS BLVD",3538.00,W,N,A,-,Y,PLA,,80," "," ",1.298,H,,R,Y,2,0,1,2,A,-,08,22107,,F,B,C,A,A,H,-,D,D,0,,,Y,,Y,,-,99,1,0,0,0,0,0,0,0,1,"- ","- ",38.736038208007812,-121.27790832519531,PLACER,ROSEVILLE,-121.27789306640625,38.736026763916016
92367899,2024,2024-04-29,9220,2024-04-07,"122 ",021442,,7,3,9,3100,0,1,S,,2,059,"SR-49 (EL DORADO ST)","OLD FORESTHILL RD",2376.00,W,N,A,-,Y,PLA,,49," "," ",0.518,H,,R,Y,2,0,2,2,A,-,05,21460,A,N,A,C,A,A,H,-,A,D,0,,,Y,,Y,,C,02,1,0,1,0,0,0,0,0,1,"- ","- ",38.910060882568359,-121.04489135742188,PLACER,UNINCORPORATED,-121.04488372802734,38.910057067871094
92372107,2024,2024-04-22,9220,2024-04-12,1605,018382,,5,2,9,3100,0,2,4,,2,026,"CAVITT STALLMAN RD","DEL ORO RD",150.00,W,N,A,-,N,,,,,,,,,,Y,2,0,1,1,A,-,08,22107,,N,F,A,A,A,H,-,A,D,0,,,Y,,Y,Y,C,02,1,0,0,0,0,0,0,0,1,"- ","- ",38.766880035400391,-121.18464660644531,PLACER,UNINCORPORATED,-121.18439483642578,38.766914367675781
92381506,2024,2024-05-03,9220,2024-04-21,1410,021079,,7,2,9,3100,0,2,4,,2,057,"BOWMAN RD","LUTHER RD",14.00,N,N,A,-,N,,,,,,,,,,N,2,0,1,2,A,-,09,21802,A,N,D,G,A,A,H,-,A,A,0,,Y,,,Y,,L,04,1,0,0,0,0,0,1,0,0,"- ","- ",38.928081512451172,-121.05650329589844,PLACER,UNINCORPORATED,-121.05650329589844,38.927986145019531
92388533,2024,2024-05-13,9220,2024-05-05,2102,022637,,7,2,9,3100,0,2,4,,1,013,"WALERGA ROAD N/B","SPRINGHILL DRIVE",487.00,N,N,A,-,N,,,,,,,,,,Y,2,0,1,1,A,-,08,22107,,N,E,8,A,A,H,-,D,D,0,,,Y,,Y,,C,02,1,0,0,0,0,0,0,0,1,"- ","- ",38.749080657958984,-121.35881805419922,PLACER,UNINCORPORATED,-121.35895538330078,38.749187469482422
92389523,2024,2024-08-14,9222,2024-05-06,1552,019781,,1,2,9,3100,0,1,3,,1,016,SR-267,"NORTH NATIONAL AVE",700.00,N,N,A,-,Y,PLA,,267," "," ",8.250,H,,R,Y,2,0,2,2,A,-,05,21460,,N,B,C,A,A,H,-,A,D,0,,,,,Y,,D,22,1,1,0,0,0,0,0,0,0,"- ","- ",39.256561279296875,-120.04514312744141,PLACER,UNINCORPORATED,-120.04515838623047,39.256546020507812
92390930,2024,2024-05-15,9222,2024-05-14,1610,016852,,2,2,9,3100,0,1,3,,1,011,"STATE ROUTE 89 SOUTH (WEST LAKE BOULEVARD)","FAWN STREET",245.00,S,N,A,-,Y,PLA,,89," "," ",2.182,H,,R,Y,2,0,1,2,A,-,08,22107,,N,E,E,A,A,H,-,A,D,0,,,Y,,Y,,C,02,1,0,0,0,0,0,0,0,1,"- ","- ",39.083919525146484,-120.15947723388672,PLACER,UNINCORPORATED,-120.159423828125,39.083938598632812
92391790,2024,2024-05-16,9220,2024-05-07,2025,020392,,2,2,5,3105,0,1,1,,2,281,"I-80 E/B FROM SR-65 S/B",SR-65,1370.00,E,N,A,-,Y,,,,,,,,,,N,2,0,1,2,A,-,11,21954,A,N,G,B,D,A,H,-,D,D,0,Y,,,,Y,,N,60,1,0,0,0,1,0,0,0,0,"- ","- ",38.771621704101562,-121.24445343017578,PLACER,ROSEVILLE,,
92394922,2024,2024-05-21,9220,2024-05-09,1740,018532,,4,2,9,3100,0,2,4,,1,012,"BASELINE RD","NEWTON STREET",100.00,W,N,A,-,N,,,,,,,,,,Y,2,0,1,2,A,-,03,22350,,N,C,C,A,A,H,-,A,D,0,,,Y,,Y,Y,C,02,1,0,0,0,0,0,0,0,1,"- ","- ",38.751609802246094,-121.45755004882812,PLACER,UNINCORPORATED,-121.45745849609375,38.751590728759766
92400291,2024,2024-05-28,9220,2024-05-17,1330,018382,,5,1,9,3100,0,1,3,,1,267,"SR-65 N/B","NELSON LN",5808.00,N,N,A,-,Y,PLA,,65," ",R,16.683,H,,R,Y,2,0,1,1,A,-,08,22107,,N,E,I,A,A,H,-,A,D,0,,,,,Y,,A,08,1,0,0,0,0,0,0,0,0,"- ","- ",38.888389587402344,-121.36060333251953,PLACER,UNINCORPORATED,-121.36052703857422,38.888484954833984
92403376,2024,2024-05-31,9220,2024-05-17,2055,021521,,5,2,9,3100,0,2,4,,2,022,"DOUGLAS BLVD","DOVER DR",0.00,,Y,A,-,N,,,,,,,,,,Y,2,0,3,1,A,-,08,22107,,N,E,I,A,A,H,-,C,D,0,,,,,Y,,A,01,1,1,1,0,0,0,0,0,0,"- ","- ",38.743911743164062,-121.17922210693359,PLACER,UNINCORPORATED,-121.17910766601562,38.743587493896484
92403377,2024,2024-05-31,9220,2024-05-17,2253,020520,,5,3,4,3104,0,1,1,,2,281,"I-80 E/B","ROCKLIN RD",1077.00,E,N,A,-,Y,PLA,,80," "," ",6.275,H,,R,Y,2,0,3,3,A,-,07,21658,A,N,C,2,A,A,H,-,C,D,0,,,Y,,Y,,A,01,1,0,2,0,0,0,0,0,1,"- ","- ",38.790699005126953,-121.21984100341797,PLACER,ROCKLIN,-121.21986389160156,38.790718078613281
92405772,2024,2024-06-04,9220,2024-05-14,1824,015961,,2,2,9,3100,0,2,4,,2,022,"DOUGLAS BLVD","KINGSGATE DR",0.00,,Y,A,-,N,,,,,,,,,,Y,1,1,0,2,A,-,09,21801,A,N,D,C,A,A,H,-,A,D,0,,,Y,,Y,,A,07,0,0,0,0,0,0,0,1,0,"- ","- ",38.744171142578125,-121.20836639404297,PLACER,UNINCORPORATED,-121.20835113525391,38.744171142578125
92408120,2024,2024-06-06,9221,2024-05-28,"35  ",017881,,2,3,9,3100,0,1,1,,2,388,"I-80 E/B","SOUTH YUBA DRIVE",2112.00,W,N,A,-,Y,PLA,,80," "," ",67.573,H,,R,Y,2,0,1,1,A,-,08,22107,,N,F,I,A,A,H,-,D,D,0,,,,,Y,,A,07,1,0,0,0,0,0,0,0,0,"- ","- ",39.313770294189453,-120.47618103027344,PLACER,UNINCORPORATED,-120.47617340087891,39.313678741455078
92427224,2024,2024-07-01,9221,2024-06-22,1110,018213,,6,1,9,3100,0,1,1,,2,384,"I-80 E/B","ILLINOISTOWN ROAD",1966.00,E,N,A,-,Y,PLA,,80," "," ",32.167,H,,R,Y,2,0,1,1,A,-,08,22107,,N,E,I,A,A,H,-,A,D,0,,,,,Y,,A,01,1,0,0,0,0,0,0,0,0,"- ","- ",39.083450317382812,-120.95706939697266,PLACER,UNINCORPORATED,-120.95720672607422,39.08349609375
92435327,2024,2024-07-10,9220,2024-05-25,2210,020520,,6,3,5,3105,0,1,1,,2,281,"I-80 E/B","CIRBY WAY",1421.00,E,N,A,-,Y,PLA,,80," "," ",0.981,H,,R,Y,2,0,2,3,A,-,04,21703,,N,C,2,A,A,H,-,C,D,0,,,,Y,Y,,A,01,1,1,0,0,0,0,0,0,0,"- ","- ",38.732479095458984,-121.28173828125,PLACER,ROSEVILLE,-121.28174591064453,38.732486724853516
92435472,2024,2024-07-10,9220,2024-06-04,1415,017027,,2,2,9,3100,0,1,3,,1,249,"GRASS VALLEY HWY","WILLOW CREEK DR",470.00,N,N,A,-,Y,PLA,,49," "," ",6.221,H,,L,Y,2,0,1,2,A,-,05,21650,,N,D,G,A,A,H,-,A,A,0,,,Y,,Y,,-,"- ",1,0,0,0,0,0,0,0,1,"- ","- ",38.939788818359375,-121.09654235839844,PLACER,UNINCORPORATED,-121.09652709960938,38.939792633056641
9243898,2021,2021-04-29,3105,2021-03-24,1351,1160,,3,5,5,3105,0,0,0,,0,002,"DOUGLAS BL","STRAUCH DR",0.00,,Y,A,-,N,,,,,,,,,,N,2,0,1,2,A,-,10,21950,A,N,G,B,B,A,H,-,A,A,0,Y,,,,Y,,D,22,1,0,0,0,1,0,0,0,0,"- ","- ",38.744331359863281,-121.25502014160156,PLACER,ROSEVILLE,-121.25502014160156,38.744182586669922
9243903,2021,2021-04-21,3103,2021-03-17,1329,AELLI,L8,3,5,2,3103,0,0,0,,0,0L4,"BARTOLI WY","ROMANO DR",243.00,N,N,A,-,N,,,,,,,,,,N,2,0,1,2,A,-,21,22106,,N,G,B,E,A,H,-,A,D,0,Y,,,Y,Y,,F,26,1,0,0,0,1,0,0,0,0,"- ","- ",,,PLACER,LINCOLN,-121.24519348144531,38.846038818359375
9250267,2021,2021-04-28,3101,2021-03-26,1500,A737,AU05,5,5,3,3101,0,0,0,,0,0A2,"INDIAN HILL RD","VAL VISTA WY",0.00,,N,A,-,N,,,,,,,,,,N,2,0,1,2,A,-,06,21760,C,F,B,G,A,A,H,-,A,D,0,,Y,,,Y,,A,07,1,0,0,0,0,0,1,0,0,"- ","- ",38.872699737548828,-121.09541320800781,PLACER,AUBURN,-121.09537506103516,38.872718811035156
92542260,2024,2024-07-23,9220,2024-07-14,1755,021719,,7,2,9,3100,0,2,4,,2,064,"FORESTHILL RD.","DEADWOOD RD.",2006.00,W,N,A,-,N,,,,,,,,,,N,2,0,1,1,A,-,08,22107,,N,F,I,A,A,H,-,A,D,0,,,Y,,Y,,C,02,1,0,0,0,0,0,0,0,1,"- ","- ",38.176181793212891,-120.63629913330078,PLACER,UNINCORPORATED,-120.63558197021484,39.175956726074219
9256402,2021,2021-07-22,3105,2021-04-04,1452,180,,7,5,5,3105,0,0,0,,0,006,"WOODCREEK OAKS BL","LIVERPOOL LN",0.00,,Y,A,-,N,,,,,,,,,,Y,1,1,1,1,A,-,01,23153,F,N,F,I,A,-,H,-,A,D,0,,,,,Y,,A,01,0,1,0,0,0,0,0,0,0,"- ","- ",38.784431457519531,-121.33322143554688,PLACER,ROSEVILLE,-121.33389282226562,38.783233642578125
9258899,2021,2021-05-14,3103,2021-04-09,1306,53,L6,5,5,2,3103,0,0,0,,0,0L4,"STONERIDGE BL","TWELVE BRIDGES DR",0.00,,Y,A,-,N,,,,,,,,,,Y,2,0,1,1,A,-,03,22350,,N,E,I,A,A,H,-,A,D,0,,,,,Y,,D,22,1,0,0,0,0,0,0,0,0,"- ","- ",,,PLACER,LINCOLN,-121.25302886962891,38.863853454589844
9258914,2021,2021-05-12,3103,2021-05-01,1553,48,L2,6,5,2,3103,0,0,0,,0,0L1,"JOINER PKWY","3RD ST",0.00,,Y,A,-,N,,,,,,,,,,Y,2,0,1,2,A,-,12,21453,A,N,D,C,A,A,H,-,A,A,0,,,,,Y,,A,01,1,0,0,0,0,0,0,0,0,"- ","- ",38.889129638671875,-121.31339263916016,PLACER,LINCOLN,-121.31340026855469,38.889118194580078
9262641,2021,2021-05-20,3105,2021-04-26,2304,1128,,1,5,5,3105,0,0,0,,0,003,"CIRBY WY","MELODY LN",0.00,,Y,A,-,N,,,,,,,,,,N,2,0,1,2,A,-,05,21202,A,F,G,G,A,A,H,-,C,A,0,,Y,,,Y,Y,L,04,1,0,0,0,0,0,1,0,0,"- ","- ",,,PLACER,ROSEVILLE,-121.29210662841797,38.729339599609375
9279516,2021,2021-06-11,3105,2021-03-03,1500,1056,,3,5,5,3105,0,0,0,,0,004,"FOOTHILLS BL","DENIO LOOP",938.00,S,N,A,-,N,,,,,,,,,,Y,2,0,1,2,A,-,07,21658,A,N,B,C,A,A,H,-,A,A,0,,,Y,,Y,,A,01,1,0,0,0,0,0,0,0,1,"- ","- ",,,PLACER,ROSEVILLE,-121.30361175537109,38.736366271972656
9280628,2021,2021-07-15,3104,2021-06-12,0130,303,22,6,5,4,3104,0,0,0,,0,003,"WHITNEY OAKS DR","WHITNEY RANCH PKWY",341.00,W,N,A,-,N,,,,,,,,,,Y,2,0,1,1,A,-,03,22350,,N,E,J,A,A,H,-,C,A,0,,,,,Y,,A,01,1,0,0,0,0,0,0,0,0,"- ","- ",38.839130401611328,-121.24709320068359,PLACER,ROCKLIN,-121.24710083007812,38.839099884033203
9282621,2021,2021-07-15,3105,2021-06-06,1345,1135,,7,5,5,3105,0,0,0,,0,004,"FOOTHILLS BL","DENIO LOOP",1039.00,S,N,A,-,N,,,,,,,,,,Y,2,0,2,2,A,-,01,23152,A,F,C,C,A,A,H,-,A,A,0,,,,,Y,Y,A,01,1,0,1,0,0,0,0,0,0,"- ","- ",38.737380981445312,-121.30534362792969,PLACER,ROSEVILLE,-121.30335235595703,38.736175537109375
92848427,2024,2024-07-29,9220,2024-06-17,1253,014512,,1,1,9,3100,0,2,4,,1,012,"BASELINE ROAD","SOUTH BREWER ROAD",1690.00,E,N,A,-,N,,,,,,,,,,Y,1,1,0,2,A,-,05,21460,A,N,B,C,A,A,H,-,A,D,0,,,,,Y,,A,07,0,0,0,0,0,0,0,0,0,"- ","- ",38.751628875732422,-121.44518280029297,PLACER,UNINCORPORATED,-121.44524383544922,38.751609802246094
9286412,2021,2021-07-15,3105,2021-07-02,1855,1131,,5,5,5,3105,0,0,0,,0,001,"TAYLOR RD","RT 80",269.00,S,N,A,-,Y,,,,,,,,,,Y,2,0,1,2,A,-,01,23153,A,N,D,C,A,A,H,-,A,D,0,,,Y,,Y,Y,A,01,1,0,0,0,0,0,0,0,1,"- ",WO,38.767448425292969,-121.25456237792969,PLACER,ROSEVILLE,-121.25595092773438,38.764801025390625
9301659,2021,2021-09-24,3103,2021-08-16,1040,SGOIN,L1,1,5,2,3103,0,0,0,,0,0L1,"MEADOWLAND WY","LARKFLOWER WY",0.00,,Y,A,-,N,,,,,,,,,,N,2,0,1,1,A,-,13,22515,A,N,G,B,A,A,H,-,A,A,0,,,,,Y,,D,22,1,0,0,0,0,0,0,0,0,"- ","- ",38.905330657958984,-121.32417297363281,PLACER,LINCOLN,-121.32347869873047,38.905136108398438
9309622,2021,2021-08-26,3105,2021-06-13,2112,1099,,7,5,5,3105,0,0,0,,0,002,"NORTH SUNRISE AV","DOUGLAS BL",90.00,N,N,A,-,N,,,,,,,,,,N,2,0,1,2,D,-,00,,,M,C,G,A,A,H,-,C,D,0,,Y,,,Y,,-,"- ",1,0,0,0,0,0,1,0,0,"- ","- ",,,PLACER,ROSEVILLE,-121.26622009277344,38.744346618652344
9320687,2021,2022-05-05,3105,2021-11-29,1254,1059,,1,5,5,3105,0,0,0,,0,003,"ATLANTIC ST","BRANSTETTER ST",15.00,W,N,A,-,N,,,,,,,,,,Y,1,1,0,7,A,-,05,21460,A,N,F,E,A,A,H,-,A,A,0,,,,,Y,,A,07,0,0,0,0,0,0,0,0,0,"- ","- ",38.752311706542969,-121.28066253662109,PLACER,ROSEVILLE,-121.28050994873047,38.752765655517578
9323199,2021,2021-10-14,3105,2021-08-29,2500,1133,,7,5,5,3105,0,0,0,,0,002,"DOUGLAS BL","EUREKA RD",18.00,E,N,A,-,N,,,,,,,,,,Y,2,0,3,3,A,-,12,21453,A,N,D,C,A,A,H,-,A,A,0,,,,,Y,,A,01,2,0,1,0,0,0,0,0,0,"- ","- ",38.744350433349609,-121.24710083007812,PLACER,ROSEVILLE,-121.24703979492188,38.74420166015625
9325584,2021,2021-10-23,3105,2021-09-04,1200,1143,,6,5,5,3105,0,0,0,,0,004,"OAKLAND AV","BIRCH ST",0.00,,Y,A,-,N,,,,,,,,,,N,2,0,1,2,-,-,"- ",,,N,H,J,A,A,H,-,A,A,0,,,Y,,Y,,-,"- ",1,0,0,0,0,0,0,0,1,"- ","- ",38.749649047851562,-121.29258728027344,PLACER,ROSEVILLE,-121.29261016845703,38.749660491943359
9325626,2021,2021-09-30,3105,2021-08-20,1611,1160,,5,5,5,3105,0,0,0,,0,003,"ROSEVILLE RD","FIR AV",500.00,N,N,A,-,N,,,,,,,,,,Y,2,0,2,1,A,-,00,23153,5,N,E,I,A,A,H,-,A,D,0,,,,,Y,,A,01,1,0,1,0,0,0,0,0,0,"- ","- ",38.725189208984375,-121.30748748779297,PLACER,ROSEVILLE,-121.30723571777344,38.725914001464844
9342490,2021,2021-10-19,3103,2021-09-17,0845,BSCHN,L4,5,5,2,3103,0,0,0,,0,0L2,"MOORE RD","SORRENTO PKWY",2112.00,W,N,A,-,N,,,,,,,,,,Y,2,0,2,2,A,-,05,21460,A,N,A,C,A,A,H,-,A,D,0,,,,,Y,,A,01,1,1,0,0,0,0,0,0,0,"- ","- ",38.87384033203125,-121.32211303710938,PLACER,LINCOLN,-121.32886505126953,38.873611450195312
9343672,2021,2021-10-20,3104,2021-08-26,1900,312,24,4,5,4,3104,0,0,0,,0,003,"SAN MIGUEL CT","SAN CARLOS WY",82.00,N,N,A,-,N,,,,,,,,,,N,2,0,1,2,A,-,17,21712,A,N,G,B,F,A,H,-,A,D,0,Y,,,,Y,Y,A,01,1,0,0,0,1,0,0,0,0,"- ","- ",38.812969207763672,-121.25251007080078,PLACER,ROCKLIN,-121.26250457763672,38.817905426025391
9348460,2021,2021-11-09,3105,2021-09-02,2116,1124,,4,5,5,3105,0,0,0,,0,006,"CIRBY WY","VERNON ST",0.00,,Y,A,-,N,,,,,,,,,,Y,2,0,1,2,-,-,"- ",,,N,D,C,A,-,H,-,C,A,0,,,,,Y,,-,"- ",1,0,0,0,0,0,0,0,0,"- ","- ",38.72930908203125,-121.29972839355469,PLACER,ROSEVILLE,-121.29971313476562,38.729286193847656
9357277,2021,2021-11-19,3101,2021-10-21,1900,A737,AU12,4,5,3,3101,0,0,0,,0,0A1,"GRASS VALLEY HWY","FULWEILER AV",0.00,W,N,A,-,Y,PLA,3,49,-,-,3.590,H,-,S,N,2,0,1,2,A,-,03,22350,,N,G,B,E,A,H,-,D,D,0,Y,,,,Y,,D,22,1,0,0,0,1,0,0,0,0,"- ","- ",38.904708862304688,-121.07408142089844,PLACER,AUBURN,-121.07653045654297,38.905677795410156
9361580,2021,2021-11-17,3105,2021-10-24,0433,1137,,7,5,5,3105,0,0,0,,0,001,"GALLERIA BL","ROSEVILLE PKWY",2.00,N,N,B,C,N,,,,,,,,,,Y,2,0,1,1,A,-,08,22107,,N,A,I,A,B,H,-,C,A,0,,,,,Y,Y,A,01,1,0,0,0,0,0,0,0,0,"- ","- ",38.76885986328125,-121.26589965820312,PLACER,ROSEVILLE,-121.26589965820312,38.768707275390625
9362444,2021,2021-12-08,3105,2021-10-29,0732,1166,,5,5,5,3105,0,0,0,,0,003,"RIVERSIDE AV","CIRBY WY",224.00,S,N,A,-,N,,,,,,,,,,Y,2,0,1,3,A,-,03,22350,,N,C,C,A,A,H,-,A,A,0,,,,,Y,,D,22,1,0,0,0,0,0,0,0,0,"- ","- ",38.729339599609375,-121.29048156738281,PLACER,ROSEVILLE,-121.29045104980469,38.728733062744141
9362448,2021,2021-12-23,3105,2021-11-04,1035,140,,4,5,5,3105,0,0,0,,0,002,"SIERRA COLLEGE BL","E ROSEVILLE PK",0.00,,Y,B,-,N,,,,,,,,,,Y,2,0,1,2,A,-,09,21801,A,N,D,C,A,A,H,-,A,D,0,,,,,Y,,A,07,1,0,0,0,0,0,0,0,0,"- ","- ",38.73114013671875,-121.22611999511719,PLACER,ROSEVILLE,-121.22586059570312,38.730976104736328
9362460,2021,2021-12-10,3105,2021-10-22,1431,1059,,5,5,5,3105,0,0,0,,0,003,"ORLANDO AV","AUBURN BL",412.00,E,N,B,-,N,,,,,,,,,,N,2,0,1,2,A,-,06,21750,A,N,B,C,A,A,H,-,A,A,0,,,Y,Y,Y,,C,02,1,0,0,0,0,0,0,0,1,"- ","- ",38.722820281982422,-121.29039001464844,PLACER,ROSEVILLE,-121.28913879394531,38.723178863525391
93768559,2024,2024-08-07,9220,2024-07-21,1451,020392,,7,2,5,3105,0,1,1,,2,281,"I-80 E/B FROM ATLANTIC STREET E/B","ATLANTIC STREET",54.00,S,N,A,-,Y,,,,,,,,,,Y,2,0,5,2,A,-,03,22350,,N,D,D,A,A,H,-,A,A,0,,,,,Y,,D,22,4,1,0,0,0,0,0,0,0,"- ","- ",38.757259368896484,-121.25978088378906,PLACER,ROSEVILLE,,
9415003,2022,2022-03-01,3105,2022-02-09,1923,1128,,3,5,5,3105,0,0,0,,0,003,"CIRBY WY","RIVERSIDE AV",114.00,W,N,A,-,N,,,,,,,,,,N,2,0,1,2,A,-,11,21955,,N,G,B,D,A,H,-,C,A,0,Y,,,,Y,,N,60,1,0,0,0,1,0,0,0,0,"- ","- ",,,PLACER,ROSEVILLE,-121.29086303710938,38.729343414306641
9415488,2022,2022-04-28,3101,2022-02-11,0740,A711,AU10,5,5,3,3101,0,0,0,,0,0A2,"AGARD ST","STADIUM WY",0.00,,Y,A,-,N,,,,,,,,,,N,2,0,1,2,A,-,09,21801,A,F,C,G,A,A,H,-,A,D,0,,Y,,,Y,,A,01,1,0,0,0,0,0,1,0,0,"- ","- ",38.895271301269531,-121.07077026367188,PLACER,AUBURN,-121.06907653808594,38.893733978271484
9418283,2022,2022-03-23,3105,2022-02-15,2240,1138,,2,5,5,3105,0,0,0,,0,007,"PLEASANT GROVE BL","SUN CITY BL",0.00,,Y,A,-,N,,,,,,,,,,Y,2,0,3,1,A,-,03,22350,1,N,E,I,A,A,H,-,C,A,0,,,,,Y,,A,01,1,2,0,0,0,0,0,0,0,"- ","- ",38.766559600830078,-121.34606170654297,PLACER,ROSEVILLE,-121.34603118896484,38.766574859619141
9422770,2022,2022-03-29,3104,2022-03-13,2102,290,46,7,5,4,3104,0,0,0,,0,002,"PACIFIC ST","SUNSET BL",0.00,,Y,A,-,N,,,,,,,,,,Y,2,0,2,2,A,-,01,23153,,N,D,C,A,A,H,-,C,A,0,,,,,Y,Y,A,01,1,1,0,0,0,0,0,0,0,"- ","- ",38.781379699707031,-121.24220275878906,PLACER,ROCKLIN,-121.24221038818359,38.781387329101562
9431055,2022,2022-04-19,3103,2022-03-11,2252,KSMOL,L4,5,5,2,3103,0,0,0,,0,0L2,"FIDDYMENT RD","FIDDYMENT RD 1245",0.00,,Y,A,-,N,,,,,,,,,,Y,2,0,1,1,A,-,01,23152,A,N,E,I,A,A,H,-,D,D,0,,,,,Y,Y,A,07,1,0,0,0,0,0,0,0,0,"- ","- ",38.861339569091797,-121.34906005859375,PLACER,LINCOLN,,
9431558,2022,2022-04-13,3103,2022-02-14,1617,ADEOL,LI,1,5,2,3103,0,0,0,,0,0LI,"JOINER PKWY","1ST ST",0.00,,Y,B,-,N,,,,,,,,,,N,2,0,1,2,A,-,09,21804,A,N,B,C,A,A,H,-,A,D,0,,,Y,,Y,,C,02,1,0,0,0,0,0,0,0,1,"- ","- ",38.897209167480469,-121.31301116943359,PLACER,LINCOLN,-121.31346130371094,38.886669158935547
9433854,2022,2022-10-12,3105,2022-06-25,2059,1143,,6,5,5,3105,0,0,0,,0,003,"AUBURN BL","ORLANDO AV",0.00,,Y,A,-,Y,PLA,3,80,-,-,0.118,R,4,E,N,2,0,1,2,A,-,08,22107,,N,C,G,A,A,H,-,C,A,0,,Y,,,Y,,A,01,1,0,0,0,0,0,1,0,0,"- ","- ",38.722320556640625,-121.29003143310547,PLACER,ROSEVILLE,-121.29214477539062,38.722976684570312