CASE_ID,ACCIDENT_YEAR,PROC_DATE,JURIS,COLLISION_DATE,COLLISION_TIME,OFFICER_ID,REPORTING_DISTRICT,DAY_OF_WEEK,CHP_SHIFT,POPULATION,CNTY_CITY_LOC,SPECIAL_COND,BEAT_TYPE,CHP_BEAT_TYPE,CITY_DIVISION_LAPD,CHP_BEAT_CLASS,BEAT_NUMBER,PRIMARY_RD,SECONDARY_RD,DISTANCE,DIRECTION,INTERSECTION,WEATHER_1,WEATHER_2,STATE_HWY_IND,CALTRANS_COUNTY,CALTRANS_DISTRICT,STATE_ROUTE,ROUTE_SUFFIX,POSTMILE_PREFIX,POSTMILE,LOCATION_TYPE,RAMP_INTERSECTION,SIDE_OF_HWY,TOW_AWAY,COLLISION_SEVERITY,NUMBER_KILLED,NUMBER_INJURED,PARTY_COUNT,PRIMARY_COLL_FACTOR,PCF_CODE_OF_VIOL,PCF_VIOL_CATEGORY,PCF_VIOLATION,PCF_VIOL_SUBSECTION,HIT_AND_RUN,TYPE_OF_COLLISION,MVIW,PED_ACTION,ROAD_SURFACE,ROAD_COND_1,ROAD_COND_2,LIGHTING,CONTROL_DEVICE,CHP_ROAD_TYPE,PEDESTRIAN_ACCIDENT,BICYCLE_ACCIDENT,MOTORCYCLE_ACCIDENT,TRUCK_ACCIDENT,NOT_PRIVATE_PROPERTY,ALCOHOL_INVOLVED,STWD_VEHTYPE_AT_FAULT,CHP_VEHTYPE_AT_FAULT,COUNT_SEVERE_INJ,COUNT_VISIBLE_INJ,COUNT_COMPLAINT_PAIN,COUNT_PED_KILLED,COUNT_PED_INJURED,COUNT_BICYCLIST_KILLED,COUNT_BICYCLIST_INJURED,COUNT_MC_KILLED,COUNT_MC_INJURED,PRIMARY_RAMP,SECONDARY_RAMP,LATITUDE,LONGITUDE,COUNTY,CITY,POINT_X,POINT_Y
94371521,2024,2024-08-27,9220,2024-08-17,1630,022556,,6,2,5,3105,0,1,1,,2,281,"I-80 E/B","LEAD HILL BLVD O/C",169.00,E,N,A,-,Y,PLA,,80," "," ",2.612,H,,R,Y,2,0,5,2,A,-,03,22350,,N,C,C,A,A,H,-,A,D,0,,,,,Y,,A,01,1,3,1,0,0,0,0,0,0,"- ","- ",38.752220153808594,-121.26519775390625,PLACER,ROSEVILLE,-121.26531219482422,38.752262115478516
94371870,2024,2024-08-27,9220,2024-06-10,1500,017027,,1,2,9,3100,0,1,3,,1,249,"SR-49 (GRASS VALLEY HIGHWAY)","JOEGER RD",0.00,,Y,A,-,Y,PLA,,49," ",R,7.956,H,,R,Y,1,1,1,2,A,-,09,21802,A,N,D,C,A,A,H,-,A,A,0,,,,,Y,,D,22,0,1,0,0,0,0,0,0,0,"- ","- ",38.963901519775391,-121.10411834716797,PLACER,UNINCORPORATED,-121.10400390625,38.963912963867188
94404907,2024,2024-09-23,9220,2024-09-13,1055,021079,,5,1,9,3100,0,1,3,,1,249,"SR-49 (GRASS VALLEY HIGHWAY)","BELL RD",250.00,S,N,A,-,Y,PLA,,49," "," ",6.324,H,,R,Y,2,0,1,2,A,-,03,22350,,N,C,C,A,A,H,-,A,D,0,,,Y,,Y,,C,02,1,0,0,0,0,0,0,0,1,"- ","- ",38.941211700439453,-121.09693145751953,PLACER,UNINCORPORATED,-121.09676361083984,38.941242218017578
94413229,2024,2024-09-30,9220,2024-09-17,1530,016467,,2,2,9,3100,0,3,5,,2,060,"FOREST SERVICE TRAIL 0096","MOSQUITO RIDGE ROAD (FOREST SERVICE ROAD 0096)",1320.00,E,N,A,-,N,,,,,,,,,,N,2,0,1,1,A,-,03,22350,,N,F,A,A,A,H,-,A,D,0,,,Y,,Y,,C,02,1,0,0,0,0,0,0,0,1,"- ","- ",39.111209869384766,-120.42217254638672,PLACER,UNINCORPORATED,,
94419526,2024,2024-10-04,9220,2024-08-13,"430 ",021255,,2,3,4,3104,0,1,1,,2,281,"I-80 W/B","ROCKLIN ROAD",3168.00,W,N,A,-,Y,PLA,,80," "," ",5.428,H,,L,N,1,1,0,4,A,-,11,21954,A,N,G,B,E,B,H,-,D,D,0,Y,,,,Y,,N,60,0,0,0,1,0,0,0,0,0,"- ","- ",38.781749725341797,-121.23078155517578,PLACER,ROCKLIN,-121.23079681396484,38.781764984130859
94436144,2024,2024-10-18,9220,2024-10-05,"140 ",020990,,6,3,9,3100,0,2,4,,2,027,"AUBURN FOLSOM RD","MUIR WAY",1056.00,S,N,A,-,N,,,,,,,,,,N,2,0,1,1,A,-,01,23152,A,N,F,A,A,A,H,-,D,D,0,,,Y,,Y,Y,-,"- ",1,0,0,0,0,0,0,0,1,"- ","- ",38.726081848144531,-121.17562103271484,PLACER,UNINCORPORATED,-121.17545318603516,38.725997924804688
94440836,2024,2024-10-22,9221,2024-10-20,1617,018600,,7,2,9,3100,0,1,1,,2,388,"I-80 E/B","RAINBOW ROAD",4224.00,W,N,A,-,Y,PLA,,80," ",R,65.506,H,,R,Y,2,0,3,1,A,-,03,22350,,N,E,8,A,A,H,-,A,D,0,,,,,Y,,A,07,1,0,2,0,0,0,0,0,0,"- ","- ",39.313320159912109,-120.51413726806641,PLACER,UNINCORPORATED,-120.51410675048828,39.313217163085938
94442080,2024,2024-10-23,9220,2024-10-21,2145,018532,,1,2,9,3100,0,3,5,,2,020,"EAST ROSEVILLE PARKWAY","WEDDINGTON CIRCLE",108.00,E,N,A,-,N,,,,,,,,,,Y,2,0,1,1,A,-,01,23152,A,N,E,I,A,A,H,-,C,D,0,,,,,Y,,D,22,1,0,0,0,0,0,0,0,0,"- ","- ",38.724128723144531,-121.20008087158203,PLACER,UNINCORPORATED,-121.20018768310547,38.724174499511719
9444462,2022,2022-05-26,3105,2022-04-27,2135,1170,,3,5,5,3105,0,0,0,,0,001,"GALLERIA BL","ANTELOPE CREEK DR",387.00,N,N,A,-,N,,,,,,,,,,Y,2,0,1,1,A,-,01,23152,B,N,E,I,A,A,H,-,C,D,0,,,Y,,Y,Y,C,02,1,0,0,0,0,0,0,0,1,"- ","- ",38.773540496826172,-121.26521301269531,PLACER,ROSEVILLE,-121.26586151123047,38.773181915283203
94445812,2024,2024-10-25,9220,2024-09-21,2342,020520,,6,3,9,3100,0,3,5,,2,010,"FIDDYMENT ROAD","SUNSET BOULEVARD WEST",58.00,N,N,A,-,N,,,,,,,,,,Y,2,0,3,3,A,-,01,23152,A,N,C,2,A,A,H,-,D,A,0,,,,,Y,Y,A,01,2,1,0,0,0,0,0,0,0,"- ","- ",38.824741363525391,-121.34925842285156,PLACER,UNINCORPORATED,-121.34927368164062,38.824680328369141
94455427,2024,2024-11-01,9220,2024-08-21,2348,016657,,3,3,3,3101,0,1,1,,2,282,"I-80 W/B","MAPLE ST (OVERCROSSING)",87.00,E,N,A,-,Y,PLA,,80," "," ",17.291,H,,L,Y,1,1,0,1,A,-,01,23152,A,N,E,8,A,A,H,-,C,D,0,,,,,Y,Y,A,07,0,0,0,0,0,0,0,0,0,"- ","- ",38.897380828857422,-121.07811737060547,PLACER,AUBURN,-121.07814788818359,38.897407531738281
94456948,2024,2024-11-04,9220,2024-10-23,1448,018382,,3,2,9,3100,0,3,5,,2,030,"NICOLAUS RD","MAVERICK LN",0.00,,Y,A,-,N,,,,,,,,,,Y,2,0,2,2,A,-,03,22350,,N,C,C,A,A,H,-,A,D,0,,,,,Y,,D,22,1,1,0,0,0,0,0,0,0,"- ","- ",38.897251129150391,-121.40042114257812,PLACER,UNINCORPORATED,-121.400390625,38.897262573242188
94457646,2024,2024-11-04,9220,2024-10-27,1152,020465,,7,1,5,3105,0,1,1,,2,281,"I-80 E/B","EAST ROSEVILLE PKY",30.00,E,N,A,-,Y,PLA,,80," "," ",3.443,H,,R,N,2,0,1,1,A,-,03,22350,,N,F,A,A,A,H,-,A,D,0,,,Y,,Y,,C,02,1,0,0,0,0,0,0,0,1,"- ","- ",38.762939453125,-121.25823211669922,PLACER,ROSEVILLE,-121.25826263427734,38.762954711914062
9446932,2022,2022-05-19,3104,2022-04-08,2218,301,44,5,5,4,3104,0,0,0,,0,001,"ROCKLIN RD","PACIFIC ST",84.00,E,N,A,-,N,,,,,,,,,,Y,2,0,1,2,A,-,05,21650,,F,H,G,A,A,H,-,C,D,0,,Y,,,Y,,L,04,1,0,0,0,0,0,1,0,0,"- ","- ",38.790679931640625,-121.23590850830078,PLACER,ROCKLIN,-121.23577880859375,38.790679931640625
9446934,2022,2022-05-20,3104,2022-04-29,2311,301,46,5,5,4,3104,0,0,0,,0,002,"SUNSET BL","PACIFIC ST",0.00,,Y,A,-,N,,,,,,,,,,Y,2,0,1,1,A,-,01,23152,A,N,E,I,A,A,H,-,C,A,0,,,Y,,Y,Y,C,02,1,0,0,0,0,0,0,0,1,"- ","- ",38.781379699707031,-121.24220275878906,PLACER,ROCKLIN,-121.24221038818359,38.781387329101562
94471704,2024,2024-11-15,9220,2024-11-07,1518,022637,,4,2,9,3100,0,1,3,,1,265,SR-65,"RIOSA ROAD",0.00,,Y,A,-,Y,PLA,,65," ",L,23.187,H,,R,Y,2,0,3,2,A,-,08,22107,,N,A,C,A,A,H,-,A,A,0,,,,,Y,,A,07,1,0,2,0,0,0,0,0,0,"- ","- ",38.978771209716797,-121.38259124755859,PLACER,UNINCORPORATED,-121.38246154785156,38.978805541992188
9449560,2022,2022-06-02,3105,2022-05-05,1815,1124,,4,5,5,3105,0,0,0,,0,004,"ATKINSON ST","NETA LN",480.00,S,N,A,-,N,,,,,,,,,,N,2,0,1,2,A,-,06,21760,C,F,H,G,A,A,H,-,A,D,0,,Y,,,Y,Y,A,01,1,0,0,0,0,0,1,0,0,"- ","- ",38.73223876953125,-121.31009674072266,PLACER,ROSEVILLE,-121.31165313720703,38.730010986328125
94499040,2024,2024-12-13,9220,2024-12-04,1040,015917,,3,1,9,3100,0,1,3,,1,249,"SR-49 (GRASS VALLEY HIGHWAY)","JOEGER RD",0.00,,Y,A,-,Y,PLA,,49," ",R,7.954,H,,R,Y,2,0,2,3,A,-,09,21801,A,N,A,C,A,A,H,-,A,D,0,,,,,Y,,A,07,1,1,0,0,0,0,0,0,0,"- ","- ",38.963878631591797,-121.10411071777344,PLACER,UNINCORPORATED,-121.10399627685547,38.963893890380859
9451135,2022,2022-06-28,3105,2022-05-05,1725,1044,,4,5,5,3105,0,0,0,,0,004,"DIAMOND OAKS RD","SHASTA ST",0.00,,Y,B,-,N,,,,,,,,,,N,2,0,1,2,A,-,10,21950,A,N,G,B,B,A,H,-,A,D,0,Y,,,,Y,,A,01,1,0,0,0,1,0,0,0,0,"- ","- ",38.766738891601562,-121.28132629394531,PLACER,ROSEVILLE,-121.28135681152344,38.766742706298828
94511946,2024,2024-12-20,9220,2024-12-14,2335,019830,,6,3,2,3103,0,1,3,,1,265,"SR-65 N/B","TWELVE BRIDGES DRIVE",3960.00,S,N,A,-,Y,PLA,,65," ",R,11.180,H,,R,Y,2,0,3,2,A,-,01,23152,A,N,C,C,A,A,H,-,D,D,0,,,,,Y,Y,A,01,1,2,0,0,0,0,0,0,0,"- ","- ",38.840339660644531,-121.2996826171875,PLACER,LINCOLN,-121.29971313476562,38.840339660644531
94527319,2024,2025-01-06,9220,2024-12-28,1348,017863,,6,1,9,3100,0,2,4,,2,064,"FORESTHILL RD.","MOSHIRON DR.",1795.00,E,N,B,-,N,,,,,,,,,,Y,2,0,1,1,A,-,08,22107,,N,E,I,A,B,H,-,A,A,0,,,,,Y,,A,07,1,0,0,0,0,0,0,0,0,"- ","- ",38.999820709228516,-120.91445159912109,PLACER,UNINCORPORATED,-120.9146728515625,38.999771118164062
94538285,2025,2025-01-15,9220,2025-01-03,1700,021164,,5,2,9,3100,0,1,1,,2,282,"I-80 E/B TO HORSESHOE BAR RD","HORSESHOE BAR RD (OVERCROSSING)",530.00,E,N,B,C,Y,,,,,,,,,,Y,2,0,1,1,A,-,01,23152,A,N,E,I,A,B,H,-,C,D,0,,,,,Y,Y,A,01,1,0,0,0,0,0,0,0,0,"- ","- ",38.817329406738281,-121.18772888183594,PLACER,UNINCORPORATED,-121.18775177001953,38.817714691162109
94540240,2024,2025-03-11,9220,2024-11-26,1655,016657,,2,2,9,3100,0,2,4,,2,054,"BOWMAN RD","LUTHER RD",0.00,,Y,A,-,N,,,,,,,,,,Y,2,0,1,2,A,-,09,21801,A,F,D,G,A,A,H,-,C,A,0,,Y,,,Y,,A,01,1,0,0,0,0,0,1,0,0,"- ","- ",38.928009033203125,-121.05654144287109,PLACER,UNINCORPORATED,-121.05651092529297,38.927951812744141
94540365,2024,2025-01-16,9221,2024-06-27,"150 ",018624,,4,3,9,3100,0,1,3,,1,374,SR-174,"HILL DRIVE",392.00,W,N,A,-,Y,PLA,,174," "," ",1.235,H,,R,N,1,1,0,2,A,-,13,22504,A,N,D,G,A,A,H,-,D,D,0,,Y,,,Y,,-,"- ",0,0,0,0,0,1,0,0,0,"- ","- ",39.112148284912109,-120.95002746582031,PLACER,UNINCORPORATED,-120.95001983642578,39.112152099609375
94554245,2025,2025-01-29,9220,2025-01-17,1105,017397,,5,1,9,3100,0,3,5,,2,070,"ROCK SPRINGS RD","LA DESA RD",0.00,,Y,A,-,N,,,,,,,,,,N,2,0,1,2,A,-,09,21804,A,F,F,A,A,A,H,-,A,D,0,,Y,,,Y,,A,01,1,0,0,0,0,0,1,0,0,"- ","- ",38.840110778808594,-121.13446044921875,PLACER,UNINCORPORATED,-121.13442230224609,38.840076446533203
94570024,2025,2025-02-07,9220,2025-01-03,1815,021079,,5,2,9,3100,0,2,4,,2,058,"DRY CREEK RD","MOUNTAIN SPRINGS RD",1395.00,W,N,B,-,N,,,,,,,,,,Y,1,1,0,1,A,-,01,23152,A,N,E,I,A,B,H,-,D,D,0,,,,,Y,Y,A,07,0,0,0,0,0,0,0,0,0,"- ","- ",38.962158203125,-121.07888031005859,PLACER,UNINCORPORATED,-121.07917022705078,38.962131500244141
94572518,2024,2025-02-10,9220,2024-11-21,2214,019621,,4,3,9,3100,0,1,1,,2,283,"I-80 E/B","RUSSELL RD O/C",475.00,E,N,B,-,Y,PLA,,80," ",R,18.980,H,,R,Y,1,1,0,2,A,-,11,21954,A,N,G,B,E,B,H,-,D,D,0,Y,,,,Y,Y,N,60,0,0,0,1,0,0,0,0,0,"- ","- ",38.917221069335938,-121.06156158447266,PLACER,UNINCORPORATED,-121.06153869628906,38.917201995849609
94574310,2025,2025-02-11,9221,2025-01-26,1430,024225,,7,2,9,3100,0,1,S,,2,904,"I-80 E/B","NEWCASTLE RD",2112.00,E,N,A,-,Y,PLA,,80," "," ",14.155,H,,R,N,2,0,1,1,A,-,01,23152,A,N,E,I,A,A,H,-,A,A,0,,,Y,,Y,Y,C,02,1,0,0,0,0,0,0,0,1,"- ","- ",38.87744140625,-121.12860107421875,PLACER,UNINCORPORATED,-121.12856292724609,38.877399444580078
94588083,2025,2025-02-24,9220,2025-02-13,"535 ",015961,,4,3,9,3100,0,3,5,,2,020,"LAIRD RD","SIERRA VIEW PL",115.00,W,N,B,C,N,,,,,,,,,,Y,2,0,1,1,A,-,08,22107,,N,E,I,A,B,F,-,D,D,0,,,,,Y,,A,01,1,0,0,0,0,0,0,0,0,"- ","- ",38.773929595947266,-121.164306640625,PLACER,UNINCORPORATED,-121.16437530517578,38.774562835693359
94595025,2025,2025-03-03,9221,2025-02-20,1011,018579,,4,1,9,3100,0,1,1,,2,386,"I-80 E/B","DRUM FOREBAY ROAD",3696.00,E,N,A,-,Y,PLA,,80," "," ",49.658,H,,R,Y,2,0,2,1,A,-,01,23153,A,N,E,8,A,B,H,-,A,D,0,,,,,Y,Y,A,01,1,0,1,0,0,0,0,0,0,"- ","- ",39.244758605957031,-120.74658966064453,PLACER,UNINCORPORATED,-120.74654388427734,39.24468994140625
94601493,2025,2025-03-18,9220,2025-02-16,1935,021079,,7,2,9,3100,0,1,3,,1,249,"SR-49 (GRASS VALLEY HIGHWAY)","EDGEWOOD RD",15.00,N,N,A,-,Y,PLA,,49," "," ",4.687,H,,R,Y,2,0,3,4,A,-,03,22350,,F,C,C,A,A,H,-,C,D,0,,,,,Y,,D,22,1,0,2,0,0,0,0,0,0,"- ","- ",38.920581817626953,-121.08229827880859,PLACER,UNINCORPORATED,-121.08214569091797,38.920627593994141
94612650,2025,2025-03-21,9221,2025-03-13,1751,022288,,4,2,9,3100,0,1,1,,2,386,"I-80 W/B","BLUE CANYON RD",2245.00,E,N,D,E,Y,PLA,,80," "," ",53.776,H,,L,Y,2,0,3,3,A,-,03,22350,,N,C,C,A,C,H,-,A,D,0,,,,Y,Y,,A,01,1,0,2,0,0,0,0,0,0,"- ","- ",39.287250518798828,-120.69757080078125,PLACER,UNINCORPORATED,-120.69757080078125,39.287250518798828
94612653,2025,2025-03-21,9222,2025-02-24,2020,024152,,1,2,9,3100,0,3,5,,2,010,"NORTHSTAR DR","BEAVER POND",630.00,E,N,A,-,N,,,,,,,,,,N,2,0,1,1,A,-,01,23152,A,N,E,I,A,A,H,-,D,D,0,,,,,Y,,D,22,1,0,0,0,0,0,0,0,0,"- ","- ",39.281730651855469,-120.11370086669922,PLACER,UNINCORPORATED,-120.11380767822266,39.281749725341797
94630342,2025,2025-03-28,9222,2025-03-22,2130,023587,,6,2,9,3100,0,1,3,,1,015,"SR-28 (N LAKE BLVD)","STAG DRIVE",792.00,W,N,A,-,Y,PLA,,28," "," ",7.335,H,,R,Y,2,0,1,1,A,-,01,23152,A,N,E,8,A,A,H,-,D,D,0,,,,,Y,Y,A,07,1,0,0,0,0,0,0,0,0,"- ","- ",39.236648559570312,-120.06513214111328,PLACER,UNINCORPORATED,-120.06514739990234,39.236747741699219
94637687,2024,2025-04-04,9221,2024-05-18,1110,022146,,6,1,1,3102,0,1,1,,2,384,"WB I80","S. AUBURN ST.",85.00,S,N,A,-,Y,,,,,,,,,,Y,1,1,0,1,A,-,03,22350,,N,E,8,A,A,H,-,A,D,0,,,,,Y,Y,-,"- ",0,0,0,0,0,0,0,0,0,"- ","- ",39.099449157714844,-120.95041656494141,PLACER,COLFAX,-120.95925140380859,39.080013275146484
94639901,2025,2025-04-07,9220,2025-03-24,1040,015917,,1,1,9,3100,0,2,4,,2,056,"BELL RD","SKYLINE DR",344.00,W,N,A,-,N,,,,,,,,,,Y,2,0,1,2,A,-,08,22107,,N,D,G,A,A,H,-,A,D,0,,Y,,,Y,,L,04,1,0,0,0,0,0,1,0,0,"- ","- ",38.944889068603516,-121.06259155273438,PLACER,UNINCORPORATED,-121.06250762939453,38.944938659667969
94658878,2025,2025-04-22,9220,2025-04-21,"530 ",018532,,1,3,9,3100,0,1,3,,1,267,"SR-65 N/B","WEST WISE ROAD",3485.00,S,N,A,-,Y,PLA,,65," ",R,18.777,H,,R,Y,2,0,1,2,A,-,03,22350,,N,C,C,A,A,H,-,D,D,0,,,,Y,Y,,A,01,1,0,0,0,0,0,0,0,0,"- ","- ",38.916519165039062,-121.36843872070312,PLACER,UNINCORPORATED,-121.36846160888672,38.916519165039062
94673673,2025,2025-05-02,9220,2025-04-27,1045,017397,,7,1,9,3100,0,2,4,,2,064,"FORESTHILL RD","BELLA VISTA CIR.",3485.00,W,N,B,-,N,,,,,,,,,,Y,2,0,1,1,A,-,01,23152,A,N,E,I,A,B,H,-,A,D,0,,,,,Y,Y,A,08,1,0,0,0,0,0,0,0,0,"- ","- ",38.972560882568359,-120.94407653808594,PLACER,UNINCORPORATED,-120.94400787353516,38.97271728515625
94697574,2025,2025-05-22,9220,2025-05-14,1210,014512,,3,1,9,3100,0,3,5,,2,010,"CINCINNATI AVENUE","NICHOLS DRIVE",0.00,,Y,A,-,N,,,,,,,,,,Y,2,0,1,2,A,-,09,21802,A,N,D,C,A,A,H,-,A,A,0,,,Y,,Y,,D,22,1,0,0,0,0,0,0,0,1,"- ","- ",38.810699462890625,-121.31211853027344,PLACER,UNINCORPORATED,-121.31204986572266,38.810646057128906
94707730,2025,2025-05-30,9220,2025-05-20,1610,016429,,2,2,9,3100,0,1,3,,1,249,"SR-49 (GRASS VALLEY HIGHWAY)","SUMMER RIDGE DR",15.00,N,N,A,-,Y,PLA,,49," "," ",4.861,H,,R,N,2,0,2,4,A,-,11,21954,A,N,G,B,D,A,H,-,A,D,0,Y,,Y,,Y,Y,N,60,1,1,0,0,1,0,0,0,1,"- ","- ",38.922920227050781,-121.08339691162109,PLACER,UNINCORPORATED,-121.08326721191406,38.922962188720703
94716314,2025,2025-06-06,9221,2025-05-29,1645,022146,,4,2,9,3100,0,1,1,,2,386,"I-80 E/B","BLUE CANYON RD",4224.00,W,N,A,-,Y,PLA,,80," "," ",52.508,H,,R,Y,2,0,4,1,A,-,08,22107,,N,E,I,A,A,H,-,A,D,0,,,,,Y,,A,07,2,1,1,0,0,0,0,0,0,"- ","- ",39.275020599365234,-120.71395111083984,PLACER,UNINCORPORATED,-120.71375274658203,39.275032043457031
94720126,2025,2025-06-10,9220,2025-06-02,1320,022637,,1,1,9,3100,0,2,4,,2,022,"DOUGLAS BLVD.","GRANITE ESTATES DRIVE",8.00,E,N,A,-,N,,,,,,,,,,Y,2,0,1,2,A,-,09,21801,A,N,D,2,A,A,H,-,A,D,0,,,Y,,Y,,A,07,1,0,0,0,0,0,0,0,1,"- ","- ",38.744171142578125,-121.20152282714844,PLACER,UNINCORPORATED,-121.20155334472656,38.74420166015625
94722289,2025,2025-06-11,9220,2025-05-25,"845 ",016682,,7,1,9,3100,0,2,4,,1,012,"BASELINE RD","COUNTRY ACRES LANE",1685.00,E,N,A,-,N,,,,,,,,,,N,2,0,2,2,A,-,05,21460,,N,D,C,A,A,H,-,A,D,0,,,,,Y,,A,01,1,0,1,0,0,0,0,0,0,"- ","- ",38.751670837402344,-121.42668151855469,PLACER,UNINCORPORATED,,
94727932,2025,2025-06-16,9220,2025-06-10,1715,020392,,2,2,5,3105,0,1,1,,2,281,"INTERSTATE 80 WESTBOUND","STATE ROUTE 65",1077.00,E,N,A,-,Y,PLA,,80," "," ",4.372,H,,L,Y,2,0,1,1,A,-,03,22350,,N,F,I,A,A,H,-,A,D,0,,,Y,,Y,,C,02,1,0,0,0,0,0,0,0,1,"- ","- ",38.771938323974609,-121.24584197998047,PLACER,ROSEVILLE,-121.24575042724609,38.771854400634766
94737802,2025,2025-07-31,9222,2025-06-17,1405,019294,,2,2,9,3100,0,3,5,,2,010,"RACOON STREET","DOLLY VARDEN AVENUE",0.00,,Y,A,-,N,,,,,,,,,,N,2,0,1,2,A,-,09,21802,A,N,D,G,A,A,H,-,A,A,0,,Y,,,Y,,M,91,1,0,0,0,0,0,1,0,0,"- ","- ",39.241718292236328,-120.02182769775391,PLACER,UNINCORPORATED,-120.02180480957031,39.241710662841797
94752107,2025,2025-07-07,9222,2025-06-01,1200,018315,,7,1,9,3100,0,3,5,,2,010,"SERENE ROAD","ISLAND WAY",96.00,E,N,A,-,N,,,,,,,,,,Y,1,1,0,1,A,-,08,22107,,N,E,8,A,A,H,-,A,D,0,,,Y,,Y,,C,02,0,0,0,0,0,0,0,1,0,"- ","- ",39.297069549560547,-120.38519287109375,PLACER,UNINCORPORATED,-120.38543701171875,39.297355651855469
94755403,2025,2025-07-17,9220,2025-06-29,1004,019465,,7,1,5,3105,0,1,1,,2,281,"I-80 E/B","DOUGLAS BOULEVARD",2245.00,W,N,A,-,Y,PLA,,80," "," ",1.546,H,,R,Y,2,0,2,2,A,-,03,22350,,N,C,C,A,A,H,-,A,D,0,,,Y,,Y,,C,02,2,0,0,0,0,0,0,0,2,"- ","- ",38.738739013671875,-121.27481079101562,PLACER,ROSEVILLE,-121.27488708496094,38.738792419433594
94760611,2025,2025-07-14,9220,2025-06-28,1037,019465,,6,1,9,3100,0,2,4,,2,027,"AUBURN FOLSOM ROAD","SHELBORNE DRIVE",460.00,N,N,A,-,N,,,,,,,,,,N,2,0,1,2,A,-,09,21801,A,N,F,A,A,A,H,-,A,D,0,,Y,,,Y,,A,01,1,0,0,0,0,0,1,0,0,"- ","- ",38.760189056396484,-121.16410064697266,PLACER,UNINCORPORATED,-121.16405487060547,38.7601318359375
94781612,2025,2025-07-29,9220,2025-06-17,"30  ",019040,,2,3,2,3103,0,1,3,,1,265,"SR-65 N/B","LINCOLN BLVD.",130.00,S,N,A,-,Y,PLA,,65," ",R,12.834,H,,R,Y,2,0,1,1,A,-,01,23152,A,N,E,I,A,A,H,-,C,D,0,,,,,Y,Y,A,01,1,0,0,0,0,0,0,0,0,"- ","- ",38.864158630371094,-121.30124664306641,PLACER,LINCOLN,-121.30131530761719,38.8641357421875
9478384,2022,2022-08-02,3105,2022-06-12,0152,1170,,7,5,5,3105,0,0,0,,0,007,"BELLANCA WY","CORIN DR",0.00,,Y,A,-,N,,,,,,,,,,Y,2,0,1,1,A,-,01,23152,A,N,E,I,A,A,H,-,C,D,0,,,Y,,Y,Y,C,02,1,0,0,0,0,0,0,0,1,"- ","- ",38.788459777832031,-121.36821746826172,PLACER,ROSEVILLE,-121.36825561523438,38.788459777832031
9480383,2022,2022-07-26,3104,2022-07-12,0855,283,52,2,5,4,3104,0,0,0,,0,001,"SIERRA COLLEGE BL","NIGHTWATCH DR",0.00,,Y,A,-,N,,,,,,,,,,Y,2,0,2,2,A,-,12,21453,A,N,D,C,A,A,H,-,A,A,0,,,,,Y,,A,01,1,1,0,0,0,0,0,0,0,"- ","- ",38.773891448974609,-121.21037292480469,PLACER,ROCKLIN,-121.21042633056641,38.773944854736328
9485924,2022,2022-09-12,3103,2022-08-19,0918,BSCHN,L3,5,5,2,3103,0,0,0,,0,0L1,"9TH ST","O ST",0.00,,Y,A,-,N,,,,,,,,,,Y,2,0,1,2,A,-,03,22350,,N,C,C,A,A,H,-,A,A,0,,,Y,,Y,,C,02,1,0,0,0,0,0,0,0,1,"- ","- ",38.576229095458984,-121.49672698974609,PLACER,LINCOLN,-121.30295562744141,38.897289276123047
9486460,2022,2022-09-19,3105,2022-07-29,2252,1059,,5,5,5,3105,0,0,0,,0,003,"HARDING BL","ESTATES DR",87.00,S,N,A,-,N,,,,,,,,,,Y,2,0,1,2,A,-,11,21955,,N,G,B,D,A,H,-,C,A,0,Y,,,,Y,Y,N,60,1,0,0,0,1,0,0,0,0,"- ","- ",38.746429443359375,-121.27169036865234,PLACER,ROSEVILLE,-121.27208709716797,38.746738433837891
9487943,2022,2022-10-06,3101,2022-08-19,1937,A798,AU15,5,5,3,3101,0,0,0,,0,0A1,"AUBURN RAVINE RD","OAK TREE DR",0.00,,Y,A,-,N,,,,,,,,,,Y,2,0,1,1,A,-,01,23152,A,N,E,J,A,A,H,-,B,D,0,,,,,Y,Y,D,22,1,0,0,0,0,0,0,0,0,"- ","- ",38.919670104980469,-121.06376647949219,PLACER,AUBURN,-121.06552886962891,38.918186187744141
9504762,2022,2022-11-22,3104,2022-10-12,1903,298,7,3,5,4,3104,0,0,0,,0,004,"WILDCAT BL",BRIDLEWOOD,0.00,,Y,A,-,N,,,,,,,,,,N,2,0,1,2,A,-,11,21950,B,N,G,B,B,A,H,-,C,A,0,Y,,,,Y,,N,60,1,0,0,0,1,0,0,0,0,"- ","- ",38.8272705078125,-121.28627014160156,PLACER,ROCKLIN,-121.28569030761719,38.826377868652344
9505205,2022,2022-10-11,3105,2022-04-27,1455,178,,3,5,5,3105,0,0,0,,0,003,"SUNRISE AV","COLOMA WY",46.00,S,N,A,-,N,,,,,,,,,,Y,2,0,7,5,A,-,00,21353,F,N,C,C,A,A,H,-,A,A,0,,,,,Y,Y,A,01,1,2,4,0,0,0,0,0,0,"- ","- ",,,PLACER,ROSEVILLE,-121.27201080322266,38.736644744873047