CASE_ID,ACCIDENT_YEAR,PROC_DATE,JURIS,COLLISION_DATE,COLLISION_TIME,OFFICER_ID,REPORTING_DISTRICT,DAY_OF_WEEK,CHP_SHIFT,POPULATION,CNTY_CITY_LOC,SPECIAL_COND,BEAT_TYPE,CHP_BEAT_TYPE,CITY_DIVISION_LAPD,CHP_BEAT_CLASS,BEAT_NUMBER,PRIMARY_RD,SECONDARY_RD,DISTANCE,DIRECTION,INTERSECTION,WEATHER_1,WEATHER_2,STATE_HWY_IND,CALTRANS_COUNTY,CALTRANS_DISTRICT,STATE_ROUTE,ROUTE_SUFFIX,POSTMILE_PREFIX,POSTMILE,LOCATION_TYPE,RAMP_INTERSECTION,SIDE_OF_HWY,TOW_AWAY,COLLISION_SEVERITY,NUMBER_KILLED,NUMBER_INJURED,PARTY_COUNT,PRIMARY_COLL_FACTOR,PCF_CODE_OF_VIOL,PCF_VIOL_CATEGORY,PCF_VIOLATION,PCF_VIOL_SUBSECTION,HIT_AND_RUN,TYPE_OF_COLLISION,MVIW,PED_ACTION,ROAD_SURFACE,ROAD_COND_1,ROAD_COND_2,LIGHTING,CONTROL_DEVICE,CHP_ROAD_TYPE,PEDESTRIAN_ACCIDENT,BICYCLE_ACCIDENT,MOTORCYCLE_ACCIDENT,TRUCK_ACCIDENT,NOT_PRIVATE_PROPERTY,ALCOHOL_INVOLVED,STWD_VEHTYPE_AT_FAULT,CHP_VEHTYPE_AT_FAULT,COUNT_SEVERE_INJ,COUNT_VISIBLE_INJ,COUNT_COMPLAINT_PAIN,COUNT_PED_KILLED,COUNT_PED_INJURED,COUNT_BICYCLIST_KILLED,COUNT_BICYCLIST_INJURED,COUNT_MC_KILLED,COUNT_MC_INJURED,PRIMARY_RAMP,SECONDARY_RAMP,LATITUDE,LONGITUDE,COUNTY,CITY,POINT_X,POINT_Y
9511140,2022,2023-02-01,3104,2022-12-30,1512,303,25,5,5,4,3104,0,0,0,,0,003,"SUNSET BL","LITTLE ROCK RD",0.00,,Y,C,-,N,,,,,,,,,,Y,2,0,2,1,A,-,01,23153,A,N,E,J,A,B,H,-,A,D,0,,,,,Y,Y,A,01,1,0,1,0,0,0,0,0,0,"- ","- ",38.801239013671875,-121.26985931396484,PLACER,ROCKLIN,-121.27004241943359,38.801132202148438
9520736,2023,2023-07-18,3103,2023-02-23,"435 ",BSCHN,L1,4,5,2,3103,0,0,0,,0,0L1,"NICOLAUS RD","JOINER PKWY",950.00,W,N,A,-,N,,,,,,,,,,Y,1,1,0,1,A,-,08,22107,,N,E,I,A,A,H,-,C,D,0,,,,,Y,,D,22,0,0,0,0,0,0,0,0,0,"- ","- ",38.897209167480469,-121.31301116943359,PLACER,LINCOLN,-121.31636047363281,38.897201538085938
9528570,2022,2022-11-29,3105,2022-10-26,0838,3062,,3,5,5,3105,0,0,0,,0,002,"DOUGLAS BL","EUREKA RD",786.00,W,N,A,-,N,,,,,,,,,,Y,2,0,2,2,A,-,09,21804,A,N,D,C,A,A,H,-,A,D,0,,,,,Y,,A,08,1,0,1,0,0,0,0,0,0,"- ","- ",,,PLACER,ROSEVILLE,-121.24985504150391,38.744190216064453
9537186,2022,2023-01-04,3105,2022-11-19,2230,1158,,6,5,5,3105,0,0,0,,0,005,"ROSEVILLE PW","PLEASANT GROVE BL",150.00,S,N,A,-,N,,,,,,,,,,Y,2,0,6,5,A,-,01,23153,A,N,C,C,A,A,H,-,C,A,0,,,,,Y,Y,A,07,1,0,5,0,0,0,0,0,0,"- ","- ",38.77825927734375,-121.28826141357422,PLACER,ROSEVILLE,-121.28781890869141,38.778057098388672
9551705,2023,2023-03-03,3105,2023-01-27,1602,1107,,5,5,5,3105,0,0,0,,0,006,"COUNTRY CLUB DR","MCANALLY DR",0.00,,Y,A,-,N,,,,,,,,,,Y,2,0,1,2,A,-,09,21800,C,N,D,C,A,A,H,-,A,A,0,,,,,Y,,A,01,1,0,0,0,0,0,0,0,0,CO,"- ",38.763698577880859,-121.32261657714844,PLACER,ROSEVILLE,-121.32263946533203,38.763710021972656
9551780,2023,2023-03-03,3103,2023-02-13,1054,JGERO,L4,1,5,2,3103,0,0,0,,0,0L2,"FIDDYMENT RD","MOORE RD",0.00,,Y,A,-,N,,,,,,,,,,Y,2,0,2,2,A,-,05,21650,,N,A,C,A,A,H,-,A,D,0,,,,,Y,,A,08,1,1,0,0,0,0,0,0,0,"- ","- ",38.868099212646484,-121.34931945800781,PLACER,LINCOLN,-121.34934234619141,38.868118286132812
9554704,2023,2023-03-20,3105,2023-02-11,2132,1184,,6,5,5,3105,0,0,0,,0,005,"ROSEVILLE PW","WASHINGTON BL",0.00,,Y,A,-,N,,,,,,,,,,Y,2,0,1,2,A,-,01,23152,A,N,B,C,A,A,H,-,C,A,0,,,,,Y,Y,A,01,1,0,0,0,0,0,0,0,0,"- ","- ",38.787349700927734,-121.30065155029297,PLACER,ROSEVILLE,-121.30066680908203,38.787334442138672
9557550,2023,2023-05-24,3105,2023-04-19,1324,1130,,3,5,5,3105,0,0,0,,0,004,"GALLERIA BL","BERRY ST",1260.00,N,N,A,-,,,,,,,,,,,Y,2,0,4,3,A,-,09,21804,A,N,D,C,A,A,H,-,A,D,0,,,,,Y,,A,07,1,1,2,0,0,0,0,0,0,"- ","- ",38.763118743896484,-121.26648712158203,PLACER,ROSEVILLE,-121.26512145996094,38.759590148925781
9558584,2023,2023-04-05,3105,2023-02-27,1229,1158,,1,5,5,3105,0,0,0,,0,005,"PLEASANT GROVE BL","HALLISSY DR",0.00,,Y,C,-,N,,,,,,,,,,Y,2,0,1,1,A,-,03,22350,,N,E,I,A,B,H,-,A,A,0,,,,,Y,,A,01,1,0,0,0,0,0,0,0,0,"- ","- ",38.777240753173828,-121.29163360595703,PLACER,ROSEVILLE,-121.29360961914062,38.775707244873047
9558586,2023,2023-04-05,3105,2023-02-13,1445,178,,1,5,5,3105,0,0,0,,0,005,"STANFORD RANCH RD","GRAND CANYON DR",38.00,N,N,A,-,N,,,,,,,,,,Y,2,0,1,1,A,-,08,22107,,N,E,I,A,A,H,-,A,A,0,,,,,Y,,A,01,1,0,0,0,0,0,0,0,0,"- ","- ",,,PLACER,ROSEVILLE,-121.26828002929688,38.788078308105469
9578335,2023,2023-05-12,3105,2023-04-18,1533,1192,,2,5,5,3105,0,0,0,,0,005,"PLEASANT GROVE BL","ROSEVILLE PKWY",641.00,W,N,A,-,N,,,,,,,,,,Y,2,0,3,2,A,-,08,22107,,N,D,C,A,A,H,-,A,D,0,,,,Y,Y,,A,01,1,1,1,0,0,0,0,0,0,"- ","- ",,,PLACER,ROSEVILLE,-121.28976440429688,38.776912689208984
9590129,2023,2023-07-05,3105,2023-05-11,1749,1131,,4,5,5,3105,0,0,0,,0,001,"SUNRISE AV","CIRBY WY",10.00,N,N,A,-,N,,,,,,,,,,Y,2,0,1,2,C,-,18,,,N,A,C,A,A,H,-,A,A,0,,,,,Y,,-,"- ",1,0,0,0,0,0,0,0,0,"- ","- ",,,PLACER,ROSEVILLE,-121.27208709716797,38.729537963867188
9593694,2023,2023-10-11,3105,2023-02-19,1415,1056,,7,5,5,3105,0,0,0,,0,004,"CHURCH ST","CEDAR ST",8.00,N,N,A,-,N,,,,,,,,,,Y,2,0,2,3,A,-,01,23152,A,N,B,C,A,A,H,-,A,D,0,,,,,Y,Y,A,01,1,0,1,0,0,0,0,0,0,"- ","- ",,,PLACER,ROSEVILLE,-121.29164886474609,38.747726440429688
9595826,2022,2023-07-19,3100,2022-10-05,1751,169,LO-P,3,5,2,3106,0,0,0,,0,PAUL,"HORSESHOE BAR RD","LIBRARY DR",84.00,S,N,A,-,N,,,,,,,,,,Y,2,0,1,3,A,-,01,23152,B,N,D,C,A,A,H,-,A,D,0,,,,,Y,Y,A,01,1,0,0,0,0,0,0,0,0,"- ","- ",38.820289611816406,-121.19178009033203,PLACER,LOOMIS,-121.19160461425781,38.820213317871094
9595831,2022,2023-07-19,3100,2022-07-28,1422,,LO-P,4,5,2,3106,0,0,0,,0,PAUL,"ROCKLIN RD","POPPY RIDGE CT",0.00,,Y,A,-,N,,,,,,,,,,Y,2,0,2,2,A,-,05,21460,,N,A,C,A,A,H,-,A,D,0,,,Y,,Y,,C,02,1,0,1,0,0,0,0,0,1,"- ","- ",38.788311004638672,-121.19564056396484,PLACER,LOOMIS,-121.19744873046875,38.788570404052734
9598872,2023,2024-02-22,3105,2023-12-31,1720,1216,,7,5,5,3105,0,0,0,,0,006,"JUNCTION BL","WOODCREEK OAKS BL",320.00,W,N,A,-,N,,,,,,,,,,Y,2,0,1,2,A,-,01,23152,A,N,G,B,A,A,H,-,C,D,0,,Y,,,Y,Y,D,22,1,0,0,0,0,0,1,0,0,"- ","- ",38.758430480957031,-121.33470153808594,PLACER,ROSEVILLE,-121.33573150634766,38.758922576904297
9602746,2023,2023-10-09,3105,2023-08-14,2101,1158,,1,5,5,3105,0,0,0,,0,006,"WASHINGTON BL","BLUE OAKS BL",0.00,,Y,A,-,N,,,,,,,,,,Y,2,0,5,3,A,-,12,21453,A,N,A,C,A,A,H,-,A,A,0,,,,Y,Y,,A,01,1,2,2,0,0,0,0,0,0,"- ","- ",,,PLACER,ROSEVILLE,-121.30046081542969,38.795200347900391
9604160,2023,2023-08-25,3101,2023-07-19,1403,A824,AU13,3,5,3,3101,0,0,0,,0,0A2,"ELM AV","RT 80",0.00,,Y,A,-,Y,PLA,3,49,-,R,2.675,I,5,N,Y,2,0,2,2,A,-,12,21455,,N,A,C,A,A,H,-,A,A,0,,,,,Y,,A,01,1,1,0,0,0,0,0,0,0,"- ",WO,38.903350830078125,-121.07137298583984,PLACER,AUBURN,-121.07045745849609,38.903331756591797
9606054,2023,2023-08-18,3103,2023-07-01,1837,JSCHM,L6,6,5,2,3103,0,0,0,,0,0L4,"STOCKMAN LN","SUN CITY DR",0.00,,Y,A,-,N,,,,,,,,,,Y,2,0,2,2,A,-,09,21804,,N,D,C,A,A,H,-,A,D,0,,,,,Y,,A,01,1,1,0,0,0,0,0,0,0,"- ","- ",38.883140563964844,-121.28138732910156,PLACER,LINCOLN,-121.28144073486328,38.883159637451172
9609791,2023,2023-08-28,3104,2023-08-06,1811,323,22,7,5,4,3104,0,0,0,,0,003,"PARK DR","PLEASANT CREEK DR",0.00,,Y,A,-,N,,,,,,,,,,Y,2,0,1,1,A,-,03,22350,,N,E,J,A,A,H,-,A,D,0,,,,,Y,,A,01,1,0,0,0,0,0,0,0,0,"- ","- ",38.837139129638672,-121.22989654541016,PLACER,ROCKLIN,-121.24153900146484,38.838771820068359
9610473,2023,2023-09-01,3104,2023-08-18,"2   ",327,37,5,5,4,3104,0,0,0,,0,002,"FIVE STAR BL","DESTINY DR",0.00,,Y,A,-,N,,,,,,,,,,N,2,0,1,2,A,-,"- ",,,F,B,B,B,A,H,-,D,D,0,Y,,,,Y,Y,-,99,1,0,0,0,1,0,0,0,0,"- ","- ",38.779159545898438,-121.26403045654297,PLACER,ROCKLIN,-121.26399230957031,38.779129028320312
9610623,2023,2023-09-26,3101,2023-08-13,2036,A803,ALPHA,7,5,3,3101,0,0,0,,0,APD,"EDGEWOOD RD","GRASS VALLEY HWY",0.00,W,N,A,-,N,,,,,,,,,,Y,2,0,1,1,A,-,03,22350,,N,H,A,A,A,H,-,D,D,0,,,Y,,Y,,C,02,1,0,0,0,0,0,0,0,1,"- ","- ",38.903961181640625,-121.08287811279297,PLACER,AUBURN,-121.08214569091797,38.920402526855469
9612984,2023,2023-09-05,3105,2023-08-14,1815,1158,,1,5,5,3105,0,0,0,,0,007,"VILLAGE CENTER DR","WOOLSTON AL",0.00,,Y,A,-,N,,,,,,,,,,N,2,0,1,2,A,-,12,22450,A,N,D,C,A,A,H,-,A,D,0,,,,,Y,,M,94,1,0,0,0,0,0,0,0,0,"- ","- ",,,PLACER,ROSEVILLE,-121.37065887451172,38.772972106933594
9619358,2023,2023-12-21,3103,2023-10-19,1503,BSCHN,L8,4,5,2,3103,0,0,0,,0,0L4,"E JOINER PKWY","TWELVE BRIDGES DR",593.00,S,N,A,-,N,,,,,,,,,,Y,2,0,1,1,-,-,"- ",,,N,E,I,A,A,H,-,A,D,0,,,Y,,Y,,-,"- ",1,0,0,0,0,0,0,0,1,"- ","- ",38.849639892578125,-121.28536987304688,PLACER,LINCOLN,-121.28456878662109,38.850017547607422
9624237,2023,2023-11-17,3101,2023-08-22,2010,A739,AU12,2,5,3,3101,0,0,0,,0,0A1,"GRASS VALLEY HWY","FULWEILER AV",609.00,N,N,A,-,Y,PLA,3,49,-,-,3.600,H,-,S,Y,1,1,0,3,A,-,11,21954,A,N,G,B,E,A,H,-,D,D,0,Y,,,,Y,Y,N,60,0,0,0,1,0,0,0,0,0,"- ","- ",38.905609130859375,-121.0765380859375,PLACER,AUBURN,-121.07659149169922,38.905803680419922
9629125,2023,2023-10-23,3105,2023-08-05,"110 ",1201,,6,5,5,3105,0,0,0,,0,004,"CHURCH ST","WASHINGTON BL",165.00,E,N,A,-,N,,,,,,,,,,Y,2,0,2,3,A,-,01,23152,A,N,H,B,E,A,H,-,C,D,0,Y,,,,Y,Y,A,07,2,0,0,0,1,0,0,0,0,CO,"- ",,,PLACER,ROSEVILLE,-121.28643035888672,38.750839233398438
9632841,2023,2023-11-03,3104,2023-09-24,"320 ",310,14,7,5,4,3104,0,0,0,,0,004,"SARATOGA CR","SIGNET CT",170.00,S,N,A,-,N,,,,,,,,,,Y,2,0,1,2,A,-,21,22106,,F,G,B,E,A,H,-,C,D,0,Y,,,,Y,,-,,1,0,0,0,1,0,0,0,0,"- ","- ",38.815818786621094,-121.27664947509766,PLACER,ROCKLIN,-121.27671813964844,38.815559387207031
9636206,2023,2024-06-25,3104,2023-12-22,1732,319,38,5,5,4,3104,0,0,0,,0,003,"STANFORD RANCH RD","PLAZA DR",0.00,,Y,A,-,N,,,,,,,,,,Y,2,0,2,2,A,-,09,21804,,N,D,C,A,A,H,-,C,A,0,,,,,Y,,-,"- ",1,1,0,0,0,0,0,0,0,"- ","- ",38.793849945068359,-121.26822662353516,PLACER,ROCKLIN,-121.26825714111328,38.793880462646484
9640020,2023,2023-12-05,3105,2023-08-26,"727 ",143,,6,5,5,3105,0,0,0,,0,004,"FOOTHILLS BL","UNION ST",126.00,S,N,A,-,N,,,,,,,,,,Y,1,1,0,1,A,-,08,22107,,N,A,I,A,A,H,-,A,-,0,,,,,Y,Y,A,01,0,0,0,0,0,0,0,0,0,"- ","- ",,,PLACER,ROSEVILLE,-121.30918884277344,38.745407104492188
9640702,2023,2024-07-15,3103,2023-12-08,1652,BSCHN,L8,5,5,2,3103,0,0,0,,0,0L4,"TWELVE BRIDGES DR","RIDGECREST DR",85.00,W,N,A,-,N,,,,,,,,,,Y,1,1,1,2,A,-,03,22350,,N,D,C,A,A,H,-,B,D,0,,,,,Y,,A,01,0,1,0,0,0,0,0,0,0,"- ","- ",38.850601196289062,-121.28855133056641,PLACER,LINCOLN,-121.24932098388672,38.850162506103516
9640959,2024,2024-10-04,3101,2024-09-02,1941,A824,AUI3,1,5,3,3101,0,0,0,,0,1941,"RT 49",-121.059461,0.00,W,N,A,-,Y,PLA,3,49,-,-,1.850,H,-,N,Y,1,1,0,1,A,-,03,22350,,N,H,A,A,A,H,-,B,D,0,,,Y,,Y,,C,02,0,0,0,0,0,0,0,1,0,"- ","- ",38.904090881347656,-121.06562805175781,PLACER,AUBURN,-121.05923461914062,38.900390625
9641016,2024,2024-10-16,3105,2024-02-26,2114,1059,,1,5,5,3105,0,0,0,,0,004,"VINEYARD RD","ABRUZZO ST",12.00,W,N,F,-,N,,,,,,,,,,N,1,1,0,2,A,-,11,21954,A,F,G,B,E,A,H,-,C,A,0,Y,,,,Y,,N,60,0,0,0,1,0,0,0,0,0,"- ","- ",,,PLACER,ROSEVILLE,-121.31272125244141,38.743850708007812
9641520,2023,2023-12-08,3103,2023-10-07,2140,TDOMI,L5,6,5,2,3103,0,0,0,,0,0L3,"7TH ST","LINCOLN BL",0.00,,Y,A,-,N,,,,,,,,,,Y,2,0,2,2,A,-,09,21801,,N,D,C,A,A,H,-,C,A,0,,,Y,,Y,,A,07,1,1,0,0,0,0,0,0,2,"- ","- ",38.894458770751953,-121.29295349121094,PLACER,LINCOLN,-121.29298400878906,38.894435882568359
9642321,2023,2024-09-25,3105,2023-11-20,1135,1207,,1,5,5,3105,0,0,0,,0,002,"CIRBY WY","OAK RIDGE DR",70.00,E,N,A,-,N,,,,,,,,,,Y,1,1,0,3,A,-,03,22350,1,N,C,C,A,A,H,-,A,A,0,,,,,Y,,A,01,0,0,0,0,0,0,0,0,0,"- ","- ",,,PLACER,ROSEVILLE,-121.26713562011719,38.729541778564453
9642329,2023,2024-01-19,3105,2023-11-19,1359,1196,,7,5,5,3105,0,0,0,,0,002,"S CIRBY WY","WILDWOOD WY",0.00,,Y,A,-,N,,,,,,,,,,Y,2,0,1,2,A,-,08,22107,1,N,D,C,A,B,H,-,A,D,0,,,,,Y,,-,,1,0,0,0,0,0,0,0,0,"- ","- ",,,PLACER,ROSEVILLE,-121.25096893310547,38.727306365966797
9643977,2023,2023-12-28,3105,2023-11-13,1559,1175,,1,5,5,3105,0,0,0,,0,006,"GALILEE RD","PLEASANT GROVE BL",715.00,N,N,A,-,N,,,,,,,,,,Y,2,0,2,2,A,-,09,21804,A,N,D,C,A,A,H,-,A,D,0,,,,,Y,,A,07,1,1,0,0,0,0,0,0,0,"- ","- ",,,PLACER,ROSEVILLE,-121.30601501464844,38.775455474853516
9659820,2024,2024-09-10,3105,2024-01-16,1235,1142,,2,5,5,3105,0,0,0,,0,003,"CIRBY WY","SUNRISE AV",300.00,W,N,B,-,N,,,,,,,,,,Y,1,1,2,2,A,-,08,22107,,N,D,C,A,A,H,-,A,D,0,,,,,Y,,A,01,0,0,2,0,0,0,0,0,0,"- ","- ",38.730129241943359,-121.27400207519531,PLACER,ROSEVILLE,-121.27313995361328,38.729511260986328
9661012,2024,2024-03-29,3105,2024-01-21,2500,1133,,7,5,5,3105,0,0,0,,0,002,"SUNRISE AV","COLOMA WY",24.00,S,N,B,C,N,,,,,,,,,,N,2,0,1,2,A,-,11,21950,B,N,G,B,D,B,H,-,C,A,0,Y,,,,Y,,N,60,1,0,0,0,1,0,0,0,0,"- ","- ",38.736778259277344,-121.27201080322266,PLACER,ROSEVILLE,-121.27201080322266,38.736705780029297
9663064,2024,2024-03-05,3105,2024-01-25,"750 ",1149,,4,5,5,3105,0,0,0,,0,002,"SIERRA GARDENS DR","LORETTO DR",0.00,,Y,B,-,N,,,,,,,,,,N,2,0,1,2,A,-,10,21950,A,N,G,B,B,B,H,-,A,A,0,Y,,,,Y,,D,22,1,0,0,0,1,0,0,0,0,"- ","- ",,,PLACER,ROSEVILLE,-121.25991821289062,38.738761901855469
9664909,2024,2024-04-27,3105,2024-02-18,1325,1208,,7,5,5,3105,0,0,0,,0,006,"PLEASANT GROVE BL","FOOTHILLS BL",270.00,W,N,B,-,N,,,,,,,,,,N,2,0,1,1,A,-,08,22107,,N,F,A,A,A,H,-,A,A,0,,,Y,,Y,,C,02,1,0,0,0,0,0,0,0,1,"- ","- ",38.772609710693359,-121.31285858154297,PLACER,ROSEVILLE,-121.31382751464844,38.772422790527344
9665791,2024,2024-06-25,3105,2024-03-17,1325,1213,,7,5,5,3105,0,0,0,,0,003,"ATLANTIC ST","EAST ST",0.00,,Y,A,-,N,,,,,,,,,,Y,2,0,1,3,A,-,09,21804,A,N,D,C,A,A,H,-,-,A,0,,,Y,,Y,,A,01,1,0,0,0,0,0,0,0,1,"- ","- ",38.757221221923828,-121.27230072021484,PLACER,ROSEVILLE,-121.27229309082031,38.757221221923828
9686684,2024,2024-09-25,3105,2024-06-07,1157,1089,,5,5,5,3105,0,0,0,,0,006,"BLUE OAKS BL","WOODCREEK OAKS BL",353.00,S,N,A,-,N,,,,,,,,,,Y,2,0,2,2,A,-,09,21804,A,N,D,C,A,A,H,-,A,D,0,,,,,Y,,A,01,1,0,1,0,0,0,0,0,0,"- ","- ",38.795249938964844,-121.32868957519531,PLACER,ROSEVILLE,-121.32872772216797,38.795238494873047
9690881,2024,2024-04-06,3104,2024-03-08,1931,322,22,5,5,4,3104,0,0,0,,0,003,"PARK DR","PARK DR 3555",637.00,,N,A,-,N,,,,,,,,,,Y,2,0,2,1,A,-,01,23153,A,N,E,I,A,A,H,-,C,D,0,,,,,Y,Y,A,01,1,1,0,0,0,0,0,0,0,"- ","- ",38.838268280029297,-121.23280334472656,PLACER,ROCKLIN,-121.60652923583984,39.800338745117188
9694253,2024,2024-06-27,3104,2024-05-17,1737,301,12,5,5,4,3104,0,0,0,,0,004,"LONETREE BL","SUNSET BL",115.00,W,N,A,-,N,,,,,,,,,,N,2,0,2,3,A,-,01,23153,A,N,C,C,A,A,H,-,A,A,0,,,,,Y,Y,A,01,1,1,0,0,0,0,0,0,0,"- ","- ",38.814289093017578,-121.28663635253906,PLACER,ROCKLIN,-121.28710174560547,38.814861297607422
9697497,2024,2024-06-21,3105,2024-04-13,1355,1213,,6,5,5,3105,0,0,0,,0,004,"CHURCH ST","CIRCUIT DR",85.00,S,N,C,-,N,,,,,,,,,,Y,2,0,2,1,A,-,03,22350,,N,E,I,A,B,H,-,A,A,0,,,,,Y,,A,01,2,0,0,0,0,0,0,0,0,"- ","- ",38.749610900878906,-121.28764343261719,PLACER,ROSEVILLE,-121.29859924316406,38.743991851806641
9699909,2024,2024-06-07,3105,2024-04-26,1832,1218,,5,5,5,3105,0,0,0,,0,007,"BOB DOYLE","PADSIDE DR",0.00,,Y,A,-,N,,,,,,,,,,N,2,0,3,2,A,-,09,21804,A,N,D,G,A,A,H,-,A,A,0,,Y,,,Y,,L,04,2,0,1,0,0,0,2,0,0,"- ","- ",38.775581359863281,-121.36779022216797,PLACER,ROSEVILLE,-121.3677978515625,38.77557373046875
9699910,2024,2024-06-11,3105,2024-04-25,2126,1132,,4,5,5,3105,0,0,0,,0,005,"PLEASANT GROVE BL","CHAMBORD WY",0.00,,Y,A,-,N,,,,,,,,,,Y,2,0,1,1,A,-,08,22107,,N,E,I,A,A,H,-,C,A,0,,,Y,,Y,,C,02,1,0,0,0,0,0,0,0,1,"- ","- ",,,PLACER,ROSEVILLE,-121.28720092773438,38.781646728515625
9720847,2024,2024-08-15,3100,2024-05-28,1755,106,LOP,2,5,2,3106,0,0,0,,0,PAUL,"BARTON RD","LA VISTA DR",0.00,,Y,A,-,N,,,,,,,,,,N,2,0,4,5,A,-,08,22107,,N,D,G,A,A,E,-,A,D,0,,Y,,,Y,,A,01,1,3,0,0,0,0,4,0,0,"- ","- ",38.794998168945312,-121.19200134277344,PLACER,LOOMIS,-121.19258880615234,38.796550750732422
9729329,2024,2024-09-06,3104,2024-08-24,2113,301,6,6,5,4,3104,0,0,0,,0,003,"WHITNEY RANCH PKWY","CREEK BANK DR",0.00,,Y,A,-,N,,,,,,,,,,Y,2,0,1,1,A,-,01,23152,A,M,E,I,A,A,H,-,C,D,0,,,,,Y,Y,A,01,1,0,0,0,0,0,0,0,0,"- ","- ",38.833259582519531,-121.26505279541016,PLACER,ROCKLIN,,
9738620,2024,2024-10-02,3105,2024-09-20,1819,1124,,5,5,5,3105,0,0,0,,0,007,"VILLAGE GREEN DR","IVY BRIDGE DR",0.00,,Y,A,-,N,,,,,,,,,,N,2,0,1,2,A,-,09,21804,A,N,G,J,E,A,H,-,A,A,0,Y,,,,Y,,N,60,1,0,0,0,1,0,0,0,0,"- ","- ",,,PLACER,ROSEVILLE,-121.36196899414062,38.776870727539062
9741825,2024,2024-10-11,3105,2024-06-19,2117,1148,,3,5,5,3105,0,0,0,,0,002,"N SUNRISE","SIERRA GARDENS DR",550.00,S,N,A,-,N,,,,,,,,,,Y,2,0,1,2,A,-,11,21954,A,N,G,B,D,A,H,-,C,A,0,Y,,,,Y,Y,N,60,1,0,0,0,1,0,0,0,0,"- ","- ",38.744129180908203,-121.26622772216797,PLACER,ROSEVILLE,-121.26585388183594,38.747005462646484
9752272,2024,2024-12-03,3104,2024-11-01,"512 ",338,9,5,5,4,3104,0,0,0,,0,004,"SUNSET BL","ATHERTON RD",200.00,W,N,A,-,N,,,,,,,,,,Y,2,0,1,2,A,-,03,22350,,N,C,C,A,A,H,-,C,D,0,,,,,Y,,D,73,1,0,0,0,0,0,0,0,0,"- ","- ",38.817371368408203,-121.29672241210938,PLACER,ROCKLIN,-121.29302215576172,38.817142486572266
9755709,2024,2024-11-21,3105,2024-10-28,"549 ",1203,,1,5,5,3105,0,0,0,,0,006,"FOOTHILLS BL","JUNCTION BL",0.00,,Y,A,-,N,,,,,,,,,,Y,2,0,3,3,A,-,09,21453,C,N,D,C,A,A,H,-,C,A,0,,,,,Y,,A,08,1,0,2,0,0,0,0,0,0,"- ","- ",,,PLACER,ROSEVILLE,-121.30995941162109,38.759185791015625
9763246,2024,2025-02-20,3105,2024-10-20,1933,1056,,7,5,5,3105,0,0,0,,0,007,"BLUE OAKS BL","CROCKER RANCH RD",34.00,W,N,A,-,N,,,,,,,,,,Y,1,1,0,2,A,-,09,21804,A,N,D,G,A,A,H,-,C,A,0,,Y,,,Y,Y,L,04,0,0,0,0,0,1,0,0,0,"- ","- ",,,PLACER,ROSEVILLE,-121.34137725830078,38.795333862304688
9779245,2025,2025-02-20,3105,2025-01-26,2500,1228,,7,5,5,3105,0,0,0,,0,006,"FOOTHILL BL","PLEASANT GROVE BL",35.00,N,N,A,-,N,,,,,,,,,,Y,2,0,1,2,A,-,03,22350,,N,C,C,A,A,H,-,B,A,0,,,,,Y,,D,22,1,0,0,0,0,0,0,0,0,"- ","- ",,,PLACER,ROSEVILLE,-121.31288146972656,38.772544860839844
9779625,2025,2025-02-24,3101,2025-01-21,1808,A825,AU06,2,5,3,3101,0,0,0,,0,0A2,"HIGH ST","ELM AV",0.00,,Y,A,-,N,,,,,,,,,,Y,2,0,1,3,A,-,03,22350,,N,E,J,A,A,H,-,A,A,0,,,,Y,Y,,F,76,1,0,0,0,0,0,0,0,0,"- ","- ",38.885650634765625,-121.07769775390625,PLACER,AUBURN,-121.06790161132812,38.902660369873047
9780819,2025,2025-03-26,3105,2025-02-09,1843,1229,,7,5,5,3105,0,0,0,,0,003,"HARDING BL","DOUGLAS BL",170.00,N,N,A,-,N,,,,,,,,,,N,2,0,1,2,A,-,11,21955,,F,G,B,D,A,H,-,C,A,0,Y,,,,Y,,N,60,1,0,0,0,1,0,0,0,0,"- ","- ",,,PLACER,ROSEVILLE,-121.27436065673828,38.744487762451172
9786059,2024,2025-03-19,3105,2024-10-29,1505,1148,,2,5,5,3105,0,0,0,,0,003,"HARDING BL","DOUGLAS BL",310.00,N,N,A,-,N,,,,,,,,,,N,1,1,0,2,A,-,09,21804,A,N,D,C,A,A,H,-,A,A,0,,Y,,,Y,Y,L,04,0,0,0,0,0,1,0,0,0,"- ","- ",,,PLACER,ROSEVILLE,-121.27435302734375,38.744873046875
9789187,2025,2025-04-01,3104,2025-03-01,2117,341,17,6,5,4,3104,0,0,0,,0,003,"BALFOR RD","TEMS CT",100.00,E,N,A,-,N,,,,,,,,,,Y,2,0,1,2,A,-,08,22107,,N,A,E,A,A,H,-,C,D,0,,Y,,,Y,,L,04,1,0,0,0,0,0,1,0,0,"- ","- ",38.808128356933594,-121.26956939697266,PLACER,ROCKLIN,-121.26956939697266,38.807945251464844
9805839,2025,2025-05-14,3105,2025-04-22,"350 ",1202,,2,5,5,3105,0,0,0,,0,006,"BLUE OAKS BL","FOOTHILL BL",0.00,,Y,A,-,N,,,,,,,,,,Y,2,0,1,2,A,-,12,21453,A,N,D,C,A,A,H,-,C,A,0,,,,,Y,,I,11,1,0,0,0,0,0,0,0,0,"- ","- ",,,PLACER,ROSEVILLE,-121.31382751464844,38.795516967773438
9805984,2025,2025-05-13,3101,2025-04-28,1508,A846,AU01,1,5,3,3101,0,0,0,,0,0A2,"AUBURN FOLSOM RD","SUNRISE RIDGE CIR",40.00,E,N,A,-,N,,,,,,,,,,Y,2,0,1,1,A,-,03,22350,,N,E,J,A,A,H,-,A,D,0,,,,,Y,Y,A,01,1,0,0,0,0,0,0,0,0,"- ","- ",38.8697509765625,-121.09380340576172,PLACER,AUBURN,-121.09373474121094,38.86981201171875